symbol,close,avg_vol_30d,sessions,kind,dollar_vol
A,150.86000061035156,2103766.6666666665,30,stock,317374240.6173706
AA,49.970001220703125,4696150.0,30,stock,234666621.23260498
AACI,10.039999961853027,22150.0,30,stock,222385.99915504456
AACO,9.970000267028809,7490.0,30,stock,74675.30200004578
AACP,10.0600004196167,69456.66666666667,30,stock,698734.0958118439
AADX,12.930000305175781,1446623.3333333333,30,stock,18704840.141474403
AAL,13.130000114440918,59304723.333333336,30,stock,778671024.1535537
AAME,1.3600000143051147,114126.66666666667,30,stock,155212.26829926175
AAMI,93.58000183105469,405213.3333333333,30,stock,37919864.4753011
AAOI,105.52999877929688,10996043.333333334,30,stock,1160412439.5437622
AAON,79.4000015258789,1228690.0,30,stock,97557987.87483215
AAP,44.18000030517578,2125550.0,30,stock,93906799.64866638
AAPG,17.614999771118164,6136.666666666667,30,stock,108097.38192876181
AAPL,319.9700012207031,47699720.0,30,stock,15262479466.627197
AARD,5.380000114440918,124800.0,30,stock,671424.0142822266
AAT,22.040000915527344,430293.3333333333,30,stock,9483665.460611979
AAUC,23.6200008392334,861603.3333333334,30,stock,20351071.456419628
ABAT,2.7799999713897705,3374876.6666666665,30,stock,9382157.036777336
ABBV,256.4599914550781,4910890.0,30,stock,1259446807.4368286
ABCB,86.05000305175781,348873.3333333333,30,stock,30020551.398010254
ABCL,11.430000305175781,8432353.333333334,30,stock,96381801.17335002
ABEO,6.0,1383263.3333333333,30,stock,8299580.0
ABG,217.25999450683594,246980.0,30,stock,53658873.44329834
ABLV,0.9399999976158142,30723.333333333332,30,stock,28879.9332600832
ABM,47.04999923706055,378943.3333333333,30,stock,17829283.54422251
ABNB,181.94000244140625,5167476.666666667,30,stock,940170717.3492432
ABOS,3.180000066757202,360903.3333333333,30,stock,1147672.6240928967
ABR,5.25,3953020.0,30,stock,20753355.0
ABSI,8.819999694824219,2774313.3333333335,30,stock,24469442.753346764
ABT,108.33000183105469,8163083.333333333,30,stock,884306832.447052
ABTC,7.989999771118164,1715276.6666666667,30,stock,13705060.174070995
ABTS,1.5099999904632568,230733.33333333334,30,stock,348407.3311328888
ABUS,5.150000095367432,3373320.0,30,stock,17372598.321704865
ABVC,0.9599999785423279,105940.0,30,stock,101702.39772677422
ABX,9.609999656677246,513970.0,30,stock,4939251.523542404
ACA,145.4499969482422,586933.3333333334,30,stock,85369451.54215495
ACAA,9.970000267028809,39570.0,30,stock,394512.91056632996
ACAD,28.020000457763672,1657956.6666666667,30,stock,46455946.55895233
ACB,3.950000047683716,1689616.6666666667,30,stock,6673985.913900535
ACCL,2.740000009536743,34143.333333333336,30,stock,93552.73365894954
ACCO,4.420000076293945,682813.3333333334,30,stock,3018034.9854278564
ACCS,5.329999923706055,25780.0,30,stock,137407.3980331421
ACDC,5.150000095367432,1809100.0,30,stock,9316865.17252922
ACEL,11.880000114440918,286710.0,30,stock,3406114.8328113556
ACET,9.59000015258789,91786.66666666667,30,stock,880234.1473388672
ACFN,19.030000686645508,60526.666666666664,30,stock,1151822.5082270303
ACGC,10.020000457763672,35550.0,30,stock,356211.01627349854
ACGL,98.0999984741211,2094336.6666666667,30,stock,205454423.80429587
ACH,1.2100000381469727,1690196.6666666667,30,stock,2045138.0311425528
ACHC,28.1299991607666,2148923.3333333335,30,stock,60449211.56321844
ACHR,5.710000038146973,34628493.333333336,30,stock,197728698.25430554
ACHV,8.489999771118164,1291643.3333333333,30,stock,10966051.604366302
ACI,12.550000190734863,7336950.0,30,stock,92078723.89941216
ACIC,9.539999961853027,278426.6666666667,30,stock,2656190.3893788657
ACIU,2.859999895095825,210416.66666666666,30,stock,601791.6445930798
ACIW,52.95000076293945,971880.0,30,stock,51461046.741485596
ACLS,115.08000183105469,374813.3333333333,30,stock,43133519.08630371
ACM,66.58000183105469,2384026.6666666665,30,stock,158728499.83194986
ACMR,74.44000244140625,972503.3333333334,30,stock,72393150.50760905
ACN,186.72000122070312,5858903.333333333,30,stock,1093974437.5519814
ACNB,65.94999694824219,75193.33333333333,30,stock,4959000.10386149
ACNT,15.260000228881836,51376.666666666664,30,stock,784007.945092519
ACOG,9.520000457763672,141830.0,30,stock,1350221.6649246216
ACON,2.3499999046325684,65250.0,30,stock,153337.4937772751
ACP,4.949999809265137,455910.0,30,stock,2256754.4130420685
ACR,14.279999732971191,33033.333333333336,30,stock,471715.9911791484
ACRE,4.570000171661377,418456.6666666667,30,stock,1912347.0384995143
ACRS,6.170000076293945,1923650.0,30,stock,11868920.646762848
ACRV,2.130000114440918,349650.0,30,stock,744754.540014267
ACT,49.27000045776367,352986.6666666667,30,stock,17391653.22825114
ACTG,4.539999961853027,236850.0,30,stock,1075298.9909648895
ACTU,1.4800000190734863,398466.6666666667,30,stock,589730.6742668152
ACU,63.13999938964844,36770.0,30,stock,2321657.777557373
ACV,26.280000686645508,35103.333333333336,30,stock,922515.6241035463
ACVA,6.980000019073486,4157383.3333333335,30,stock,29018535.745962463
ACXP,1.4199999570846558,162623.33333333334,30,stock,230925.126354297
AD,38.5,175386.66666666666,30,stock,6752386.666666666
ADAC,10.09000015258789,13446.666666666666,30,stock,135676.86871846515
ADAM,9.75,843916.6666666666,30,stock,8228187.5
ADBE,266.510009765625,4819813.333333333,30,stock,1284528498.5351562
ADC,72.62000274658203,1489700.0,30,stock,108182018.09158325
ADCT,1.3600000143051147,1519606.6666666667,30,stock,2066665.0884048145
ADEA,26.5,1013805.4,30,stock,26865843.1
ADGM,0.5640000104904175,17087010.0,30,stock,9637073.819249868
ADI,362.25,3856140.0,30,stock,1396886715.0
ADIG,20.649999618530273,1165085.1851851852,27,stock,24059008.629629347
ADIL,7.119999885559082,76670.0,30,stock,545890.3912258148
ADM,84.61000061035156,3921890.0,30,stock,331831115.2937317
ADMA,9.619999885559082,2138346.6666666665,30,stock,20570894.688618977
ADNT,20.010000228881836,947176.6666666666,30,stock,18953005.316791534
ADP,277.6199951171875,2290553.3333333335,30,stock,635903405.2156576
ADPT,24.280000686645508,2212876.6666666665,30,stock,53728646.98612849
ADSE,11.5600004196167,21806.666666666668,30,stock,252085.07581710815
ADSK,217.89999389648438,2093440.0,30,stock,456160563.22265625
ADT,7.460000038146973,7461110.0,30,stock,55659880.88461876
ADTN,7.099999904632568,2209000.0,30,stock,15683899.789333344
ADUR,13.579999923706055,424333.3333333333,30,stock,5762446.634292603
ADUS,118.76000213623047,210120.0,30,stock,24953851.648864746
ADV,31.450000762939453,97976.66666666667,30,stock,3081366.241416931
ADVB,9.335000038146973,240216.66666666666,30,stock,2242422.592496872
ADX,26.1299991607666,281876.6666666667,30,stock,7365437.063439688
AEAQ,10.100000381469727,30853.333333333332,30,stock,311618.6784362793
AEBI,12.949999809265137,423623.3333333333,30,stock,5485922.085866928
AEC,4.21999979019165,43560.0,30,stock,183823.1908607483
AEE,106.47000122070312,1477486.6666666667,30,stock,157308007.2035726
AEF,9.829999923706055,91010.0,30,stock,894628.293056488
AEG,9.140000343322754,4669856.666666667,30,stock,42682491.53660139
AEHL,8.170000076293945,2765122.3333333335,30,stock,22591049.674295425
AEHR,86.26000213623047,2577833.3333333335,30,stock,222363908.84017944
AEI,1.409999966621399,39920.0,30,stock,56287.198667526245
AEIS,280.8999938964844,640743.3333333334,30,stock,179984798.4225464
AEM,204.72999572753906,3334240.0,30,stock,682618940.9545898
AEMD,1.8200000524520874,2175361.3333333335,30,stock,3959157.74076891
AENT,5.130000114440918,17570.0,30,stock,90134.10201072693
AEO,17.389999389648438,4488736.666666667,30,stock,78059127.8936259
AEON,0.2409999966621399,3166033.3333333335,30,stock,763014.022765557
AEP,124.5,3626313.3333333335,30,stock,451476010.0
AER,145.39999389648438,1090556.6666666667,30,stock,158566932.6771037
AERT,7.179999828338623,14623.333333333334,30,stock,104995.53082307181
AES,14.789999961853027,7218186.666666667,30,stock,106756980.52464804
AESI,13.460000038146973,3535080.0,30,stock,47582176.9348526
AESP,9.979999542236328,64646.666666666664,30,stock,645173.7037404377
AEVA,15.6899995803833,1824300.0,30,stock,28623266.234493256
AEXA,11.40999984741211,56786.666666666664,30,stock,647935.858001709
AEYE,7.610000133514404,128356.66666666667,30,stock,976794.2504707973
AFB,10.600000381469727,60970.0,30,stock,646282.0232582092
AFCG,3.569999933242798,100590.0,30,stock,359106.29328489304
AFG,142.72000122070312,341923.3333333333,30,stock,48799298.550720215
AFJK,12.199999809265137,32563.333333333332,30,stock,397272.66045570374
AFL,117.20999908447266,2116766.6666666665,30,stock,248106219.0620422
AFRI,11.029999732971191,18113.333333333332,30,stock,199790.06182988483
AFRM,72.3499984741211,4573416.666666667,30,stock,330886688.85485333
AFYA,14.680000305175781,143866.66666666666,30,stock,2111962.710571289
AG,20.969999313354492,10673213.333333334,30,stock,223817276.271286
AGBK,6.75,303590.0,30,stock,2049232.5
AGCC,14.430000305175781,48576.666666666664,30,stock,700961.3148244221
AGCO,133.39999389648438,1132620.0,30,stock,151091501.08703613
AGD,12.180000305175781,87550.0,30,stock,1066359.0267181396
AGEN,8.239999771118164,1359063.3333333333,30,stock,11198681.555601755
AGI,36.970001220703125,4703046.666666667,30,stock,173871641.00769043
AGIG,1.159999966621399,155246.66666666666,30,stock,180086.12815141678
AGIO,33.099998474121094,1063976.6666666667,30,stock,35217626.043167114
AGL,88.5,321570.0,30,stock,28458945.0
AGM,227.77999877929688,98776.66666666667,30,stock,22499349.012756348
AGMH,0.9240000247955322,63430.0,30,stock,58609.32157278061
AGNC,10.649999618530273,17005503.333333332,30,stock,181108604.01291528
AGNT,4.03000020980835,1428073.3333333333,30,stock,5755135.832955042
AGO,75.69000244140625,368730.0,30,stock,27909174.600219727
AGPU,10.670000076293945,464416.6666666667,30,stock,4955325.868765513
AGRO,11.770000457763672,883243.3333333334,30,stock,10395774.437650045
AGRZ,0.22100000083446503,8619930.0,30,stock,1905004.5371930301
AGX,417.989990234375,328410.0,30,stock,137272092.6928711
AGYS,111.36000061035156,285416.6666666667,30,stock,31784000.17420451
AHCO,6.489999771118164,3766330.0,30,stock,24443480.837955475
AHG,0.8479999899864197,14696.666666666666,30,stock,12462.77318616708
AHMA,1.2899999618530273,40016.666666666664,30,stock,51621.498473485306
AHR,54.720001220703125,2825040.0,30,stock,154586192.24853516
AHRT,6.610000133514404,623780.0,30,stock,4123185.883283615
AHT,3.140000104904175,34173.333333333336,30,stock,107304.27025159201
AI,10.460000038146973,5201526.666666667,30,stock,54407969.13175583
AIAI,4.179999828338623,748950.0,30,stock,3130610.8714342117
AIB,1.2799999713897705,1200480.0,30,stock,1536614.3656539917
AIBZ,4.949999809265137,430123.3333333333,30,stock,2129110.4179604845
AIDX,0.5899999737739563,102656.66666666667,30,stock,60567.43064105511
AIFA,3.1700000762939453,372120.0,30,stock,1179620.428390503
AIFC,0.5600000023841858,972123.3333333334,30,stock,544389.0689843893
AIFF,1.1299999952316284,119590.0,30,stock,135136.69942975044
AIFU,18.760000228881836,35830.0,30,stock,672170.8082008362
AIG,76.20999908447266,3156723.3333333335,30,stock,240573882.34326681
AII,26.0,172950.0,30,stock,4496700.0
AIIA,10.220000267028809,14313.333333333334,30,stock,146282.270488739
AIIO,1.840000033378601,670873.3333333334,30,stock,1234406.9557261467
AIIR,7.300000190734863,10370.0,30,stock,75701.00197792053
AIM,0.23000000417232513,7873823.333333333,30,stock,1810979.3995188177
AIMD,1.600000023841858,151786.66666666666,30,stock,242858.6702855428
AIN,62.43000030517578,314690.0,30,stock,19646096.796035767
AIO,25.959999084472656,72226.66666666667,30,stock,1875004.2005411785
AIOS,12.1899995803833,56556.666666666664,30,stock,689425.7429345448
AIOT,3.0199999809265137,2107113.3333333335,30,stock,6363482.22647667
AIP,21.3700008392334,709463.3333333334,30,stock,15161232.028738659
AIR,126.54000091552734,361906.6666666667,30,stock,45795669.93133545
AIRE,1.5,178290.0,30,stock,267435.0
AIRG,5.25,69120.0,30,stock,362880.0
AIRI,2.609999895095825,23773.333333333332,30,stock,62048.39750607808
AIRJ,4.570000171661377,1602696.6666666667,30,stock,7324324.041787784
AIRO,7.400000095367432,507003.3333333333,30,stock,3751824.7150182724
AIRS,2.7950000762939453,909126.6666666666,30,stock,2541009.1026941934
AIRT,31.75,16473.333333333332,30,stock,523028.3333333333
AISP,2.049999952316284,336140.0,30,stock,689086.9839715958
AIT,325.57000732421875,267970.0,30,stock,87242994.8626709
AIV,2.559999942779541,1002140.0,30,stock,2565478.3426570892
AIXC,0.7089999914169312,2563160.0,30,stock,1817280.4180002213
AIZ,285.739990234375,370256.6666666667,30,stock,105797136.31754558
AJG,262.69000244140625,1382503.3333333333,30,stock,363169804.0085856
AKA,10.960000038146973,3956.6666666666665,30,stock,43365.06681760152
AKAM,105.22000122070312,3284956.6666666665,30,stock,345643144.47662354
AKAN,3.3499999046325684,1822263.3333333333,30,stock,6104581.9928820925
AKBA,0.9750000238418579,7371530.0,30,stock,7187241.925750971
AKO-A,23.399999618530273,850.0,30,stock,19889.999675750732
AKO-B,29.280000686645508,10636.666666666666,30,stock,311441.6073036194
AKR,20.290000915527344,1462116.6666666667,30,stock,29666348.505274456
AKTS,27.049999237060547,268013.3333333333,30,stock,7249760.46218872
AKTX,11.470000267028809,63843.333333333336,30,stock,732283.0503813426
ALAB,310.3999938964844,4188966.6666666665,30,stock,1300255227.7659097
ALB,126.27999877929688,2245240.0,30,stock,283528904.4592285
ALC,70.5,1802300.0,30,stock,127062150.0
ALCO,40.43000030517578,20096.666666666668,30,stock,812508.2394663494
ALDF,10.805000305175781,41606.666666666664,30,stock,449560.0460306803
ALDX,1.4800000190734863,737623.3333333334,30,stock,1091682.547402382
ALEC,2.4600000381469727,1316443.3333333333,30,stock,3238450.6502183275
ALF,10.890000343322754,650.0,30,stock,7078.50022315979
ALG,173.55999755859375,151516.66666666666,30,stock,26297232.29675293
ALGM,36.61000061035156,2258756.6666666665,30,stock,82693082.94530232
ALGN,158.63999938964844,916060.0,30,stock,145323757.84088135
ALGS,6.210000038146973,120120.0,30,stock,745945.2045822144
ALGT,78.16000366210938,529123.3333333334,30,stock,41356281.671040855
ALH,22.729999542236328,1551826.6666666667,30,stock,35273019.42296346
ALHC,13.539999961853027,5371320.0,30,stock,72727672.5951004
ALIS,10.300000190734863,35400.0,30,stock,364620.00675201416
ALIT,14.920000076293945,534910.0,30,stock,7980857.240810394
ALK,42.040000915527344,2342700.0,30,stock,98487110.14480591
ALKS,46.099998474121094,1530283.3333333333,30,stock,70546059.3316396
ALKT,19.690000534057617,1268503.3333333333,30,stock,24976831.3107872
ALL,259.57000732421875,1630366.6666666667,30,stock,423194287.6078288
ALLE,157.1199951171875,1347316.6666666667,30,stock,211690388.08797202
ALLO,1.9700000286102295,5576836.666666667,30,stock,10986368.39288791
ALLR,1.4199999570846558,76106.66666666667,30,stock,108071.46340052287
ALLT,7.639999866485596,240393.33333333334,30,stock,1836605.034570694
ALLY,43.72999954223633,2816320.0,30,stock,123157672.31079102
ALM,17.56999969482422,7046170.0,30,stock,123801204.74967957
ALMR,30.799999237060547,311226.6666666667,30,stock,9585781.09588623
ALMS,11.100000381469727,2413236.6666666665,30,stock,26786927.92057673
ALMU,12.9399995803833,484030.0,30,stock,6263347.996892929
ALNT,94.62000274658203,260476.66666666666,30,stock,24646302.915420532
ALNY,266.1099853515625,2191266.6666666665,30,stock,583117940.5680338
ALOV,9.979999542236328,49173.333333333336,30,stock,490749.84415690106
ALOY,10.100000381469727,2875160.0,30,stock,29039117.0967865
ALP,0.0989999994635582,7350593.333333333,30,stock,727708.7360568345
ALPS,0.3799999952316284,65376.666666666664,30,stock,24843.133021593094
ALPX,9.949999809265137,62423.333333333336,30,stock,621112.1547603607
ALRM,56.47999954223633,380220.0,30,stock,21474825.425949097
ALRS,33.790000915527344,177363.33333333334,30,stock,5993107.195714315
ALSN,131.24000549316406,824890.0,30,stock,108258568.1312561
ALT,3.4200000762939453,4969743.333333333,30,stock,16996522.579161324
ALTG,6.099999904632568,177186.66666666666,30,stock,1080838.6497688293
ALTI,3.0,222406.66666666666,30,stock,667220.0
ALTO,4.039999961853027,1882283.3333333333,30,stock,7604424.5948632555
ALUB,10.114999771118164,55126.666666666664,30,stock,557606.2207158406
ALV,125.19999694824219,540793.3333333334,30,stock,67707323.68296306
ALVO,5.320000171661377,1029090.0,30,stock,5474758.976655006
ALX,262.4200134277344,35870.0,30,stock,9413005.881652832
ALXO,2.009999990463257,923520.0,30,stock,1856275.191192627
ALZN,1.659999966621399,87096.66666666667,30,stock,144580.46375950178
AM,22.600000381469727,2397020.0,30,stock,54172652.914390564
AMAL,49.16999816894531,161266.66666666666,30,stock,7929481.704711913
AMAN,10.729999542236328,40210.0,30,stock,431453.28159332275
AMAT,454.7099914550781,7483446.666666667,30,stock,3402797969.854533
AMBA,62.88999938964844,1700826.6666666667,30,stock,106964988.02856445
AMBO,1.9900000095367432,20266.666666666668,30,stock,40330.666859944664
AMBP,5.010000228881836,2384543.3333333335,30,stock,11946562.645778656
AMBQ,57.45000076293945,484080.0,30,stock,27810396.36932373
AMC,2.6500000953674316,26156370.0,30,stock,69314382.99446583
AMCI,3.9000000953674316,133383.33333333334,30,stock,520195.01272042596
AMCR,45.150001525878906,3811130.0,30,stock,172072525.31532288
AMCX,12.479999542236328,718800.0,30,stock,8970623.670959473
AMD,477.57000732421875,22928456.666666668,30,stock,10949943218.233032
AME,237.72000122070312,1364180.0,30,stock,324292871.2652588
AMG,370.2200012207031,263520.0,30,stock,97560374.72167969
AMGN,437.2300109863281,2542273.3333333335,30,stock,1111558197.4635825
AMH,32.470001220703125,2052706.6666666667,30,stock,66651387.97241211
AMIX,4.590000152587891,9027776.666666666,30,stock,41437496.277529396
AMKR,47.77000045776367,5525826.666666667,30,stock,263968742.3961894
AMLX,34.099998474121094,3341453.3333333335,30,stock,113943553.56801352
AMN,33.79999923706055,686376.6666666666,30,stock,23199530.809669495
AMOD,2.1700000762939453,203303.33333333334,30,stock,441168.2488441467
AMP,560.5599975585938,418000.0,30,stock,234314078.9794922
AMPG,3.369999885559082,2251656.6666666665,30,stock,7588082.70898501
AMPH,23.18000030517578,434506.6666666667,30,stock,10071864.665934246
AMPL,13.020000457763672,2084750.0,30,stock,27143445.954322815
AMPX,9.890000343322754,5577290.0,30,stock,55159400.01481056
AMPY,4.900000095367432,834476.6666666666,30,stock,4088935.746248563
AMR,225.41000366210938,362956.6666666667,30,stock,81814063.56252035
AMRC,23.149999618530273,796096.6666666666,30,stock,18429637.529646553
AMRN,13.630000114440918,73240.0,30,stock,998261.2083816528
AMRX,17.440000534057617,1774136.6666666667,30,stock,30940944.414157867
AMRZ,43.81999969482422,3891556.6666666665,30,stock,170528011.9457245
AMS,1.4299999475479126,15640.0,30,stock,22365.199179649353
AMSC,29.549999237060547,723096.6666666666,30,stock,21367505.948321022
AMSF,25.989999771118164,387720.0,30,stock,10076842.711257935
AMSS,0.800000011920929,312683.3333333333,30,stock,250146.67039414245
AMST,1.0700000524520874,105406.66666666667,30,stock,112785.13886213303
AMT,175.85000610351562,2502656.6666666665,30,stock,440092190.1083374
AMTB,29.68000030517578,377376.6666666667,30,stock,11200539.581832886
AMTM,20.059999465942383,2265400.0,30,stock,45443922.790145874
AMTX,1.8300000429153442,800220.0,30,stock,1464402.6343417168
AMWL,12.989999771118164,109953.33333333333,30,stock,1428293.7748336792
AMZE,0.17399999499320984,8262040.0,30,stock,1437594.9186336994
AMZN,258.510009765625,42651336.666666664,30,stock,11025797458.216959
AN,212.36000061035156,422556.6666666667,30,stock,89734133.99124146
ANAB,56.79999923706055,438093.3333333333,30,stock,24883700.999094643
ANDE,69.30999755859375,382000.0,30,stock,26476419.067382812
ANDG,56.2599983215332,533143.3333333334,30,stock,29994643.03846995
ANET,193.77999877929688,7011026.666666667,30,stock,1358596738.9082847
ANF,149.6699981689453,1887616.6666666667,30,stock,282519583.04367065
ANGH,3.5199999809265137,41506.666666666664,30,stock,146103.4658749898
ANGI,4.900000095367432,852640.0,30,stock,4177936.081314087
ANGO,15.199999809265137,404470.0,30,stock,6147943.92285347
ANGX,4.579999923706055,1394760.0,30,stock,6388000.693588257
ANIK,20.809999465942383,125250.0,30,stock,2606452.4331092834
ANIP,71.2300033569336,382660.0,30,stock,27256873.08456421
ANIX,3.069999933242798,250886.66666666666,30,stock,770222.0499181747
ANNA,3.0,215930.0,30,stock,647790.0
ANNX,4.869999885559082,2435706.6666666665,30,stock,11861891.18792216
ANPA,3.9700000286102295,189640.0,30,stock,752870.8054256439
ANRO,35.54999923706055,441813.3333333333,30,stock,15706463.662923176
ANTA,3.759999990463257,5640.0,30,stock,21206.39994621277
ANTX,5.889999866485596,214966.66666666666,30,stock,1266153.6379655201
ANVS,1.3899999856948853,808023.3333333334,30,stock,1123152.421774467
ANY,2.319999933242798,487950.0,30,stock,1132043.9674258232
AOD,10.710000038146973,431490.0,30,stock,4621257.916460037
AOMR,8.3100004196167,131840.0,30,stock,1095590.4553222656
AON,323.0899963378906,1230386.6666666667,30,stock,397525623.6275228
AORT,25.56999969482422,698946.6666666666,30,stock,17872066.05336507
AOS,60.47999954223633,1499730.0,30,stock,90703669.71347809
AOSL,25.200000762939453,591036.6666666666,30,stock,14894124.45092519
AOUT,14.479999542236328,201183.33333333334,30,stock,2913134.5745722456
AP,8.680000305175781,94646.66666666667,30,stock,821533.0955505371
APA,42.77000045776367,5527896.666666667,30,stock,236428142.96380362
APAC,10.260000228881836,12770.0,30,stock,131020.20292282104
APAM,41.56999969482422,851553.3333333334,30,stock,35399071.80679321
APC,18.989999771118164,162683.33333333334,30,stock,3089356.46276474
APD,301.2699890136719,1010153.3333333334,30,stock,304328883.6354574
APEI,45.36000061035156,300990.0,30,stock,13652906.583709717
APG,40.040000915527344,2780190.0,30,stock,111318810.14533997
APH,82.77999877929688,12825043.333333334,30,stock,1061657071.4777629
APLD,26.3700008392334,17882880.0,30,stock,471571560.60791016
APLE,15.600000381469727,2803756.6666666665,30,stock,43738605.06954829
APLM,27.4950008392334,22183.333333333332,30,stock,609930.7686169941
APMC,9.970000267028809,52603.333333333336,30,stock,524455.2473799388
APMD,27.450000762939453,496515.3846153846,26,stock,13629347.686503485
APO,133.6699981689453,3325016.6666666665,30,stock,444454971.74504596
APOG,39.970001220703125,178433.33333333334,30,stock,7131980.551147461
APP,320.55999755859375,6356243.333333333,30,stock,2037557347.4151611
APPF,214.27999877929688,404486.6666666667,30,stock,86673402.4395752
APPN,38.369998931884766,867900.0,30,stock,33301322.072982788
APPS,10.710000038146973,3678600.0,30,stock,39397806.14032745
APRE,0.7940000295639038,385076.6666666667,30,stock,305750.88471770287
APT,5.360000133514404,37303.333333333336,30,stock,199945.871647199
APTV,47.95000076293945,4963013.333333333,30,stock,237976493.119812
APUR,10.010000228881836,43583.333333333336,30,stock,436269.17664210004
APUS,2.4200000762939453,134556.66666666666,30,stock,325627.14359919226
APVO,1.7400000095367432,137736.66666666666,30,stock,239661.8013135592
APWC,1.3700000047683716,10483.333333333334,30,stock,14362.166716655096
APXT,10.130000114440918,201850.0,30,stock,2044740.5230998993
APYX,3.049999952316284,134403.33333333334,30,stock,409930.1602578164
AQB,1.149999976158142,990333.3333333334,30,stock,1138883.3097219467
AQMS,3.0,31510.0,30,stock,94530.0
AQN,5.670000076293945,3610093.3333333335,30,stock,20469229.475428265
AQST,5.340000152587891,3299243.3333333335,30,stock,17617959.903424583
AR,39.40999984741211,3931166.6666666665,30,stock,154927277.7334849
ARAI,0.23899999260902405,538983.3333333334,30,stock,128817.01268305382
ARAY,0.27000001072883606,1091883.3333333333,30,stock,294808.5117146373
ARBB,4.409999847412109,8756.666666666666,30,stock,38616.8986638387
ARBE,0.6359999775886536,984293.3333333334,30,stock,626010.5379406612
ARCB,141.1199951171875,332070.0,30,stock,46861716.77856445
ARCC,20.040000915527344,4150116.6666666665,30,stock,83168341.79954529
ARCI,10.100000381469727,30093.333333333332,30,stock,303942.6781463623
ARCL,10.010000228881836,14263.333333333334,30,stock,142775.9699312846
ARCO,8.170000076293945,1076086.6666666667,30,stock,8791628.148765564
ARCT,15.819999694824219,1187713.3333333333,30,stock,18789624.570871986
ARDC,12.300000190734863,87116.66666666667,30,stock,1071535.0166161857
ARDT,10.90999984741211,416483.3333333333,30,stock,4543833.103116353
ARDX,3.7799999713897705,4492373.333333333,30,stock,16981171.071472168
ARE,52.650001525878906,2058846.6666666667,30,stock,108398280.1415507
AREC,2.430000066757202,2187300.0,30,stock,5315139.146018028
ARES,140.14999389648438,2254326.6666666665,30,stock,315943868.57401526
ARHS,8.729999542236328,1444256.6666666667,30,stock,12608360.038871765
ARI,6.880000114440918,3016376.6666666665,30,stock,20752671.81186358
ARIS,20.049999237060547,1554136.6666666667,30,stock,31160438.98095449
ARKO,4.889999866485596,1092326.6666666667,30,stock,5341477.254158656
ARKR,5.320000171661377,7203.333333333333,30,stock,38321.73456986745
ARL,15.600000381469727,7456.666666666667,30,stock,116324.0028444926
ARLO,13.970000267028809,1343670.0,30,stock,18771070.2587986
ARMK,56.779998779296875,2488570.0,30,stock,141301001.56219482
ARMP,5.840000152587891,99416.66666666667,30,stock,580593.3485031128
AROC,32.689998626708984,1821316.6666666667,30,stock,59538839.33213552
AROW,39.56999969482422,90763.33333333333,30,stock,3591505.0723012285
ARQ,2.299999952316284,250546.66666666666,30,stock,576257.3213863373
ARQQ,21.3700008392334,281660.0,30,stock,6019074.436378479
ARQT,23.899999618530273,1673180.0,30,stock,39989001.36173248
ARR,16.350000381469727,3235576.6666666665,30,stock,52901679.734274544
ARRY,4.599999904632568,6758953.333333333,30,stock,31091184.688749313
ARTC,9.970000267028809,2350.0,30,stock,23429.5006275177
ARTL,6.039999961853027,77062.6,30,stock,465458.1010602951
ARTNA,36.189998626708984,30250.0,30,stock,1094747.4584579468
ARTV,11.1899995803833,309400.0,30,stock,3462185.8701705933
ARTW,3.319999933242798,1148590.0,30,stock,3813318.723323345
ARVN,9.390000343322754,794026.6666666666,30,stock,7455910.672607422
ARW,215.97000122070312,576333.3333333334,30,stock,124470710.7035319
ARWR,86.33999633789062,1261016.6666666667,30,stock,108876174.38201904
ARX,19.8799991607666,5791523.333333333,30,stock,115135479.00622685
ARXS,53.619998931884766,693196.6666666666,30,stock,37169204.52625275
AS,29.530000686645508,6694626.666666667,30,stock,197692330.063502
ASA,63.09000015258789,48976.666666666664,30,stock,3089937.907473246
ASAN,8.8100004196167,5474456.666666667,30,stock,48229965.530506775
ASB,31.06999969482422,1559106.6666666667,30,stock,48441443.65753174
ASBP,8.869999885559082,31060.0,30,stock,275502.1964454651
ASC,18.170000076293945,627453.3333333334,30,stock,11400827.114537558
ASG,5.119999885559082,226810.0,30,stock,1161267.1740436554
ASGI,22.15999984741211,184680.0,30,stock,4092508.7718200684
ASH,72.93000030517578,721023.3333333334,30,stock,52584231.920038864
ASIC,27.399999618530273,72596.66666666667,30,stock,1989148.6389732363
ASIX,17.450000762939453,273540.0,30,stock,4773273.208694458
ASLE,5.800000190734863,453073.3333333333,30,stock,2627825.4197502136
ASM,7.329999923706055,4211656.666666667,30,stock,30871443.045342766
ASMB,36.599998474121094,242716.66666666666,30,stock,8883429.629643757
ASML,1714.8800048828125,1405083.3333333333,30,stock,2409549313.527425
ASND,270.55999755859375,536726.6666666666,30,stock,145216765.62296548
ASO,44.939998626708984,1544276.6666666667,30,stock,69399791.27925873
ASPC,10.989999771118164,38520.0,30,stock,423334.7911834717
ASPI,4.199999809265137,3344220.0,30,stock,14045723.362140656
ASPN,4.920000076293945,1398420.0,30,stock,6880226.506690979
ASPS,5.650000095367432,16933.333333333332,30,stock,95673.33494822183
ASR,257.3299865722656,55526.666666666664,30,stock,14288676.387736002
ASRV,5.059999942779541,23663.333333333332,30,stock,119736.46531263986
ASST,27.139999389648438,6814253.333333333,30,stock,184938831.30757648
ASTC,7.369999885559082,225150.0,30,stock,1659355.4742336273
ASTE,44.220001220703125,277150.0,30,stock,12255573.338317871
ASTH,38.470001220703125,451740.0,30,stock,17378438.35144043
ASTI,3.130000114440918,326080.0,30,stock,1020630.4373168945
ASTL,4.710000038146973,1341570.0,30,stock,6318794.751176834
ASTS,62.310001373291016,11065353.333333334,30,stock,689482181.3959503
ASUR,9.279999732971191,114040.0,30,stock,1058291.1695480347
ASYS,14.949999809265137,437363.3333333333,30,stock,6538581.749912897
ATAI,7.389999866485596,8447550.0,30,stock,62427393.372130394
ATCH,0.1899999976158142,1233233.3333333333,30,stock,234314.3303930759
ATCX,3.1449999809265137,10443.333333333334,30,stock,32844.28313414256
ATEC,9.449999809265137,2018533.3333333333,30,stock,19075139.61499532
ATEN,24.59000015258789,1408200.0,30,stock,34627638.21487427
ATER,0.6259999871253967,1973480.0,30,stock,1235398.454592228
ATEX,86.2699966430664,325356.6666666667,30,stock,28068518.54113261
ATGL,6.199999809265137,31876.666666666668,30,stock,197635.32725334167
ATHR,3.0399999618530273,13263.333333333334,30,stock,40320.53282737732
ATI,210.64999389648438,1852280.0,30,stock,390182770.6945801
ATII,10.649999618530273,150930.0,30,stock,1607404.4424247742
ATKR,93.76000213623047,1201530.0,30,stock,112655455.366745
ATLC,93.12999725341797,152013.33333333334,30,stock,14157001.315816244
ATLO,32.439998626708984,33820.0,30,stock,1097120.7535552979
ATLX,3.3299999237060547,186480.0,30,stock,620978.3857727051
ATMU,48.34000015258789,672336.6666666666,30,stock,32500754.5692571
ATNI,30.93000030517578,86673.33333333333,30,stock,2680806.226450602
ATNM,1.0299999713897705,147230.0,30,stock,151646.8957877159
ATO,167.55999755859375,982350.0,30,stock,164602563.60168457
ATOM,4.039999961853027,530963.3333333334,30,stock,2145091.846412023
ATOS,2.5199999809265137,56106.666666666664,30,stock,141388.79892985025
ATPC,2.390000104904175,246166.66666666666,30,stock,588338.3591572443
ATR,127.41000366210938,447073.3333333333,30,stock,56961615.037231445
ATRA,9.760000228881836,50626.666666666664,30,stock,494116.27825419104
ATRC,51.52000045776367,807720.0,30,stock,41613734.76974487
ATRO,76.26000213623047,634820.0,30,stock,48411374.556121826
ATS,19.649999618530273,275906.6666666667,30,stock,5421565.89474996
ATTO,25.549999237060547,463569.5652173913,23,stock,11844202.037628837
ATXG,3.6500000953674316,26310.0,30,stock,96031.50250911713
ATYR,0.4970000088214874,623196.6666666666,30,stock,309728.7488308549
AU,109.06999969482422,2949600.0,30,stock,321712871.0998535
AUB,40.90999984741211,873340.0,30,stock,35728339.26673889
AUBN,26.540000915527344,1423.3333333333333,30,stock,37775.26796976725
AUC,6.21999979019165,3913.3333333333335,30,stock,24340.932512283325
AUDC,10.149999618530273,116940.0,30,stock,1186940.9553909302
AUGO,84.91000366210938,935743.3333333334,30,stock,79453969.86012778
AUID,0.4050000011920929,514063.3333333333,30,stock,208195.65061281124
AUNA,5.28000020980835,183580.0,30,stock,969302.4385166168
AUPH,16.079999923706055,1111506.6666666667,30,stock,17873027.115198772
AUR,6.340000152587891,29580403.333333332,30,stock,187539761.64694467
AURA,7.559999942779541,706900.0,30,stock,5344163.959550858
AURE,1.472000002861023,16360.0,30,stock,24081.920046806335
AUST,1.2300000190734863,135023.33333333334,30,stock,166078.70257536572
AUUD,1.0,6077600.0,30,stock,6077600.0
AVA,37.54999923706055,689393.3333333334,30,stock,25886719.140701294
AVAH,13.579999923706055,3122720.0,30,stock,42406537.36175537
AVAT,0.746999979019165,429370.0,30,stock,320739.3809914589
AVAV,144.64999389648438,1229423.3333333333,30,stock,177836077.66286212
AVBC,22.09000015258789,164493.33333333334,30,stock,3633657.7584330244
AVBH,31.920000076293945,78003.33333333333,30,stock,2489866.405951182
AVBP,30.950000762939453,422666.6666666667,30,stock,13081533.65580241
AVD,2.3299999237060547,284936.6666666667,30,stock,663902.4115943909
AVEX,16.469999313354492,1340990.0,30,stock,22086104.37921524
AVGO,357.8999938964844,22188420.0,30,stock,7941235382.572632
AVIR,5.829999923706055,314406.6666666667,30,stock,1832990.8426793418
AVK,12.399999618530273,135943.33333333334,30,stock,1685697.2814750674
AVLN,37.38999938964844,177256.66666666666,30,stock,6627626.658477783
AVNT,43.400001525878906,830583.3333333334,30,stock,36047317.934036255
AVNW,19.780000686645508,171223.33333333334,30,stock,3386797.650903066
AVO,12.680000305175781,629200.0,30,stock,7978256.192016602
AVPT,13.430000305175781,1857146.6666666667,30,stock,24941480.30008952
AVR,9.039999961853027,812936.6666666666,30,stock,7348947.435655594
AVT,92.05999755859375,1211733.3333333333,30,stock,111552167.70833333
AVTR,14.970000267028809,9348553.333333334,30,stock,139947845.89633307
AVTX,19.229999542236328,774080.0,30,stock,14885558.045654297
AVX,3.6500000953674316,37793.333333333336,30,stock,137945.6702709198
AVXL,2.859999895095825,881570.0,30,stock,2521290.1075196266
AVY,175.05999755859375,1044993.3333333334,30,stock,182936530.38208008
AWF,10.029999732971191,261836.66666666666,30,stock,2626221.6967487335
AWI,173.3300018310547,458736.6666666667,30,stock,79512827.27330527
AWK,140.6999969482422,2370720.0,30,stock,333560296.7651367
AWP,11.460000038146973,121760.0,30,stock,1395369.6046447754
AWR,88.52999877929688,237993.33333333334,30,stock,21069549.509480797
AWRE,1.2699999809265137,37156.666666666664,30,stock,47188.96595795949
AWX,2.609999895095825,88516.66666666667,30,stock,231028.49071423215
AX,97.94999694824219,296363.3333333333,30,stock,29028787.59557088
AXG,2.240000009536743,183823.33333333334,30,stock,411764.2684197426
AXGN,48.279998779296875,963026.6666666666,30,stock,46494926.291097
AXIL,6.239999771118164,31306.666666666668,30,stock,195353.59283447266
AXIN,10.329999923706055,30266.666666666668,30,stock,312654.6643575033
AXON,515.6699829101562,902536.6666666666,30,stock,465411067.47578937
AXP,326.1600036621094,2461166.6666666665,30,stock,802734129.0130615
AXR,23.139999389648438,11476.666666666666,30,stock,265570.05966186523
AXS,101.13999938964844,680130.0,30,stock,68788347.78488159
AXSM,206.67999267578125,650543.3333333334,30,stock,134454291.36861166
AXTA,35.779998779296875,1576173.3333333333,30,stock,56395479.94262695
AXTI,61.63999938964844,11567730.0,30,stock,713034870.1396179
AYA,28.90999984741211,1007390.0,30,stock,29123644.746284485
AYI,334.04998779296875,241363.33333333334,30,stock,80627418.55367026
AYTU,2.2100000381469727,29660.0,30,stock,65548.60113143921
AZ,6.150000095367432,543923.3333333334,30,stock,3345128.5518725715
AZI,1.2400000095367432,5097743.333333333,30,stock,6321201.781949202
AZIO,1.190000057220459,930883.3333333334,30,stock,1107751.2199322383
AZN,162.6999969482422,3913773.3333333335,30,stock,636770909.3894451
AZO,2983.2900390625,227726.66666666666,30,stock,679374696.2955729
AZTA,31.329999923706055,761303.3333333334,30,stock,23851633.3752505
AZTR,0.18000000715255737,2437253.3333333335,30,stock,438705.6174325943
AZZ,140.02000427246094,226593.33333333334,30,stock,31727599.5014445
B,44.75,11131766.666666666,30,stock,498146558.3333333
BA,212.25,5795786.666666667,30,stock,1230155720.0
BAC,62.68000030517578,28882816.666666668,30,stock,1810374957.4810028
BACC,10.479999542236328,43020.0,30,stock,450849.58030700684
BAER,1.1150000095367432,1480196.6666666667,30,stock,1650419.2974495888
BAFN,6.800000190734863,36786.666666666664,30,stock,250149.34034983316
BAH,72.80000305175781,1823053.3333333333,30,stock,132718288.23018391
BAK,1.8899999856948853,2551493.3333333335,30,stock,4822322.363500595
BALL,62.66999816894531,1827900.0,30,stock,114554489.65301514
BALY,9.140000343322754,108776.66666666667,30,stock,994218.7706788381
BAM,50.599998474121094,2400570.0,30,stock,121468838.33702087
BANC,18.920000076293945,3019626.6666666665,30,stock,57131336.76371256
BAND,43.77000045776367,1008783.3333333334,30,stock,44154446.96178436
BANF,112.88999938964844,127210.0,30,stock,14360736.822357178
BANL,9.010000228881836,208826.66666666666,30,stock,1881528.3144632974
BANR,71.1500015258789,309230.0,30,stock,22001714.971847534
BANX,20.799999237060547,41560.0,30,stock,864447.9682922363
BAOS,0.32600000500679016,10289550.0,30,stock,3354393.3515176177
BAP,382.5299987792969,282610.0,30,stock,108106802.95501709
BARK,10.739999771118164,52653.333333333336,30,stock,565496.7879486084
BATL,1.2899999618530273,5140053.333333333,30,stock,6630668.603922525
BATRA,55.86000061035156,74993.33333333333,30,stock,4189127.645772298
BATRK,50.439998626708984,559460.0,30,stock,28219161.63169861
BAX,25.829999923706055,6744336.666666667,30,stock,174206215.58544797
BB,7.699999809265137,10743043.333333334,30,stock,82721431.61759377
BBAI,2.9200000762939453,20944650.0,30,stock,61158379.59794998
BBAR,14.819999694824219,780716.6666666666,30,stock,11570220.76174418
BBCP,10.5,179396.66666666666,30,stock,1883665.0
BBDC,9.020000457763672,791326.6666666666,30,stock,7137766.895573934
BBGI,17.389999389648438,68153.33333333333,30,stock,1185186.425069173
BBIO,74.83999633789062,2035330.0,30,stock,152324089.74639893
BBLG,0.5680000185966492,593283.3333333334,30,stock,336984.9443664154
BBNX,19.420000076293945,1266763.3333333333,30,stock,24600544.029979706
BBOT,8.979999542236328,258293.33333333334,30,stock,2319474.015096029
BBSI,33.90999984741211,259016.66666666666,30,stock,8783255.12714386
BBT,31.889999389648438,778223.3333333334,30,stock,24817541.625010174
BBUC,28.020000457763672,320600.0,30,stock,8983212.146759033
BBVA,29.510000228881836,1618890.0,30,stock,47773444.270534515
BBW,29.43000030517578,696986.6666666666,30,stock,20512317.81270345
BBWI,19.510000228881836,6228040.0,30,stock,121509061.82548523
BBY,90.2699966430664,3923023.3333333335,30,stock,354131303.1306712
BC,74.43000030517578,715370.0,30,stock,53244989.3183136
BCAL,21.899999618530273,168000.0,30,stock,3679199.935913086
BCAT,16.0,598243.3333333334,30,stock,9571893.333333334
BCAX,23.170000076293945,600563.3333333334,30,stock,13915052.47915268
BCBP,8.670000076293945,168386.66666666666,30,stock,1459912.412846883
BCC,79.20999908447266,319336.6666666667,30,stock,25294657.074305218
BCCQ,9.989999771118164,315172.0,25,stock,3148568.207862854
BCDA,1.0800000429153442,223750.0,30,stock,241650.00960230827
BCE,23.670000076293945,3360033.3333333335,30,stock,79531989.2563502
BCG,1.2999999523162842,50996.666666666664,30,stock,66295.6642349561
BCH,42.349998474121094,295896.6666666667,30,stock,12531223.381830852
BCHT,1.190000057220459,64900.0,30,stock,77231.00371360779
BCIC,7.340000152587891,62430.0,30,stock,458236.209526062
BCML,30.799999237060547,57220.0,30,stock,1762375.9563446045
BCO,108.87000274658203,474963.3333333333,30,stock,51709259.40452576
BCPC,171.61000061035156,179970.0,30,stock,30884651.80984497
BCRX,9.960000038146973,3087593.3333333335,30,stock,30752429.71778234
BCS,27.0,3684633.3333333335,30,stock,99485100.0
BCSF,11.819999694824219,393963.3333333333,30,stock,4656646.479771932
BCSS,10.3149995803833,26580.0,30,stock,274172.68884658813
BCTX,3.569999933242798,442126.6666666667,30,stock,1578392.170484861
BCV,24.239999771118164,18663.333333333332,30,stock,452399.19572830194
BCX,13.0600004196167,160543.33333333334,30,stock,2096696.0006999972
BDC,122.27999877929688,438213.3333333333,30,stock,53584725.86507161
BDCI,10.145000457763672,33866.666666666664,30,stock,343577.348836263
BDJ,9.890000343322754,414263.3333333333,30,stock,4097064.508892695
BDL,46.9900016784668,36113.333333333336,30,stock,1696965.5939483643
BDMD,1.090000033378601,46103.333333333336,30,stock,50252.634872198105
BDN,3.119999885559082,1952173.3333333333,30,stock,6090780.576591492
BDRX,0.8479999899864197,716173.3333333334,30,stock,607314.9794952075
BDSX,26.18000030517578,114283.33333333333,30,stock,2991937.701543172
BDTX,2.119999885559082,607146.6666666666,30,stock,1287150.8638509114
BDX,184.74000549316406,1811040.0,30,stock,334571539.54833984
BE,252.8699951171875,15451873.333333334,30,stock,3907315134.3514
BEAG,10.779999732971191,6543.333333333333,30,stock,70537.13158607483
BEAM,29.65999984741211,1586540.0,30,stock,47056776.15791321
BEAT,0.4269999861717224,418150.0,30,stock,178550.04421770573
BEBE,9.979999542236328,3366.6666666666665,30,stock,33599.33179219563
BEEM,1.409999966621399,1735510.0,30,stock,2447069.042071104
BEEP,3.0199999809265137,46976.666666666664,30,stock,141869.53243732452
BELFA,202.4199981689453,157906.66666666666,30,stock,31963467.177530922
BELFB,243.7899932861328,214676.66666666666,30,stock,52336023.12535603
BEN,34.72999954223633,4009490.0,30,stock,139249585.86460114
BENF,2.3299999237060547,14986.666666666666,30,stock,34918.932189941406
BEPC,31.75,1768256.6666666667,30,stock,56142149.16666667
BESS,3.049999952316284,73396.66666666667,30,stock,223859.82983350757
BETA,22.200000762939453,2007930.0,30,stock,44576047.531929016
BETR,14.475000381469727,782760.0,30,stock,11330451.298599243
BF-A,27.1299991607666,128923.33333333333,30,stock,3497689.925136566
BF-B,26.729999542236328,2245406.6666666665,30,stock,60019719.17213439
BFAM,70.25,707360.0,30,stock,49692040.0
BFC,156.22999572753906,75130.0,30,stock,11737559.57901001
BFH,110.87000274658203,474273.3333333333,30,stock,52582685.76929728
BFLY,7.360000133514404,5839603.333333333,30,stock,42979481.31300449
BFRG,0.503000020980835,126283.33333333333,30,stock,63520.51931619644
BFRI,1.6100000143051147,582866.6666666666,30,stock,938415.3416713078
BFS,32.52000045776367,97653.33333333333,30,stock,3175686.4447021484
BFST,31.84000015258789,218810.0,30,stock,6966910.433387756
BG,118.70999908447266,1508470.0,30,stock,179070472.31895447
BGB,11.1899995803833,157546.66666666666,30,stock,1762947.1338907876
BGC,12.170000076293945,2718830.0,30,stock,33088161.307430267
BGDE,6.869999885559082,60550.0,30,stock,415978.4930706024
BGH,14.130000114440918,72040.0,30,stock,1017925.2082443237
BGIN,2.015000104904175,72866.66666666667,30,stock,146826.3409773509
BGL,0.1899999976158142,334580.0,30,stock,63570.19920229912
BGLC,1.4500000476837158,14543.333333333334,30,stock,21087.834026813507
BGM,0.2849999964237213,226856.66666666666,30,stock,64654.14918869734
BGMS,0.8999999761581421,24963.333333333332,30,stock,22466.99940482775
BGR,17.200000762939453,88613.33333333333,30,stock,1524149.4009399414
BGS,3.2899999618530273,2232860.0,30,stock,7346109.314823151
BGSF,5.440000057220459,8673.333333333334,30,stock,47182.93382962545
BGSI,90.47000122070312,59863.333333333336,30,stock,5415835.839742025
BGT,11.029999732971191,125553.33333333333,30,stock,1384853.2331403096
BGX,10.6899995803833,60463.333333333336,30,stock,646353.007961909
BGY,5.909999847412109,191123.33333333334,30,stock,1129538.8708368938
BH,383.75,191393.33333333334,30,stock,73447191.66666667
BHAV,10.029999732971191,2433.3333333333335,30,stock,24406.332683563232
BHB,40.38999938964844,88363.33333333333,30,stock,3568994.9794006348
BHC,6.559999942779541,4742300.0,30,stock,31109487.728643417
BHE,72.63999938964844,358010.0,30,stock,26005846.181488037
BHF,53.58000183105469,966723.3333333334,30,stock,51797037.97012329
BHM,8.850000381469727,3543.3333333333335,30,stock,31358.5013516744
BHR,1.899999976158142,370233.3333333333,30,stock,703443.3245062828
BHRB,72.3499984741211,113003.33333333333,30,stock,8175790.994237264
BHST,1.8200000524520874,68800.0,30,stock,125216.00360870361
BHVN,15.6899995803833,2662170.0,30,stock,41769446.18290901
BIAF,15.270000457763672,4807032.633333334,30,stock,73403390.51148492
BID,10.010000228881836,51156.666666666664,30,stock,512078.2450421651
BIDU,99.47000122070312,2859060.0,30,stock,284390701.6900635
BIIB,220.8300018310547,866190.0,30,stock,191280739.28604126
BIII,10.0600004196167,242403.33333333334,30,stock,2438577.63504982
BILL,49.15999984741211,2364686.6666666665,30,stock,116247996.17251077
BIO,386.1099853515625,272506.6666666667,30,stock,105217545.0748698
BIO-B,365.0799865722656,6.666666666666667,30,stock,2433.8665771484375
BIOA,9.59000015258789,1094856.6666666667,30,stock,10499675.600395203
BIOT,0.4000000059604645,1015703.3333333334,30,stock,406281.339387397
BIOX,0.4339999854564667,370006.6666666667,30,stock,160582.88795212907
BIPC,37.349998474121094,1100846.6666666667,30,stock,41116621.320241295
BIRD,2.5199999809265137,572796.6666666666,30,stock,1443447.5890747705
BIRK,34.0,2757340.0,30,stock,93749560.0
BIT,11.880000114440918,343580.0,30,stock,4081730.4393196106
BIVI,2.0,9471613.333333334,30,stock,18943226.666666668
BIXI,10.100000381469727,23080.0,30,stock,233108.0088043213
BIYA,2.259999990463257,4588293.333333333,30,stock,10369542.889575958
BJ,93.19000244140625,1768343.3333333333,30,stock,164791919.5505778
BJDX,0.8320000171661377,4548653.333333333,30,stock,3784479.6514161425
BJRI,59.88999938964844,511763.3333333333,30,stock,30649505.720977783
BKD,11.770000457763672,5109030.0,30,stock,60133285.43872833
BKE,43.150001525878906,423046.6666666667,30,stock,18254464.312184654
BKH,73.20999908447266,784596.6666666666,30,stock,57440321.24834696
BKHA,11.989999771118164,780.0,30,stock,9352.199821472168
BKKT,8.329999923706055,1348470.0,30,stock,11232754.997119904
BKNG,193.2899932861328,5744603.333333333,30,stock,1110374339.731496
BKR,63.5,7305203.333333333,30,stock,463880411.6666666
BKSY,20.5,949396.6666666666,30,stock,19462631.666666664
BKT,10.229999542236328,120300.0,30,stock,1230668.9449310303
BKTI,73.16000366210938,34370.0,30,stock,2514509.325866699
BKU,46.380001068115234,629533.3333333334,30,stock,29197756.672414146
BKV,26.059999465942383,962583.3333333334,30,stock,25084921.152591705
BKYI,2.809999942779541,154316.66666666666,30,stock,433629.8245032628
BL,32.709999084472656,1099013.3333333333,30,stock,35948725.12715657
BLBD,63.630001068115234,612290.0,30,stock,38960013.35399628
BLCO,18.040000915527344,424250.0,30,stock,7653470.388412476
BLDP,2.3399999141693115,3772946.6666666665,30,stock,8828694.87616539
BLDR,65.79000091552734,2182250.0,30,stock,143570229.49790955
BLFS,35.25,778303.3333333334,30,stock,27435192.5
BLIN,0.9300000071525574,55286.666666666664,30,stock,51416.600395441055
BLIV,2.2300000190734863,1946.6666666666667,30,stock,4341.066703796387
BLK,1122.2900390625,611996.6666666666,30,stock,686837762.9394531
BLKB,47.099998474121094,571983.3333333334,30,stock,26940414.1272227
BLLN,99.38999938964844,757616.6666666666,30,stock,75299520.03758748
BLMN,9.789999961853027,2106100.0,30,stock,20618718.91965866
BLND,1.5399999618530273,2330526.6666666665,30,stock,3589010.977764129
BLNE,1.0750000476837158,401140.0,30,stock,431225.51912784576
BLNK,0.5889999866485596,1373966.6666666667,30,stock,809266.3483222326
BLRK,10.100000381469727,130776.66666666667,30,stock,1320844.3832206726
BLSH,36.0,1664423.3333333333,30,stock,59919240.0
BLSM,22.010000228881836,284909.5238095238,21,stock,6270858.684258234
BLUW,10.369999885559082,54066.666666666664,30,stock,560671.3271458943
BLW,12.550000190734863,122880.0,30,stock,1542144.0234375
BLX,55.63999938964844,160020.0,30,stock,8903512.702331543
BLZE,13.454999923706055,3076270.0,30,stock,41391212.615299225
BLZR,10.220000267028809,55916.666666666664,30,stock,571468.3482646942
BMA,78.56999969482422,314716.6666666667,30,stock,24727288.403956097
BMBL,2.9000000953674316,2690906.6666666665,30,stock,7803629.589958191
BME,45.810001373291016,45783.333333333336,30,stock,2097334.5628738403
BMEA,2.0299999713897705,1441150.0,30,stock,2925534.458768368
BMEZ,16.969999313354492,137083.33333333334,30,stock,2326304.072539012
BMGL,4.78000020980835,14003.333333333334,30,stock,66935.9362713496
BMHL,5.96999979019165,936.6666666666666,30,stock,5591.899803479512
BMI,132.49000549316406,345003.3333333333,30,stock,45709493.52849324
BMM,6.190000057220459,254143.33333333334,30,stock,1573147.2478755317
BMN,25.100000381469727,7516.666666666667,30,stock,188668.3362007141
BMNR,24.969999313354492,40048710.0,30,stock,1000016261.2007332
BMO,175.39999389648438,882480.0,30,stock,154786986.61376953
BMR,1.2400000095367432,49710.0,30,stock,61640.4004740715
BMRA,2.309999942779541,127786.66666666667,30,stock,295187.1926879883
BMRC,27.729999542236328,152240.0,30,stock,4221615.130310059
BMRN,66.52999877929688,2146543.3333333335,30,stock,142809525.3463745
BMY,66.81999969482422,10612180.0,30,stock,709105864.3614197
BN,40.310001373291016,4164996.6666666665,30,stock,167891021.35308582
BNAI,10.569999694824219,114170.0,30,stock,1206776.865158081
BNC,3.490000009536743,260053.33333333334,30,stock,907586.1358133953
BNED,12.720000267028809,214670.0,30,stock,2730602.4573230743
BNGO,1.2000000476837158,155646.66666666666,30,stock,186776.0074218114
BNKK,1.3899999856948853,117440.0,30,stock,163241.59832000732
BNL,20.809999465942383,2245520.0,30,stock,46729270.00076294
BNS,93.81999969482422,2031873.3333333333,30,stock,190630355.5132548
BNT,40.2400016784668,13730.0,30,stock,552495.2230453491
BNTC,12.680000305175781,152776.66666666666,30,stock,1937208.1799570718
BNY,164.83999633789062,2589906.6666666665,30,stock,426920205.4488118
BOBS,17.639999389648438,960006.6666666666,30,stock,16934517.01405843
BOC,13.760000228881836,116953.33333333333,30,stock,1609277.8934351602
BODI,5.744999885559082,57906.666666666664,30,stock,332673.7933731079
BOE,12.460000038146973,96836.66666666667,30,stock,1206584.8703606925
BOF,3.809999942779541,26206.666666666668,30,stock,99847.3985004425
BOH,77.19000244140625,329880.0,30,stock,25463438.005371094
BOKF,136.6999969482422,222790.0,30,stock,30455392.320098877
BOLD,2.869999885559082,195613.33333333334,30,stock,561410.2442804973
BOLT,3.9000000953674316,21586.666666666668,30,stock,84188.00205866496
BON,1.159999966621399,7043.333333333333,30,stock,8170.266431570053
BOOM,6.96999979019165,177083.33333333334,30,stock,1234270.7961797714
BOOT,154.2899932861328,684916.6666666666,30,stock,105675787.90156046
BORR,4.539999961853027,5478520.0,30,stock,24872480.591011047
BOSC,4.639999866485596,40126.666666666664,30,stock,186187.72797584534
BOT,26.799999237060547,415106.6666666667,30,stock,11124858.349965414
BOTJ,27.600000381469727,38116.666666666664,30,stock,1052020.0145403543
BOW,33.650001525878906,421053.3333333333,30,stock,14168445.309143066
BOX,35.189998626708984,3078456.6666666665,30,stock,108330885.87238312
BOXL,6.090000152587891,2660663.3333333335,30,stock,16203440.105985006
BP,43.810001373291016,9020053.333333334,30,stock,395168548.9204916
BPAC,10.1850004196167,14653.333333333334,30,stock,149244.20614878339
BPOP,171.32000732421875,429880.0,30,stock,73647044.74853516
BPRE,11.869999885559082,887410.0,30,stock,10533556.598443985
BPRN,43.529998779296875,26243.333333333332,30,stock,1142372.267964681
BQ,0.8899999856948853,4159390.0,30,stock,3701857.040499449
BR,172.8800048828125,1270586.6666666667,30,stock,219659029.1373698
BRAG,1.340000033378601,22883.333333333332,30,stock,30663.66743048032
BRAI,5.630000114440918,87723.33333333333,30,stock,493882.3767058054
BRBI,10.90999984741211,693.3333333333334,30,stock,7564.266560872396
BRBR,10.390000343322754,3656483.3333333335,30,stock,37990863.08868726
BRBS,3.9600000381469727,977080.0,30,stock,3869236.837272644
BRC,90.20999908447266,185363.33333333334,30,stock,16721626.1302948
BRCB,9.579999923706055,361843.3333333333,30,stock,3466459.1057268777
BRCC,8.75,144548.0,30,stock,1264795.0
BREZ,10.010000228881836,11953.333333333334,30,stock,119652.86940256755
BRFH,1.2400000095367432,27653.333333333332,30,stock,34290.13359705607
BRIA,1.399999976158142,5493.333333333333,30,stock,7690.666535695394
BRID,6.050000190734863,3546.6666666666665,30,stock,21457.334009806313
BRK-A,759350.0,160.0,30,stock,121496000.0
BRK-B,506.0299987792969,4273346.666666667,30,stock,2162441608.5168457
BRKH,10.050000190734863,60796.666666666664,30,stock,611006.5115960438
BRKR,58.5,2279343.3333333335,30,stock,133341585.00000001
BRLS,1.309999942779541,1709830.0,30,stock,2239877.2021627426
BRLT,1.3600000143051147,144946.66666666666,30,stock,197127.46874014536
BRN,0.9599999785423279,46563.333333333336,30,stock,44700.79900085926
BRNX,2.240000009536743,1458039.4,30,stock,3266008.269904947
BRO,71.41999816894531,2047426.6666666667,30,stock,146227208.78438315
BROS,46.58000183105469,4266480.0,30,stock,198732646.2121582
BRR,2.6600000858306885,757426.6666666666,30,stock,2014754.9983437855
BRSL,11.300000190734863,1953753.3333333333,30,stock,22077413.03931554
BRSP,4.679999828338623,1252500.0,30,stock,5861699.784994125
BRT,14.350000381469727,40173.333333333336,30,stock,576487.3486582439
BRTX,0.14800000190734863,447990.0,30,stock,66302.52085447311
BRUN,17.639999389648438,2402323.3333333335,30,stock,42376982.133738205
BRVE,26.739999771118164,490936.36363636365,22,stock,13127638.251269948
BRW,6.519999980926514,220490.0,30,stock,1437594.795794487
BRX,29.149999618530273,2368843.3333333335,30,stock,69051782.26302466
BRZE,31.959999084472656,2389180.0,30,stock,76358190.61264038
BSAA,11.300000190734863,12363.333333333334,30,stock,139705.66902478537
BSAC,35.66999816894531,293323.3333333333,30,stock,10462842.762908936
BSBK,9.175000190734863,10170.0,30,stock,93309.75193977356
BSEM,3.7100000381469727,106700.0,30,stock,395857.004070282
BSET,19.15999984741211,25113.333333333332,30,stock,481171.4628346761
BSIN,1.5399999618530273,1189723.3333333333,30,stock,1832173.8879489896
BSL,12.960000038146973,46986.666666666664,30,stock,608947.201792399
BSP,39.58000183105469,2034583.3333333333,30,stock,80528812.05876668
BSRR,41.08000183105469,59666.666666666664,30,stock,2451106.775919596
BST,50.7599983215332,86033.33333333333,30,stock,4367051.855595906
BSTZ,31.170000076293945,169736.66666666666,30,stock,5290691.91294988
BSVN,57.43000030517578,41556.666666666664,30,stock,2386599.379348755
BSX,47.79999923706055,20495680.0,30,stock,979693488.3630371
BSY,33.709999084472656,2538956.6666666665,30,stock,85588226.90884908
BTAI,0.07400000095367432,11595433.333333334,30,stock,858062.0777249336
BTBD,1.8200000524520874,47753.333333333336,30,stock,86911.06917142868
BTBT,1.6399999856948853,29542950.0,30,stock,48450437.57738471
BTCS,1.440000057220459,1991386.6666666667,30,stock,2867596.913948059
BTCT,1.7599999904632568,19537420.0,30,stock,34385859.01367664
BTDR,12.380000114440918,15006270.0,30,stock,185777624.3173313
BTE,4.860000133514404,14932726.666666666,30,stock,72573053.5937341
BTG,5.610000133514404,29618700.0,30,stock,166160910.9545231
BTGO,7.300000190734863,1561740.0,30,stock,11400702.297878265
BTI,55.349998474121094,4244313.333333333,30,stock,234922736.5236918
BTLN,0.9200000166893005,145286.66666666666,30,stock,133663.73575806618
BTMD,1.5449999570846558,312590.0,30,stock,482951.53658509254
BTO,40.150001525878906,38193.333333333336,30,stock,1533462.391611735
BTOC,0.28999999165534973,158503.33333333334,30,stock,45965.96534401178
BTQ,3.0250000953674316,1889346.6666666667,30,stock,5715273.846848806
BTSG,60.72999954223633,2618220.0,30,stock,159004499.401474
BTT,22.489999771118164,82900.0,30,stock,1864420.9810256958
BTTC,0.41999998688697815,2373270.0,30,stock,996773.3688792586
BTU,28.850000381469727,2444590.0,30,stock,70526422.43253708
BTX,8.9399995803833,478496.6666666667,30,stock,4277759.999214808
BTZ,9.949999809265137,288160.0,30,stock,2867191.945037842
BUD,80.3499984741211,2186333.3333333335,30,stock,175671879.99725342
BUDA,7.900000095367432,13363.333333333334,30,stock,105570.33460776012
BUI,26.6299991607666,68260.0,30,stock,1817763.7427139282
BULL,9.739999771118164,14959900.0,30,stock,145709422.57595062
BUR,4.349999904632568,1529076.6666666667,30,stock,6651483.354175886
BURL,265.3299865722656,1252353.3333333333,30,stock,332286893.1170654
BUSE,30.65999984741211,722213.3333333334,30,stock,22143060.689798992
BUUU,34.599998474121094,85236.66666666667,30,stock,2949188.536605835
BV,11.359999656677246,1151846.6666666667,30,stock,13084977.737878164
BVC,15.520000457763672,57603.333333333336,30,stock,894003.7597020468
BVFL,21.579999923706055,13063.333333333334,30,stock,281906.7323366801
BVN,33.900001525878906,1035880.0,30,stock,35116333.58062744
BVS,14.069999694824219,764430.0,30,stock,10755529.866714478
BW,7.099999904632568,5146310.0,30,stock,36538800.50920963
BWA,67.54000091552734,2072880.0,30,stock,140002317.09777832
BWB,21.850000381469727,157896.66666666666,30,stock,3450042.2268994646
BWEN,4.150000095367432,646210.0,30,stock,2681771.561627388
BWFG,67.38999938964844,61846.666666666664,30,stock,4167846.828918457
BWG,7.610000133514404,57583.333333333336,30,stock,438209.17435487115
BWIN,30.8799991607666,1099076.6666666667,30,stock,33939486.54428482
BWIV,9.90999984741211,11563.333333333334,30,stock,114592.63156890869
BWLP,24.860000610351562,382006.6666666667,30,stock,9496685.9664917
BWMN,42.43000030517578,435613.3333333333,30,stock,18483073.866271973
BWMX,15.739999771118164,87353.33333333333,30,stock,1374941.4466730752
BWXT,157.58999633789062,1046200.0,30,stock,164870654.16870117
BX,136.14999389648438,4149426.6666666665,30,stock,564944415.3405762
BXBL,4.349999904632568,265086.6666666667,30,stock,1153126.9747193656
BXC,81.80999755859375,168303.33333333334,30,stock,13768895.289103191
BXDC,20.329999923706055,797766.6666666666,30,stock,16218596.272468567
BXMT,14.199999809265137,2437930.0,30,stock,34618605.535001755
BXP,67.69000244140625,1348243.3333333333,30,stock,91262594.52494302
BXSL,24.719999313354492,1498570.0,30,stock,37044649.37101364
BY,38.849998474121094,257060.0,30,stock,9986780.607757568
BYAH,2.5199999809265137,660916.7333333333,30,stock,1665510.1553940135
BYD,78.0199966430664,841776.6666666666,30,stock,65675412.70754496
BYFC,12.119999885559082,4060.0,30,stock,49207.19953536987
BYND,11.789999961853027,1616366.2,30,stock,19056957.436340522
BYRN,3.680000066757202,623896.6666666666,30,stock,2295939.774982929
BYSI,0.6179999709129333,1391820.0,30,stock,860144.7195160389
BZ,16.920000076293945,5948986.666666667,30,stock,100656854.85387167
BZAI,0.46000000834465027,6241526.666666667,30,stock,2871102.318750024
BZFD,1.090000033378601,559776.6666666666,30,stock,610156.5853512287
BZH,33.2599983215332,775343.3333333334,30,stock,25787917.965278625
C,137.72000122070312,9033496.666666666,30,stock,1244093171.9605508
CAAP,24.40999984741211,218386.66666666666,30,stock,5330818.500010172
CAAS,5.400000095367432,43630.0,30,stock,235602.00416088104
CABA,3.4700000286102295,4211066.666666667,30,stock,14612401.453812918
CABO,25.469999313354492,260950.0,30,stock,6646396.320819855
CABR,1.2599999904632568,75633.33333333333,30,stock,95297.99927870432
CAC,58.16999816894531,92476.66666666667,30,stock,5379367.530670166
CACC,604.719970703125,115146.66666666667,30,stock,69631488.89322917
CACI,623.6099853515625,287390.0,30,stock,179219273.69018555
CADL,12.779999732971191,1198910.0,30,stock,15322069.479856491
CAE,24.40999984741211,746336.6666666666,30,stock,18218077.919451393
CAES,10.09000015258789,18643.333333333332,30,stock,188111.23617808023
CAF,18.829999923706055,15626.666666666666,30,stock,294250.1321411133
CAG,15.479999542236328,10964696.666666666,30,stock,169733499.3807602
CAH,247.17999267578125,1814100.0,30,stock,448409224.71313477
CAI,25.06999969482422,5467593.333333333,30,stock,137072563.1980896
CAII,10.0,45446.666666666664,30,stock,454466.6666666666
CAKE,107.58000183105469,1862280.0,30,stock,200344085.80993652
CAL,12.430000305175781,496706.6666666667,30,stock,6174064.018249512
CALC,2.1700000762939453,83592.66666666667,30,stock,181396.093044281
CALM,74.62999725341797,872680.0,30,stock,65128106.00311279
CALX,35.959999084472656,881710.0,30,stock,31706290.792770386
CALY,15.899999618530273,1795756.6666666667,30,stock,28552530.314973198
CAMP,4.409999847412109,272483.3333333333,30,stock,1201651.4584223428
CAMT,145.72000122070312,486480.0,30,stock,70889866.19384766
CANG,2.190000057220459,408006.6666666667,30,stock,893534.6233463287
CAPN,11.180000305175781,1260.0,30,stock,14086.800384521484
CAPR,9.399999618530273,11243540.0,30,stock,105689271.71092987
CAPS,0.18000000715255737,642536.6666666666,30,stock,115656.60459578037
CAQ,10.029999732971191,43856.666666666664,30,stock,439882.3549556732
CAR,138.72999572753906,409483.3333333333,30,stock,56807621.08383179
CARE,31.979999542236328,364380.0,30,stock,11652872.233200073
CARG,33.7400016784668,875230.0,30,stock,29530261.669044495
CARL,15.600000381469727,153253.33333333334,30,stock,2390752.0584615073
CARR,59.709999084472656,6350263.333333333,30,stock,379174217.8194936
CARS,11.729999542236328,607606.6666666666,30,stock,7127225.921859741
CART,51.06999969482422,3897883.3333333335,30,stock,199064900.64379376
CASH,83.19000244140625,180360.0,30,stock,15004148.840332031
CASS,55.810001373291016,79273.33333333333,30,stock,4424244.8421986895
CAST,1.3700000047683716,8273296.666666667,30,stock,11334416.472783487
CASY,756.0900268554688,316506.6666666667,30,stock,239307534.0999349
CAT,813.9400024414062,2860210.0,30,stock,2328039334.3829346
CATO,2.5999999046325684,166643.33333333334,30,stock,433272.65077432
CATX,3.130000114440918,1055700.0,30,stock,3304341.120815277
CATY,62.689998626708984,392330.0,30,stock,24595167.161216736
CAVA,60.7599983215332,3195756.6666666665,30,stock,194174169.7026952
CB,341.5899963378906,1658673.3333333333,30,stock,566586217.8590901
CBAN,21.75,156866.66666666666,30,stock,3411850.0
CBAT,0.9800000190734863,506460.0,30,stock,496330.8096599579
CBC,32.63999938964844,718266.6666666666,30,stock,23444223.561604816
CBFV,37.599998474121094,4893.333333333333,30,stock,183989.32586669922
CBIO,20.8799991607666,243310.0,30,stock,5080312.595806122
CBK,34.79999923706055,49663.333333333336,30,stock,1728283.9621098838
CBL,54.97999954223633,235023.33333333334,30,stock,12921582.759081524
CBLL,24.719999313354492,404316.6666666667,30,stock,9994707.722377777
CBNA,47.56999969482422,20750.0,30,stock,987077.4936676025
CBNK,36.97999954223633,53283.333333333336,30,stock,1970417.6422754924
CBOE,298.3800048828125,1039036.6666666666,30,stock,310027765.6734212
CBRE,147.85000610351562,1623966.6666666667,30,stock,240103481.5785726
CBRL,54.689998626708984,788603.3333333334,30,stock,43128715.21701813
CBRS,210.0500030517578,7295356.666666667,30,stock,1532389690.096995
CBSH,58.369998931884766,920536.6666666666,30,stock,53731724.25009409
CBT,81.4800033569336,429450.0,30,stock,34991587.44163513
CBU,63.849998474121094,211773.33333333334,30,stock,13521727.010192871
CBUS,1.590000033378601,141223.33333333334,30,stock,224545.10471383733
CBZ,54.849998474121094,1820606.6666666667,30,stock,99860272.88864136
CC,15.300000190734863,2542283.3333333335,30,stock,38896935.48490207
CCAP,10.369999885559082,218520.0,30,stock,2266052.3749923706
CCAQ,10.545000076293945,13496.666666666666,30,stock,142322.35102971393
CCB,50.33000183105469,350443.3333333333,30,stock,17637813.608347572
CCBG,51.84000015258789,68853.33333333333,30,stock,3569356.8105061846
CCC,7.510000228881836,9535910.0,30,stock,71614686.28259659
CCCC,3.759999990463257,2411746.6666666665,30,stock,9068167.443666458
CCCT,9.84000015258789,68780.76923076923,26,stock,676802.7797258818
CCD,24.450000762939453,57240.0,30,stock,1399518.0436706543
CCEC,22.649999618530273,8496.666666666666,30,stock,192449.49675877887
CCEL,4.28000020980835,35873.333333333336,30,stock,153537.87419319153
CCEP,105.76000213623047,1827653.3333333333,30,stock,193292620.43762207
CCG,16.020000457763672,25916.666666666668,30,stock,415185.0118637085
CCHH,1.25,272966.6666666667,30,stock,341208.3333333334
CCI,75.83000183105469,3321583.3333333335,30,stock,251875670.24866742
CCIF,2.7100000381469727,112296.66666666667,30,stock,304323.9709504446
CCII,10.3149995803833,42570.0,30,stock,439109.5321369171
CCJ,100.73999786376953,2949456.6666666665,30,stock,297128258.29928076
CCK,115.16000366210938,812866.6666666666,30,stock,93609728.31013997
CCL,23.510000228881836,18724276.666666668,30,stock,440207748.7189802
CCLD,2.2300000190734863,425616.6666666667,30,stock,949125.1747846603
CCNE,34.90999984741211,158936.66666666666,30,stock,5548479.009081522
CCO,2.380000114440918,9513323.333333334,30,stock,22641710.62204679
CCOI,10.050000190734863,1740283.3333333333,30,stock,17489847.8319327
CCS,64.51000213623047,249430.0,30,stock,16090729.832839966
CCSI,35.36000061035156,171633.33333333334,30,stock,6068954.77142334
CCTG,0.621999979019165,308883.3333333333,30,stock,192125.4268527031
CCU,11.880000114440918,141133.33333333334,30,stock,1676664.0161514282
CCXI,13.399999618530273,2599590.0,30,stock,34834505.00833511
CD,4.070000171661377,233450.0,30,stock,950141.5400743484
CDE,21.239999771118164,38022193.333333336,30,stock,807591377.6974106
CDIO,1.8600000143051147,45526.666666666664,30,stock,84679.60065126419
CDLX,3.619999885559082,39716.666666666664,30,stock,143774.32878812152
CDNA,50.880001068115234,1201350.0,30,stock,61124689.28318024
CDNL,36.43000030517578,716570.0,30,stock,26104645.31867981
CDNS,292.70001220703125,2359093.3333333335,30,stock,690506647.4641927
CDP,35.15999984741211,784986.6666666666,30,stock,27600131.08022054
CDRE,29.760000228881836,391170.0,30,stock,11641219.289531708
CDRO,9.109999656677246,21380.0,30,stock,194771.79265975952
CDT,0.625,275780.0,30,stock,172362.5
CDTG,1.3200000524520874,8098023.333333333,30,stock,10689391.224758226
CDW,152.3800048828125,1863626.6666666667,30,stock,283979440.56640625
CDXS,1.4600000381469727,1184556.6666666667,30,stock,1729452.778520584
CDZI,4.170000076293945,923340.0,30,stock,3850327.8704452515
CE,44.66999816894531,1763126.6666666667,30,stock,78758864.97161865
CECO,74.0999984741211,923823.3333333334,30,stock,68455307.59035747
CEE,20.31999969482422,26970.0,30,stock,548030.3917694092
CEG,298.9599914550781,2660533.3333333335,30,stock,795393022.5992839
CELC,95.69999694824219,868826.6666666666,30,stock,83146709.34855142
CELH,30.65999984741211,11068613.333333334,30,stock,339363683.11106366
CELU,1.6799999475479126,8159916.666666667,30,stock,13708659.571995338
CELZ,1.1100000143051147,13513383.333333334,30,stock,14999855.6933105
CENN,4.289999961853027,12536.666666666666,30,stock,53782.299521764115
CENT,41.709999084472656,116673.33333333333,30,stock,4866444.626515706
CENTA,36.06999969482422,308563.3333333333,30,stock,11129879.339167276
CENX,46.779998779296875,1989613.3333333333,30,stock,93074109.30460611
CEPF,10.399999618530273,31320.0,30,stock,325727.98805236816
CEPL,5.659999847412109,457026.6666666667,30,stock,2586770.8635965986
CEPO,10.755000114440918,244620.0,30,stock,2630888.1279945374
CEPS,10.359999656677246,14740.0,30,stock,152706.3949394226
CEPV,10.380000114440918,6246.666666666667,30,stock,64840.40071487427
CERS,2.5899999141693115,2471930.0,30,stock,6402298.487832546
CERT,7.940000057220459,3216613.3333333335,30,stock,25539910.05072276
CET,54.779998779296875,27810.0,30,stock,1523431.766052246
CETX,2.5,39206.666666666664,30,stock,98016.66666666666
CETY,1.0299999713897705,27786.666666666668,30,stock,28620.265871683758
CEV,10.359999656677246,23353.333333333332,30,stock,241940.5253156026
CEVA,26.950000762939453,922740.0,30,stock,24867843.70399475
CF,133.35000610351562,2508796.6666666665,30,stock,334548050.8124796
CFBK,35.70000076293945,56513.333333333336,30,stock,2017526.0431162517
CFFI,94.88999938964844,49706.666666666664,30,stock,4716665.569661458
CFFN,8.869999885559082,844773.3333333334,30,stock,7493139.369990031
CFG,70.77999877929688,3155106.6666666665,30,stock,223318446.01521808
CFND,3.1700000762939453,96243.33333333333,30,stock,305091.37400945026
CFR,162.6199951171875,547076.6666666666,30,stock,88965604.86206055
CG,46.970001220703125,3958236.6666666665,30,stock,185918381.0651652
CGAU,22.920000076293945,1696206.6666666667,30,stock,38877056.9294103
CGBD,11.6899995803833,556980.0,30,stock,6511095.966281891
CGC,0.9729999899864197,3518713.3333333335,30,stock,3423708.038098415
CGCF,9.84000015258789,34313.333333333336,15,stock,337643.2052357992
CGEM,22.09000015258789,660980.0,30,stock,14601048.300857544
CGEN,2.5899999141693115,303500.0,30,stock,786064.973950386
CGNT,8.470000267028809,533460.0,30,stock,4518406.342449188
CGNX,62.25,2108780.0,30,stock,131271555.0
CGO,13.229999542236328,28686.666666666668,30,stock,379524.58686828613
CGON,74.66999816894531,746546.6666666666,30,stock,55744638.23303223
CGTL,4.340000152587891,669660.0,30,stock,2906324.502182007
CGTX,1.0299999713897705,489216.6666666667,30,stock,503893.1526700656
CHAI,0.27000001072883606,14942526.666666666,30,stock,4034482.360315919
CHAR,10.949999809265137,13500.0,30,stock,147824.99742507935
CHCI,21.149999618530273,34973.333333333336,30,stock,739685.9866587322
CHCO,145.57000732421875,100670.0,30,stock,14654532.637329102
CHCT,15.0,387336.6666666667,30,stock,5810050.0
CHD,98.55000305175781,1860190.0,30,stock,183321730.17684937
CHDN,87.06999969482422,1067833.3333333333,30,stock,92976248.00745645
CHE,519.8400268554688,162950.0,30,stock,84707932.37609863
CHEC,10.229999542236328,8843.333333333334,30,stock,90467.29595184326
CHEF,114.36000061035156,727310.0,30,stock,83175172.0439148
CHGA,2.4200000762939453,286762.6666666667,30,stock,693965.6752115886
CHGG,0.8500000238418579,1424226.6666666667,30,stock,1210592.7006228766
CHH,100.62000274658203,503620.0,30,stock,50674245.78323364
CHI,12.529999732971191,147130.0,30,stock,1843538.8607120514
CHKP,137.0500030517578,1099943.3333333333,30,stock,150747237.190094
CHMG,84.83999633789062,55600.0,30,stock,4717103.796386719
CHMI,2.9600000381469727,492643.3333333333,30,stock,1458224.2854595184
CHNR,3.9100000858306885,10136.666666666666,30,stock,39634.36753670374
CHOW,0.48100000619888306,13549636.666666666,30,stock,6517375.32065928
CHPG,10.430000305175781,5780.0,30,stock,60285.401763916016
CHPT,9.890000343322754,2293710.0,30,stock,22684792.687482834
CHR,1.7799999713897705,38143.333333333336,30,stock,67895.13224204382
CHRD,146.38999938964844,709950.0,30,stock,103929580.06668091
CHRN,20.260000228881836,169613.33333333334,30,stock,3436366.1721547446
CHRS,1.4199999570846558,1083026.6666666667,30,stock,1537897.8201882045
CHRW,147.63999938964844,1884610.0,30,stock,278243819.24972534
CHSN,1.0,130996.66666666667,30,stock,130996.66666666667
CHT,43.81999969482422,176946.66666666666,30,stock,7753802.879333496
CHTR,151.99000549316406,2785896.6666666665,30,stock,423428449.6700541
CHW,8.569999694824219,172350.0,30,stock,1477039.447402954
CHWY,23.65999984741211,6729896.666666667,30,stock,159229354.10643262
CHY,12.850000381469727,153976.66666666666,30,stock,1978600.2254041035
CHYM,33.7599983215332,8458933.333333334,30,stock,285573575.1352946
CI,282.5199890136719,1725903.3333333333,30,stock,487602190.771993
CIA,3.950000047683716,144200.0,30,stock,569590.0068759918
CIEN,321.0,2285326.6666666665,30,stock,733589860.0
CIFR,17.739999771118164,34279586.666666664,30,stock,608119859.6206919
CIGI,99.0199966430664,222223.33333333334,30,stock,22004553.720677696
CIGL,0.4099999964237213,4588291.666666667,24,stock,1881199.5669243238
CII,24.510000228881836,90590.0,30,stock,2220360.9207344055
CIIT,3.0399999618530273,183550.0,30,stock,557991.9929981232
CIK,2.430000066757202,383936.6666666667,30,stock,932966.1256305377
CIM,11.640000343322754,778353.3333333334,30,stock,9060033.06722641
CINF,171.10000610351562,566563.3333333334,30,stock,96938989.7913615
CING,5.099999904632568,146603.33333333334,30,stock,747676.9860188167
CINT,3.5799999237060547,89586.66666666667,30,stock,320720.25983174646
CION,7.340000152587891,530503.3333333334,30,stock,3893894.5476150517
CIRC,0.656000018119812,927863.3333333334,30,stock,608678.3634793758
CISO,0.23399999737739563,163000.0,30,stock,38141.99957251549
CISS,1.4900000095367432,2054647.9333333333,30,stock,3061425.4402613165
CITR,5.25,28120.0,30,stock,147630.0
CIVB,27.770000457763672,152010.0,30,stock,4221317.769584656
CIX,35.0,9353.333333333334,30,stock,327366.6666666667
CJMB,2.109999895095825,547930.0,30,stock,1156132.2425198555
CKX,11.119999885559082,4563.333333333333,30,stock,50744.26614443461
CL,88.7699966430664,4429976.666666667,30,stock,393249013.82886255
CLAR,3.75,130266.66666666667,30,stock,488500.0
CLB,12.539999961853027,570713.3333333334,30,stock,7156745.178229014
CLBK,11.699999809265137,4578823.333333333,30,stock,53572232.12665875
CLBR,10.25,43236.666666666664,30,stock,443175.8333333333
CLBT,11.449999809265137,3739006.6666666665,30,stock,42811625.62017441
CLDI,1.3849999904632568,148210.0,30,stock,205270.8485865593
CLDT,13.039999961853027,294026.6666666667,30,stock,3834107.7221171064
CLDX,39.68000030517578,808683.3333333334,30,stock,32088554.913457237
CLF,12.5,17754296.666666668,30,stock,221928708.33333334
CLFD,28.649999618530273,211786.66666666666,30,stock,6067687.919209798
CLGN,3.549999952316284,693120.3333333334,30,stock,2460577.1502827806
CLH,317.1000061035156,474256.6666666667,30,stock,150386791.894633
CLIK,1.3550000190734863,29603.333333333332,30,stock,40112.517231305435
CLIR,3.9100000858306885,13590.0,30,stock,53136.90116643906
CLM,6.730000019073486,2316666.6666666665,30,stock,15591166.710853575
CLMB,29.170000076293945,152560.0,30,stock,4450175.211639404
CLMT,53.130001068115234,1204050.0,30,stock,63971177.78606415
CLNE,1.649999976158142,1812673.3333333333,30,stock,2990910.9567825
CLNN,3.8499999046325684,84316.66666666667,30,stock,324619.1586256027
CLOV,4.255000114440918,4049456.6666666665,30,stock,17230438.580090202
CLPR,3.2100000381469727,62060.0,30,stock,199212.60236740112
CLPS,1.059999942779541,17806.666666666668,30,stock,18875.06564776103
CLPT,13.960000038146973,613886.6666666666,30,stock,8569857.890084583
CLRB,2.369999885559082,37273.333333333336,30,stock,88337.79573440552
CLRO,5.090000152587891,2959143.3333333335,30,stock,15062040.018196106
CLS,312.3500061035156,2983663.3333333335,30,stock,931947260.3775024
CLSK,12.6899995803833,20025560.0,30,stock,254124347.9969406
CLST,17.809999465942383,2656.6666666666665,30,stock,47315.231914520264
CLVT,2.069999933242798,4729460.0,30,stock,9789981.884274483
CLW,20.920000076293945,198160.0,30,stock,4145507.215118408
CLWT,1.6399999856948853,18533.333333333332,30,stock,30394.666401545204
CLX,93.05999755859375,2900420.0,30,stock,269913078.1188965
CLYM,15.520000457763672,1423286.6666666667,30,stock,22089409.7181956
CM,117.5,1033570.0,30,stock,121444475.0
CMBT,19.489999771118164,1017426.6666666666,30,stock,19829645.50046285
CMC,70.27999877929688,1054596.6666666667,30,stock,74117052.44598389
CMCL,26.329999923706055,188706.66666666666,30,stock,4968646.518936157
CMCO,18.84000015258789,634763.3333333334,30,stock,11958941.296857199
CMCSA,26.489999771118164,24185480.0,30,stock,640673359.6643829
CMCT,3.2799999713897705,28190.0,30,stock,92463.19919347763
CMDB,23.950000762939453,78220.0,30,stock,1873369.059677124
CME,281.2900085449219,1986753.3333333333,30,stock,558853862.1099854
CMG,36.959999084472656,17219693.333333332,30,stock,636439849.8348999
CMI,560.75,1027273.3333333334,30,stock,576043521.6666667
CMND,1.159999966621399,654993.3333333334,30,stock,759792.2448039055
CMP,25.31999969482422,487056.6666666667,30,stock,12332274.651362102
CMPR,87.44999694824219,207426.66666666666,30,stock,18139461.366984047
CMPS,13.270000457763672,2505620.0,30,stock,33249578.54698181
CMPX,2.380000114440918,3034183.3333333335,30,stock,7221356.68056806
CMRC,2.569999933242798,1264326.6666666667,30,stock,3249319.448930423
CMRE,15.550000190734863,351476.6666666667,30,stock,5465462.233705521
CMS,68.45999908447266,3569700.0,30,stock,244381658.73184204
CMT,24.1200008392334,24256.666666666668,30,stock,585070.8203570049
CMTG,1.6200000047683716,739370.0,30,stock,1197779.403525591
CMTL,1.559999942779541,340196.6666666667,30,stock,530706.7805337906
CMTV,39.959999084472656,36786.666666666664,30,stock,1469995.1663208008
CNA,48.470001220703125,402596.6666666667,30,stock,19513860.924784344
CNC,67.04000091552734,4714240.0,30,stock,316042653.9160156
CNCK,1.9700000286102295,123380.0,30,stock,243058.60352993011
CNDT,1.940000057220459,958206.6666666666,30,stock,1858920.9881623585
CNET,1.2699999809265137,223976.66666666666,30,stock,284450.36239465076
CNEY,0.5299999713897705,91793.33333333333,30,stock,48650.46404043833
CNH,14.399999618530273,22071840.0,30,stock,317834487.58026123
CNI,123.37000274658203,1478196.6666666667,30,stock,182365126.8266551
CNK,35.040000915527344,2503726.6666666665,30,stock,87730584.69223022
CNL,16.75,83326.66666666667,30,stock,1395721.6666666667
CNM,44.31999969482422,1865736.6666666667,30,stock,82689448.49728903
CNMD,49.31999969482422,420833.3333333333,30,stock,20755499.871571857
CNNE,15.829999923706055,474776.6666666667,30,stock,7515714.597110748
CNO,56.75,786530.0,30,stock,44635577.5
CNOB,32.310001373291016,371690.0,30,stock,12009304.410438538
CNP,39.66999816894531,6156950.0,30,stock,244246195.22628784
CNQ,50.459999084472656,6359630.0,30,stock,320906923.97758484
CNR,99.62000274658203,553640.0,30,stock,55153618.320617676
CNS,79.91000366210938,225006.66666666666,30,stock,17980283.557332356
CNSP,5.730000019073486,7120.0,30,stock,40797.60013580322
CNSY,2.759999990463257,75073.33333333333,30,stock,207202.3992840449
CNTB,1.840000033378601,705433.3333333334,30,stock,1297997.3568797112
CNTN,2.2799999713897705,683553.3333333334,30,stock,1558501.5804433823
CNTX,0.3619999885559082,2053156.6666666667,30,stock,743242.68983682
CNTY,1.2100000381469727,59383.333333333336,30,stock,71853.83559862773
CNVS,2.309999942779541,121506.66666666667,30,stock,280680.39304733276
CNX,37.4900016784668,1439676.6666666667,30,stock,53973480.64978282
CNXC,32.15999984741211,1211040.0,30,stock,38947046.21520996
CNXN,84.3499984741211,147223.33333333334,30,stock,12418287.942021688
CNXU,4.96999979019165,231873.33333333334,30,stock,1152410.4180177054
COAG,44.40999984741211,367823.3333333333,30,stock,16335034.177207947
COCH,0.7099999785423279,102973.33333333333,30,stock,73111.06445709863
COCO,55.130001068115234,978550.0,30,stock,53947462.54520416
COCP,1.1299999952316284,71183.33333333333,30,stock,80437.16632723808
CODA,10.170000076293945,71210.0,30,stock,724205.7054328918
CODI,11.670000076293945,692036.6666666666,30,stock,8076067.952798207
CODX,1.159999966621399,399200.0,30,stock,463071.98667526245
COF,219.60000610351562,3283326.6666666665,30,stock,721018556.0398356
COFS,34.29999923706055,74596.66666666667,30,stock,2558665.6097539268
COGT,34.7599983215332,1672460.0,30,stock,58134706.79283142
COHN,11.350000381469727,17336.666666666668,30,stock,196771.17328008017
COHR,281.8599853515625,6929653.333333333,30,stock,1953191987.0247395
COHU,50.720001220703125,1081646.6666666667,30,stock,54861120.253702804
COIN,184.63999938964844,9464783.333333334,30,stock,1747577588.8898215
COKE,189.3300018310547,454286.6666666667,30,stock,86010095.43182373
COLA,10.600000381469727,19870.0,30,stock,210622.00757980347
COLB,30.799999237060547,2821990.0,30,stock,86917289.8469925
COLD,14.220000267028809,3458020.0,30,stock,49173045.32339096
COLL,23.530000686645508,791526.6666666666,30,stock,18624623.010164894
COLM,57.720001220703125,715333.3333333334,30,stock,41289040.87320964
COMP,11.119999885559082,10944173.333333334,30,stock,121699206.21420543
CON,34.470001220703125,846366.6666666666,30,stock,29174260.033162434
COO,69.58999633789062,1745630.0,30,stock,121478385.30731201
COOK,49.970001220703125,42336.666666666664,30,stock,2115563.2850138345
COOT,0.5270000100135803,3674106.6666666665,30,stock,1936254.2501242955
COP,134.25999450683594,6758993.333333333,30,stock,907462407.805074
COPL,10.520000457763672,35423.333333333336,30,stock,372653.4828821818
COPR,3.4100000858306885,80970.0,30,stock,276107.70694971085
COR,330.95001220703125,1358863.3333333333,30,stock,449715836.7543538
CORT,111.62000274658203,1055280.0,30,stock,117790356.49841309
CORZ,17.889999389648438,13499223.333333334,30,stock,241501097.19406128
COSM,0.27300000190734863,3086650.0,30,stock,842655.4558873177
COSO,27.889999389648438,88353.33333333333,30,stock,2464174.4127400713
COST,915.739990234375,1868810.0,30,stock,1711344051.1499023
COTY,2.930000066757202,7776116.666666667,30,stock,22784022.352445126
COUR,5.800000190734863,5967440.0,30,stock,34611153.13819885
COYA,4.760000228881836,116953.33333333333,30,stock,556697.8934351603
CP,91.5999984741211,2507896.6666666665,30,stock,229723330.83992004
CPA,132.30999755859375,275073.3333333333,30,stock,36394952.06176758
CPAY,416.3699951171875,528300.0,30,stock,219968268.42041016
CPB,21.3799991607666,6863396.666666667,30,stock,146739414.97334164
CPBI,21.450000762939453,1906.6666666666667,30,stock,40898.00145467123
CPF,38.189998626708984,147136.66666666666,30,stock,5619149.097938538
CPHC,15.960000038146973,1726.6666666666667,30,stock,27557.600065867107
CPHI,0.8199999928474426,873550.0,30,stock,716310.9937518835
CPIX,6.789999961853027,93483.33333333333,30,stock,634751.8297672272
CPK,132.66000366210938,172803.33333333334,30,stock,22924090.832824707
CPNG,15.289999961853027,17070046.666666668,30,stock,261001012.88216275
CPOP,0.30399999022483826,6545200.0,30,stock,1989740.7360196114
CPRI,13.5600004196167,4220806.666666667,30,stock,57234140.171120964
CPRT,33.720001220703125,10685570.0,30,stock,360317433.4439087
CPS,27.18000030517578,203590.0,30,stock,5533576.262130737
CPSH,3.8299999237060547,275183.3333333333,30,stock,1053952.1456718445
CPSS,9.399999618530273,20070.0,30,stock,188657.9923439026
CPT,105.69000244140625,919810.0,30,stock,97214721.14562988
CPZ,13.109999656677246,60993.333333333336,30,stock,799622.5790596008
CR,204.69000244140625,435403.3333333333,30,stock,89122709.36299641
CRAC,10.199999809265137,12180.0,30,stock,124235.99767684937
CRAI,170.91000366210938,134526.66666666666,30,stock,22991953.092651367
CRAN,10.140000343322754,47296.666666666664,30,stock,479588.21623802185
CRAQ,10.380000114440918,22646.666666666668,30,stock,235072.40259170532
CRBG,34.470001220703125,4279256.666666667,30,stock,147505982.523702
CRBP,11.079999923706055,464573.3333333333,30,stock,5147472.4978892
CRBU,1.5700000524520874,1047593.3333333334,30,stock,1644721.5882817905
CRC,54.220001220703125,814780.0,30,stock,44177372.59460449
CRCL,102.05000305175781,14029643.333333334,30,stock,1431725144.9817405
CRCT,5.539999961853027,878033.3333333334,30,stock,4864304.633172354
CRD-A,13.270000457763672,62533.333333333336,30,stock,829817.3619588217
CRD-B,12.09000015258789,13703.333333333334,30,stock,165673.30209096274
CRDF,1.090000033378601,751170.0,30,stock,818775.3250730038
CRDL,2.200000047683716,1409160.0,30,stock,3100152.067193985
CRDO,170.57000732421875,6178966.666666667,30,stock,1053946389.5894369
CRE,2.8299999237060547,2289416.6666666665,30,stock,6479048.991998036
CREX,2.690000057220459,34000.0,30,stock,91460.0019454956
CRF,6.460000038146973,1613520.0,30,stock,10423339.261550903
CRGO,1.2799999713897705,284406.6666666667,30,stock,364040.52519639337
CRGY,13.770000457763672,5533846.666666667,30,stock,76201071.13319397
CRH,94.26000213623047,4588233.333333333,30,stock,432486883.8015238
CRI,33.54999923706055,1232746.6666666667,30,stock,41358649.7261556
CRIS,1.350000023841858,253383.33333333334,30,stock,342067.50604112947
CRK,15.260000228881836,2541003.3333333335,30,stock,38775711.44825618
CRL,288.5,928460.0,30,stock,267860710.0
CRM,259.2300109863281,15323536.666666666,30,stock,3972320578.449402
CRMD,8.430000305175781,1285500.0,30,stock,10836765.392303467
CRML,7.28000020980835,7327536.666666667,30,stock,53344468.47071171
CRMT,2.4000000953674316,193006.66666666666,30,stock,463216.01840655005
CRNC,8.529999732971191,699850.0,30,stock,5969720.313119888
CRNT,2.0999999046325684,423730.0,30,stock,889832.9595899582
CRON,3.259999990463257,1472220.0,30,stock,4799437.185959816
CROX,117.52999877929688,1033196.6666666666,30,stock,121431602.97210693
CRS,475.3299865722656,796886.6666666666,30,stock,378784128.5662842
CRSP,55.790000915527344,1456386.6666666667,30,stock,81251813.46669516
CRSR,12.720000267028809,1955870.0,30,stock,24878666.922273636
CRT,10.960000038146973,18336.666666666668,30,stock,200969.867366155
CRTO,17.6200008392334,495720.0,30,stock,8734586.81602478
CRUS,113.20999908447266,853730.0,30,stock,96650772.51838684
CRVL,68.2300033569336,176440.0,30,stock,12038501.792297363
CRVO,2.559999942779541,312830.0,30,stock,800844.7820997238
CRVS,14.390000343322754,748860.0,30,stock,10776095.657100677
CRWD,213.10000610351562,9494143.333333334,30,stock,2023202002.2809856
CRWS,2.7200000286102295,106060.0,30,stock,288483.20303440094
CRWV,89.36000061035156,27820016.666666668,30,stock,2485996706.313324
CSAI,4.909999847412109,87046.86666666667,30,stock,427400.10205103556
CSAN,2.9000000953674316,2174286.6666666665,30,stock,6305431.540689468
CSBR,5.21999979019165,9950.0,30,stock,51938.99791240692
CSCO,109.19999694824219,19828923.333333332,30,stock,2165318367.486928
CSGP,30.90999984741211,7405483.333333333,30,stock,228903488.70334625
CSHR,5.800000190734863,238920.0,30,stock,1385736.0455703735
CSIQ,13.220000267028809,1899300.0,30,stock,25108746.507167816
CSL,352.1400146484375,569843.3333333334,30,stock,200664639.74731445
CSPI,8.09000015258789,11160.0,30,stock,90284.40170288086
CSQ,21.09000015258789,170150.0,30,stock,3588463.5259628296
CSQR,18.020000457763672,930846.6666666666,30,stock,16773857.35944112
CSR,52.900001525878906,132080.0,30,stock,6987032.201538086
CSTE,2.9700000286102295,116466.66666666667,30,stock,345906.00333213806
CSTL,32.90999984741211,456826.6666666667,30,stock,15034165.530293783
CSTM,27.139999389648438,1547513.3333333333,30,stock,41999510.92213948
CSV,33.91999816894531,172643.33333333334,30,stock,5856061.550547282
CSW,308.4599914550781,146403.33333333334,30,stock,45159570.94899496
CSWC,24.579999923706055,629930.0,30,stock,15483679.351940155
CSX,49.40999984741211,10635970.0,30,stock,525523276.0770798
CTAA,9.949999809265137,8766.666666666666,30,stock,87228.33166122437
CTAS,200.47000122070312,1942573.3333333333,30,stock,389427678.5046387
CTBI,77.76000213623047,100950.0,30,stock,7849872.215652466
CTEV,38.43000030517578,118246.66666666667,30,stock,4544219.4360860195
CTGO,19.770000457763672,367583.3333333333,30,stock,7267122.668266296
CTKB,4.699999809265137,777210.0,30,stock,3652886.851758957
CTM,0.625,1129850.0,30,stock,706156.25
CTMX,3.7100000381469727,2823113.3333333335,30,stock,10473750.574359894
CTNM,16.700000762939453,475373.3333333333,30,stock,7938735.029347737
CTNT,1.25,241853.33333333334,30,stock,302316.6666666667
CTO,21.489999771118164,359433.3333333333,30,stock,7724222.251065572
CTOR,0.8600000143051147,97636.66666666667,30,stock,83967.53473003706
CTOS,9.1899995803833,1124876.6666666667,30,stock,10337616.094649633
CTRE,39.0099983215332,2117850.0,30,stock,82617324.9452591
CTRI,20.540000915527344,1957710.0,30,stock,40211365.192337036
CTRM,2.375,39253.333333333336,30,stock,93226.66666666667
CTRN,71.16000366210938,153066.66666666666,30,stock,10892224.560546875
CTS,57.18000030517578,193986.66666666666,30,stock,11092157.659200031
CTSH,62.310001373291016,8202073.333333333,30,stock,511071200.6638336
CTSO,0.3499999940395355,317143.3333333333,30,stock,111000.16477634509
CTVA,87.86000061035156,5115890.0,30,stock,449482098.52249146
CTW,2.4000000953674316,27203.333333333332,30,stock,65288.00259431203
CTXR,0.5879999995231628,836836.6666666666,30,stock,492059.95960096514
CUB,10.880000114440918,89126.66666666667,30,stock,969698.1435330709
CUBE,39.5,2103273.3333333335,30,stock,83079296.66666667
CUBI,81.06999969482422,246620.0,30,stock,19993483.32473755
CUE,27.440000534057617,191723.33333333334,30,stock,5260888.369057974
CULP,3.430000066757202,15296.666666666666,30,stock,52467.56768782933
CUPR,3.1600000858306885,46436.666666666664,30,stock,146739.87065235773
CURB,29.469999313354492,1337970.0,30,stock,39429974.98128891
CURI,2.7100000381469727,1693150.0,30,stock,4588436.564588547
CURR,3.2899999618530273,522590.0,30,stock,1719321.0800647736
CURV,2.440000057220459,361993.3333333333,30,stock,883263.7540467579
CURX,5.050000190734863,17368.5,30,stock,87710.92831277847
CUZ,29.110000610351562,1572006.6666666667,30,stock,45761115.026143394
CV,5.989999771118164,85466.66666666667,30,stock,511945.3137715658
CVBF,22.6200008392334,1089526.6666666667,30,stock,24645094.11436717
CVCO,566.1900024414062,112000.0,30,stock,63413280.2734375
CVE,32.369998931884766,7040830.0,30,stock,227911659.5795822
CVEO,34.13999938964844,105966.66666666667,30,stock,3617701.9353230796
CVGI,3.240000009536743,437756.6666666667,30,stock,1418331.604174773
CVI,44.5,1027130.0,30,stock,45707285.0
CVKD,1.2200000286102295,802810.0,30,stock,979428.2229685783
CVLG,35.04999923706055,223190.0,30,stock,7822809.329719543
CVLT,136.41000366210938,626810.0,30,stock,85503154.39544678
CVM,1.6299999952316284,184240.0,30,stock,300311.1991214752
CVNA,74.58999633789062,9576370.0,30,stock,714301403.2302856
CVR,10.25,3583.3333333333335,30,stock,36729.16666666667
CVRX,3.049999952316284,1280583.3333333333,30,stock,3905779.1056036945
CVS,96.73999786376953,7494716.666666667,30,stock,725038874.3228912
CVSA,128.08999633789062,352873.3333333333,30,stock,45199543.97440592
CVU,5.159999847412109,61740.0,30,stock,318578.39057922363
CVV,6.570000171661377,134510.0,30,stock,883730.7230901718
CVX,208.60000610351562,7896046.666666667,30,stock,1647115382.860311
CW,566.75,354060.0,30,stock,200663505.0
CWBC,26.610000610351562,220510.0,30,stock,5867771.234588623
CWCO,29.280000686645508,86563.33333333333,30,stock,2534574.459438324
CWD,0.5080000162124634,284603.3333333333,30,stock,144578.49794745445
CWEN,31.81999969482422,1172953.3333333333,30,stock,37323374.70870972
CWH,6.960000038146973,1844393.3333333333,30,stock,12836977.67035802
CWK,13.65999984741211,1723890.0,30,stock,23548337.13695526
CWST,93.52999877929688,498756.6666666667,30,stock,46648710.42449951
CWT,50.029998779296875,542226.6666666666,30,stock,27127599.471435543
CX,11.029999732971191,6486520.0,30,stock,71546313.86791229
CXAI,3.4100000858306885,282622.6666666667,30,stock,963743.3175910314
CXDO,6.010000228881836,345760.0,30,stock,2078017.6791381836
CXII,10.710000038146973,52193.333333333336,30,stock,558990.6019910177
CXM,5.909999847412109,3645510.0,30,stock,21544963.54373932
CXT,50.060001373291016,523530.0,30,stock,26207912.518959045
CXW,34.709999084472656,1521756.6666666667,30,stock,52820172.50679016
CYAB,0.3700000047683716,9886403.333333334,30,stock,3657969.280475378
CYCN,4.25,54590.0,30,stock,232007.5
CYCU,3.5399999618530273,4638405.2,30,stock,16419954.231058884
CYD,37.43000030517578,117046.66666666667,30,stock,4381056.769053142
CYH,2.890000104904175,1294186.6666666667,30,stock,3740199.602432251
CYN,0.8980000019073486,160866.66666666666,30,stock,144458.26697349548
CYPH,2.4200000762939453,6571790.0,30,stock,15903732.301387787
CYRX,15.8100004196167,530386.6666666666,30,stock,8385413.422559102
CYTK,72.72000122070312,1894986.6666666667,30,stock,137803432.71321616
CZFS,82.91999816894531,37686.666666666664,30,stock,3124978.3309936523
CZNC,26.110000610351562,68870.0,30,stock,1798195.742034912
CZR,29.68000030517578,3505323.3333333335,30,stock,104037997.60307312
CZWI,22.06999969482422,47213.333333333336,30,stock,1041998.2522583008
D,65.83999633789062,3723350.0,30,stock,245145350.36468506
DAAQ,10.430000305175781,44320.0,30,stock,462257.6135253906
DAC,155.25999450683594,120886.66666666667,30,stock,18768863.202616375
DAIC,3.0999999046325684,11814326.666666666,30,stock,36624411.539964676
DAIO,2.8399999141693115,41310.0,30,stock,117320.39645433426
DAKT,19.350000381469727,575110.0,30,stock,11128378.719387054
DAL,80.16999816894531,4978953.333333333,30,stock,399162679.6165975
DAN,32.040000915527344,1442750.0,30,stock,46225711.320877075
DAR,65.19000244140625,2651776.6666666665,30,stock,172869327.37406412
DARE,0.7210000157356262,850546.6666666666,30,stock,613244.160050551
DASH,211.72999572753906,4243086.666666667,30,stock,898388721.8049114
DAVE,380.69000244140625,426070.0,30,stock,162200589.34020996
DB,41.33000183105469,1822363.3333333333,30,stock,75318279.90351358
DBCA,10.029999732971191,80466.66666666667,30,stock,807080.6451797485
DBD,68.66999816894531,295383.3333333333,30,stock,20283972.959136963
DBGI,3.7699999809265137,310626.6666666667,30,stock,1171062.5274085999
DBI,5.260000228881836,446036.6666666667,30,stock,2346152.968756358
DBL,14.25,55893.333333333336,30,stock,796480.0
DBRG,15.930000305175781,3737266.6666666665,30,stock,59534659.14052327
DBX,34.83000183105469,4108356.6666666665,30,stock,143094070.22262573
DC,5.949999809265137,1301076.6666666667,30,stock,7741405.918505987
DCBO,24.770000457763672,81853.33333333333,30,stock,2027507.104136149
DCGO,0.40299999713897705,852886.6666666666,30,stock,343713.3242265383
DCH,6.989999771118164,2881070.0,30,stock,20138678.64057541
DCI,91.02999877929688,645600.0,30,stock,58768967.21191406
DCO,168.32000732421875,224430.0,30,stock,37776059.243774414
DCOM,41.25,302056.6666666667,30,stock,12459837.5
DCOY,2.690000057220459,64080.0,30,stock,172375.203666687
DCTH,16.479999542236328,627070.0,30,stock,10334113.312950134
DCX,0.5720000267028809,708986.6666666666,30,stock,405540.3922653198
DD,131.58999633789062,1577103.3333333333,30,stock,207531021.8578084
DDC,0.3190000057220459,1404250.0,30,stock,447955.75803518295
DDD,3.4600000381469727,3178980.0,30,stock,10999270.921268463
DDI,12.819999694824219,102593.33333333333,30,stock,1315246.5020243325
DDOG,212.92999267578125,4869923.333333333,30,stock,1036952739.6982828
DDS,656.6900024414062,162576.66666666666,30,stock,106762471.63024902
DDT,26.219999313354492,9136.666666666666,30,stock,239563.39372634885
DE,693.530029296875,1259176.6666666667,30,stock,873276830.5232748
DEA,24.309999465942383,346443.3333333333,30,stock,8422037.248312632
DEC,15.430000305175781,859403.3333333334,30,stock,13260593.695602417
DECK,85.80999755859375,2478836.6666666665,30,stock,212708968.31481934
DEFT,0.6830000281333923,2572690.0,30,stock,1757147.3423784971
DEI,11.420000076293945,1566613.3333333333,30,stock,17890724.386189777
DELL,524.1400146484375,7629730.0,30,stock,3999046793.963623
DEO,89.19000244140625,1205503.3333333333,30,stock,107518845.24312337
DERM,7.860000133514404,190073.33333333334,30,stock,1493976.425377528
DETX,2.1600000858306885,27740.0,30,stock,59918.4023809433
DFDV,5.869999885559082,1337560.0,30,stock,7851477.046928406
DFH,13.800000190734863,643466.6666666666,30,stock,8879840.122731525
DFIN,50.91999816894531,241533.33333333334,30,stock,12298876.891072592
DFLI,1.090000033378601,354503.3333333333,30,stock,386408.6451661587
DFNS,10.239999771118164,6362796.666666667,30,stock,65155036.41033809
DFSC,1.4500000476837158,5235500.0,30,stock,7591475.249648094
DFTX,38.09000015258789,2053186.6666666667,30,stock,78205880.44662476
DG,133.2100067138672,2327316.6666666665,30,stock,310021868.79196167
DGAC,10.0,102016.66666666667,30,stock,1020166.6666666667
DGICA,19.450000762939453,123736.66666666667,30,stock,2406678.2610702515
DGICB,24.75,2540.0,30,stock,62865.0
DGII,69.36000061035156,370330.0,30,stock,25686089.026031494
DGNX,1.5,1223076.6666666667,30,stock,1834615.0
DGX,237.13999938964844,876123.3333333334,30,stock,207763886.73192343
DGXX,3.75,3128133.3333333335,30,stock,11730500.0
DH,1.0499999523162842,564803.3333333334,30,stock,593043.4730680784
DHC,7.510000228881836,1613806.6666666667,30,stock,12119688.4360377
DHF,2.359999895095825,300473.3333333333,30,stock,709117.0351457596
DHI,142.75,2028793.3333333333,30,stock,289610248.3333333
DHR,207.66000366210938,3810923.3333333335,30,stock,791376353.3560181
DHT,20.8700008392334,3262776.6666666665,30,stock,68094151.77156448
DHX,4.519999980926514,252856.66666666666,30,stock,1142912.1285104752
DHY,1.690000057220459,712163.3333333334,30,stock,1203556.0740836463
DIBS,4.809999942779541,99953.33333333333,30,stock,480775.5276139577
DIN,31.68000030517578,245196.66666666666,30,stock,7767830.474828084
DINO,105.41000366210938,2725803.3333333335,30,stock,287326939.3488566
DIOD,91.79000091552734,660603.3333333334,30,stock,60636780.57146709
DIS,105.30999755859375,9707703.333333334,30,stock,1022318214.3328859
DIT,67.63999938964844,286.6666666666667,30,stock,19390.133158365887
DJCO,627.8699951171875,67970.0,30,stock,42676323.568115234
DJT,9.020000457763672,4429510.0,30,stock,39954182.22766876
DK,71.86000061035156,1522583.3333333333,30,stock,109412839.26264444
DKI,2.884999990463257,442550.0,30,stock,1276756.7457795143
DKNG,24.010000228881836,11876970.0,30,stock,285166052.4184227
DKS,139.14999389648438,3947496.6666666665,30,stock,549294137.0730591
DLB,61.959999084472656,978590.0,30,stock,60633435.5040741
DLHC,4.070000171661377,14923.333333333334,30,stock,60737.96922842662
DLO,15.520000457763672,2399133.3333333335,30,stock,37234550.43156942
DLPN,1.1799999475479126,12750.0,30,stock,15044.999331235886
DLR,188.38999938964844,2165600.0,30,stock,407977382.67822266
DLTH,4.519999980926514,169960.0,30,stock,768219.1967582703
DLTR,131.4199981689453,2160426.6666666665,30,stock,283923268.57747394
DLX,24.290000915527344,457696.6666666667,30,stock,11117452.452367147
DLXY,0.4020000100135803,210500.0,30,stock,84621.00210785866
DLY,13.829999923706055,184176.66666666666,30,stock,2547163.2859484353
DMA,7.710000038146973,22046.666666666668,30,stock,169979.8008410136
DMAA,10.760000228881836,9996.666666666666,30,stock,107564.13562138875
DMAC,6.75,143540.0,30,stock,968895.0
DMC,32.119998931884766,361510.0,30,stock,11611700.813865662
DMII,10.170000076293945,48510.0,30,stock,493346.7037010193
DMO,10.079999923706055,45073.333333333336,30,stock,454339.1965611776
DMRA,30.059999465942383,339690.0,30,stock,10211081.218585968
DMRC,5.309999942779541,113730.0,30,stock,603906.2934923172
DNA,6.949999809265137,1164873.3333333333,30,stock,8095869.44448471
DNLI,22.280000686645508,1289146.6666666667,30,stock,28722188.618520103
DNMX,10.0649995803833,32206.666666666668,30,stock,324160.08648554486
DNN,3.4200000762939453,25948063.333333332,30,stock,88742378.57968011
DNOW,16.1200008392334,2402360.0,30,stock,38726045.21614075
DNP,10.739999771118164,577733.3333333334,30,stock,6204855.867767334
DNTH,108.0999984741211,668580.0,30,stock,72273496.97982788
DNUT,3.380000114440918,2934226.6666666665,30,stock,9917686.469128925
DOC,20.649999618530273,5126076.666666667,30,stock,105853481.2112236
DOCN,112.47000122070312,2732706.6666666665,30,stock,307347522.13582355
DOCS,26.350000381469727,6194473.333333333,30,stock,163224374.69633737
DOCU,68.41000366210938,3330273.3333333335,30,stock,227824010.92915854
DOGZ,0.9750000238418579,1398583.3333333333,30,stock,1363618.783344825
DOLE,14.010000228881836,1150976.6666666667,30,stock,16125183.363437654
DOMH,2.0999999046325684,172906.66666666666,30,stock,363103.98351033527
DOMO,3.880000114440918,1065620.0,30,stock,4134605.721950531
DOO,67.31999969482422,261713.33333333334,30,stock,17618541.52013143
DORM,131.3000030517578,276183.3333333333,30,stock,36262872.50951131
DOUG,1.809999942779541,365683.3333333333,30,stock,661886.8124087651
DOV,192.8800048828125,1093233.3333333333,30,stock,210862850.6713867
DOW,29.440000534057617,8851390.0,30,stock,260584926.32715225
DOX,62.209999084472656,1186093.3333333333,30,stock,73786865.18076578
DOYU,4.300000190734863,24380.0,30,stock,104834.00465011597
DPC,44.880001068115234,948300.0,30,stock,42559705.01289368
DPG,14.130000114440918,48933.333333333336,30,stock,691428.0055999756
DPRO,6.119999885559082,1379520.0,30,stock,8442662.242126465
DPU,2.069999933242798,7893.333333333333,30,stock,16339.19947306315
DPZ,341.0799865722656,839653.3333333334,30,stock,286388947.6586914
DRCT,1.9600000381469727,13130.0,30,stock,25734.80050086975
DRDB,10.680000305175781,51540.0,30,stock,550447.2157287598
DRH,12.079999923706055,2548976.6666666665,30,stock,30791637.938861843
DRI,216.8800048828125,1064570.0,30,stock,230883946.7980957
DRIO,7.239999771118164,27943.333333333332,30,stock,202309.72693761188
DRMA,1.2100000381469727,1473723.3333333333,30,stock,1783205.2895514169
DRS,36.599998474121094,845166.6666666666,30,stock,30933098.71037801
DRTS,15.029999732971191,607770.0,30,stock,9134782.937707901
DRUG,65.16000366210938,149210.0,30,stock,9722524.14642334
DRVN,13.5600004196167,854490.0,30,stock,11586884.758558273
DSAC,10.149999618530273,44570.0,30,stock,452385.4829978943
DSGN,15.140000343322754,515396.6666666667,30,stock,7803105.710280737
DSGR,34.65999984741211,228136.66666666666,30,stock,7907216.831855774
DSGX,78.94000244140625,557586.6666666666,30,stock,44015892.827962235
DSL,10.510000228881836,519586.6666666667,30,stock,5460855.985590617
DSP,13.65999984741211,270266.6666666667,30,stock,3691842.6254272466
DSS,0.8299999833106995,4035620.0,30,stock,3349564.532648325
DSU,9.380000114440918,247883.33333333334,30,stock,2325145.695034663
DSWL,3.0999999046325684,9710.0,30,stock,30100.99907398224
DSX,3.009999990463257,1069976.6666666667,30,stock,3220629.7564625745
DSY,3.869999885559082,1207650.0,30,stock,4673605.361795425
DT,51.900001525878906,6721063.333333333,30,stock,348823197.25552875
DTCX,2.009999990463257,234183.33333333334,30,stock,470708.4977666537
DTE,136.0800018310547,1294756.6666666667,30,stock,176190489.57077026
DTF,11.449999809265137,5170.0,30,stock,59196.49901390076
DTI,2.6600000858306885,213713.33333333334,30,stock,568477.4850098293
DTIL,7.46999979019165,268726.6666666667,30,stock,2007388.1436189017
DTM,129.52000427246094,995940.0,30,stock,128994153.05511475
DTSQ,11.369999885559082,1253.3333333333333,30,stock,14250.399856567383
DTSS,0.6600000262260437,313313.3333333333,30,stock,206786.80821696916
DTST,2.9600000381469727,16503.333333333332,30,stock,48849.86729621887
DUK,120.22000122070312,4287503.333333333,30,stock,515443655.967102
DUKR,5.650000095367432,13110.0,30,stock,74071.50125026703
DUO,0.5759999752044678,2251316.6666666665,30,stock,1296758.344177405
DUOL,154.4600067138672,1332380.0,30,stock,205799423.74542236
DUOT,8.760000228881836,1181306.6666666667,30,stock,10348246.670379639
DV,13.359999656677246,4270960.0,30,stock,57060024.13368225
DVA,183.99000549316406,882793.3333333334,30,stock,162425150.2493286
DVLT,0.20000000298023224,43507296.666666664,30,stock,8701459.46299518
DVN,48.060001373291016,10256970.0,30,stock,492949992.28580475
DWSN,3.6500000953674316,168423.33333333334,30,stock,614745.1827287674
DWTX,2.2899999618530273,65256.666666666664,30,stock,149437.7641773224
DX,12.899999618530273,4790243.333333333,30,stock,61794137.17266718
DXC,11.65999984741211,3312986.6666666665,30,stock,38629424.02781168
DXCM,87.9000015258789,4812703.333333333,30,stock,423036630.3436025
DXLG,0.6700000166893005,61713.333333333336,30,stock,41347.934363285705
DXPE,184.0,136610.0,30,stock,25136240.0
DXR,10.270000457763672,5686.666666666667,30,stock,58402.069269816086
DXST,2.5899999141693115,1053556.6666666667,30,stock,2728711.676239173
DXYZ,32.70000076293945,1240020.0,30,stock,40548654.94606018
DY,300.2300109863281,616903.3333333334,30,stock,185212894.54416913
DYAI,0.5199999809265137,185266.66666666666,30,stock,96338.66313298543
DYN,24.280000686645508,1857013.3333333333,30,stock,45088285.00844319
DYNC,10.869999885559082,47680.0,30,stock,518281.59454345703
DYOR,10.119999885559082,56960.0,30,stock,576435.1934814453
E,53.58000183105469,393633.3333333333,30,stock,21090874.72076416
EAD,6.369999885559082,258246.66666666666,30,stock,1645031.237112681
EAF,6.199999809265137,281866.6666666667,30,stock,1747573.2795715334
EAI,19.649999618530273,19166.666666666668,30,stock,376624.99268849695
EARN,4.360000133514404,417843.3333333333,30,stock,1821796.989121437
EAT,230.22000122070312,1015213.3333333334,30,stock,233722414.8392741
EBAY,103.41000366210938,4380843.333333333,30,stock,453023025.1431274
EBC,22.239999771118164,2281243.3333333335,30,stock,50734851.21119817
EBF,21.459999084472656,145146.66666666666,30,stock,3114847.3337809243
EBMT,22.889999389648438,40963.333333333336,30,stock,937650.6749979656
EBON,2.2200000286102295,7203.333333333333,30,stock,15991.40020608902
EBS,6.210000038146973,1309366.6666666667,30,stock,8131167.049948375
ECAT,15.260000228881836,495910.0,30,stock,7567586.713504791
ECBK,20.7549991607666,8943.333333333334,30,stock,185618.8758277893
ECC,3.9200000762939453,801130.0,30,stock,3140429.6611213684
ECF,12.319999694824219,21593.333333333332,30,stock,266029.8600769043
ECG,117.23999786376953,571333.3333333334,30,stock,66983118.77950033
ECHO,89.80000305175781,3744920.0,30,stock,336293827.42858887
ECL,279.2799987792969,1407666.6666666667,30,stock,393133144.9483236
ECO,71.43000030517578,538503.3333333334,30,stock,38465293.26433818
ECOR,9.210000038146973,91230.0,30,stock,840228.3034801483
ECPG,97.30000305175781,374963.3333333333,30,stock,36483933.477630615
ECVT,10.210000038146973,1258300.0,30,stock,12847243.048000336
ECX,1.0499999523162842,601980.0,30,stock,632078.9712953568
ED,107.29000091552734,2267886.6666666665,30,stock,243321562.5429789
EDBL,1.3899999856948853,2373336.6666666665,30,stock,3298937.932715813
EDD,5.909999847412109,298040.0,30,stock,1761416.354522705
EDF,5.309999942779541,89340.0,30,stock,474395.3948879242
EDHL,3.9600000381469727,66520.0,30,stock,263419.2025375366
EDIT,3.2300000190734863,2211580.0,30,stock,7143403.442182541
EDRY,57.43000030517578,127503.33333333333,30,stock,7322516.472244263
EDSA,4.730000019073486,81690.0,30,stock,386393.7015581131
EDTK,0.8999999761581421,11653.333333333334,30,stock,10487.999722162884
EDU,59.5099983215332,917116.6666666666,30,stock,54577611.29398346
EDUC,1.350000023841858,103470.0,30,stock,139684.50246691704
EDVA,0.2639999985694885,4621733.333333333,30,stock,1220137.5933885574
EE,40.029998779296875,350193.3333333333,30,stock,14018238.705851236
EEA,11.069999694824219,10460.0,30,stock,115792.19680786133
EEFT,73.80999755859375,711480.0,30,stock,52514337.06298828
EEIQ,3.0,11216.666666666666,30,stock,33650.0
EFC,13.470000267028809,1097420.0,30,stock,14782247.693042755
EFOI,2.8499999046325684,8453.333333333334,30,stock,24091.999193827312
EFOR,32.54999923706055,883296.6666666666,30,stock,28751305.82609812
EFR,10.470000267028809,139573.33333333334,30,stock,1461332.837270101
EFSC,64.66000366210938,197920.0,30,stock,12797507.924804688
EFSI,41.900001525878906,55753.333333333336,30,stock,2336064.751739502
EFT,10.649999618530273,119850.0,30,stock,1276402.4542808533
EFX,177.0500030517578,1208976.6666666667,30,stock,214049322.52283734
EFXT,22.260000228881836,747653.3333333334,30,stock,16642763.371124268
EG,380.8699951171875,312983.3333333333,30,stock,119205960.63842773
EGAN,5.840000152587891,141910.0,30,stock,828754.4216537476
EGBN,28.18000030517578,225840.0,30,stock,6364171.268920898
EGG,2.734999895095825,908796.6666666666,30,stock,2485558.787996769
EGY,6.0,1229596.6666666667,30,stock,7377580.0
EH,4.690000057220459,677296.6666666666,30,stock,3176521.4054218926
EHC,121.79000091552734,906176.6666666666,30,stock,110363257.06296284
EHGO,1.0800000429153442,2458083.3333333335,30,stock,2654730.1054894924
EHI,5.699999809265137,157863.33333333334,30,stock,899820.9698899587
EHLD,11.515000343322754,5476.666666666667,30,stock,63063.818546930954
EHTH,0.9900000095367432,280596.6666666667,30,stock,277790.70267597836
EIC,10.0,87423.33333333333,30,stock,874233.3333333333
EIG,49.650001525878906,163836.66666666666,30,stock,8134490.749994913
EIKN,10.859999656677246,428336.6666666667,30,stock,4651736.052942276
EIX,56.77000045776367,5482723.333333333,30,stock,311254206.1431249
EJH,1.2200000286102295,757290.0,30,stock,923893.8216662407
EL,103.86000061035156,3391236.6666666665,30,stock,352213842.26984656
ELA,14.069999694824219,133700.0,30,stock,1881158.959197998
ELAB,5.210000038146973,55474.333333333336,30,stock,289021.27878284454
ELAN,24.5,7307053.333333333,30,stock,179022806.66666666
ELBM,0.593999981880188,399980.0,30,stock,237588.1127524376
ELC,19.420000076293945,20700.0,30,stock,401994.00157928467
ELDN,3.0199999809265137,1023083.3333333334,30,stock,3089711.6471529007
ELE,21.190000534057617,267463.3333333333,30,stock,5667548.176174164
ELF,109.66999816894531,2253226.6666666665,30,stock,247111364.40755206
ELLO,23.200000762939453,3800.0,30,stock,88160.00289916992
ELMD,28.0,94090.0,30,stock,2634520.0
ELME,1.690000057220459,648623.3333333334,30,stock,1096173.4704478583
ELMT,16.780000686645508,344713.3333333333,30,stock,5784289.970029195
ELOG,0.6700000166893005,5660.0,30,stock,3792.200094461441
ELOX,15.0,53016.666666666664,30,stock,795250.0
ELPW,3.0850000381469727,849150.7666666667,30,stock,2619630.147559198
ELS,62.41999816894531,1361520.0,30,stock,84986075.90698242
ELTK,8.239999771118164,7200.0,30,stock,59327.99835205078
ELTX,2.4100000858306885,292006.6666666667,30,stock,703736.0917298
ELUT,0.8209999799728394,53963.333333333336,30,stock,44303.895585934326
ELV,407.5,964410.0,30,stock,392997075.0
ELVA,6.900000095367432,595690.0,30,stock,4110261.0568094254
ELVN,59.31999969482422,999620.0,30,stock,59297458.094940186
ELVR,56.84000015258789,41706.666666666664,30,stock,2370606.9396972656
ELWT,7.300000190734863,9856.666666666666,30,stock,71953.66854667664
EMA,50.349998474121094,559143.3333333334,30,stock,28152865.98014832
EMAT,3.0199999809265137,921136.6666666666,30,stock,2781832.7157640457
EMBC,5.800000190734863,1610490.0,30,stock,9340842.30717659
EMBJ,73.80999755859375,1317323.3333333333,30,stock,97231632.01721191
EMD,10.399999618530273,150673.33333333334,30,stock,1567002.6091893516
EME,754.1599731445312,407486.6666666667,30,stock,307310133.5900879
EMF,23.0,33963.333333333336,30,stock,781156.6666666667
EMIS,10.25,6893.333333333333,30,stock,70656.66666666666
EML,27.940000534057617,12243.333333333334,30,stock,342078.73987197876
EMN,71.19000244140625,994903.3333333334,30,stock,70827170.72896323
EMO,54.279998779296875,38720.0,30,stock,2101721.552734375
EMP,19.90999984741211,11016.666666666666,30,stock,219341.8316523234
EMPD,3.2899999618530273,457393.3333333333,30,stock,1504824.0492184956
EMR,152.82000732421875,2705553.3333333335,30,stock,413462680.21606445
ENB,50.09000015258789,5280053.333333333,30,stock,264477872.27233884
ENGN,1.8200000524520874,673140.0,30,stock,1225114.835307598
ENGS,2.75,1251080.0,30,stock,3440470.0
ENHA,1.5800000429153442,944783.3333333334,30,stock,1492757.7072123687
ENJ,19.5,1943.3333333333333,30,stock,37895.0
ENLT,78.91999816894531,190006.66666666666,30,stock,14995325.785420734
ENLV,1.100000023841858,414586.6666666667,30,stock,456045.34321784973
ENO,20.799999237060547,5656.666666666667,30,stock,117658.6623509725
ENOV,18.559999465942383,1277563.3333333333,30,stock,23711574.784374237
ENPH,36.369998931884766,4444753.333333333,30,stock,161655673.98582458
ENR,21.229999542236328,1050970.0,30,stock,22312092.618904114
ENS,181.91000366210938,533146.6666666666,30,stock,96984712.08577473
ENSC,0.4560000002384186,29184090.0,30,stock,13307945.04695803
ENSG,170.7899932861328,343300.0,30,stock,58632204.695129395
ENTA,14.079999923706055,211716.66666666666,30,stock,2980970.6505139666
ENTG,138.74000549316406,2486330.0,30,stock,344953437.8578186
ENTX,3.0,3430236.6666666665,30,stock,10290710.0
ENVA,230.5800018310547,301160.0,30,stock,69441473.35144043
ENVB,1.3899999856948853,122420.0,30,stock,170163.79824876785
ENVX,3.319999933242798,7829646.666666667,30,stock,25994426.41064803
EOD,6.670000076293945,90050.0,30,stock,600633.5068702698
EOG,145.19000244140625,2896116.6666666665,30,stock,420487185.90393066
EOI,20.020000457763672,71146.66666666667,30,stock,1424356.2992350261
EOLS,9.300000190734863,1028973.3333333334,30,stock,9569452.19626109
EONR,0.5550000071525574,530240.0,30,stock,294283.203792572
EOS,21.6200008392334,133570.0,30,stock,2887783.512096405
EOSE,3.880000114440918,26734940.0,30,stock,103731570.25957108
EOT,16.84000015258789,24983.333333333332,30,stock,420719.3371454874
EP,3.130000114440918,27546.666666666668,30,stock,86221.06981913249
EPAC,37.34000015258789,343123.3333333333,30,stock,12812225.319023132
EPAM,117.04000091552734,1537296.6666666667,30,stock,179925203.27410382
EPC,28.8700008392334,548593.3333333334,30,stock,15837889.993731182
EPD,38.939998626708984,3077886.6666666665,30,stock,119852902.5731659
EPM,3.680000066757202,555213.3333333334,30,stock,2043185.1037311556
EPOW,0.3709999918937683,3482540.0,30,stock,1292022.311769724
EPR,59.9900016784668,765913.3333333334,30,stock,45947142.15222677
EPRT,29.639999389648438,1453513.3333333333,30,stock,43082134.31284586
EPRX,8.399999618530273,483910.0,30,stock,4064843.8154029846
EPSM,1.4500000476837158,12986.666666666666,30,stock,18830.66728591919
EPSN,6.179999828338623,161936.66666666666,30,stock,1000768.5722017287
EQ,2.2100000381469727,451166.6666666667,30,stock,997078.3505439758
EQBK,50.970001220703125,96753.33333333333,30,stock,4931517.518107096
EQH,52.959999084472656,2720230.0,30,stock,144063378.30955505
EQIX,1035.97998046875,589616.6666666666,30,stock,610831062.8173828
EQNR,42.09000015258789,2804696.6666666665,30,stock,118049683.12796274
EQPT,19.549999237060547,2449060.0,30,stock,47879121.1315155
EQS,1.0299999713897705,10120.0,30,stock,10423.599710464478
EQT,55.16999816894531,6225986.666666667,30,stock,343487672.9998779
EQX,12.8100004196167,14994833.333333334,30,stock,192083821.2920825
ERAS,16.190000534057617,3457000.0,30,stock,55968831.84623718
ERC,9.180000305175781,60723.333333333336,30,stock,557440.2185312908
ERH,11.449999809265137,26796.666666666668,30,stock,306821.8282222748
ERIE,252.8000030517578,313913.3333333333,30,stock,79357291.62465413
ERII,7.630000114440918,1033236.6666666666,30,stock,7883595.884911219
ERNA,4.309999942779541,38750.0,30,stock,167012.4977827072
ERO,34.900001525878906,1499066.6666666667,30,stock,52317428.954060875
EROC,12.329999923706055,2608913.3333333335,30,stock,32167901.20095571
EROK,25.850000381469727,167786.66666666666,30,stock,4337285.397338867
ES,71.05000305175781,2165353.3333333335,30,stock,153848360.9414673
ESAB,75.0199966430664,724386.6666666666,30,stock,54343485.301615395
ESCA,20.8700008392334,47186.666666666664,30,stock,984785.77293396
ESE,274.0199890136719,198763.33333333334,30,stock,54465126.4163208
ESEA,76.3499984741211,40660.0,30,stock,3104390.9379577637
ESI,36.0099983215332,4612746.666666667,30,stock,166104999.72432455
ESLA,0.6460000276565552,27630.0,30,stock,17848.98076415062
ESLT,703.280029296875,80670.0,30,stock,56733599.963378906
ESNT,69.18000030517578,576763.3333333334,30,stock,39900487.576014206
ESOA,11.789999961853027,177193.33333333334,30,stock,2089109.3932406108
ESP,63.349998474121094,31203.333333333332,30,stock,1976731.1190541585
ESQ,118.95999908447266,141676.66666666666,30,stock,16853856.136957802
ESRT,4.539999961853027,2129113.3333333335,30,stock,9666174.452114105
ESS,278.6099853515625,478130.0,30,stock,133211792.29614258
ESTA,74.29000091552734,492826.6666666667,30,stock,36612093.51786296
ESTC,91.80999755859375,2777550.0,30,stock,255006858.71887207
ETB,15.609999656677246,51253.333333333336,30,stock,800064.5157368978
ETD,22.489999771118164,628643.3333333334,30,stock,14138188.422781628
ETG,24.079999923706055,97416.66666666667,30,stock,2345793.3259010315
ETJ,8.40999984741211,108686.66666666667,30,stock,914054.8500823975
ETN,410.8500061035156,2155736.6666666665,30,stock,885684422.6575724
ETO,31.549999237060547,25636.666666666668,30,stock,808836.8137741089
ETON,58.45000076293945,640813.3333333334,30,stock,37455539.82223511
ETOR,32.470001220703125,1304893.3333333333,30,stock,42369888.1262207
ETR,107.2699966430664,2372550.0,30,stock,254503430.5355072
ETS,0.8299999833106995,63306.666666666664,30,stock,52544.532276789345
ETSS,9.930000305175781,40343.333333333336,30,stock,400609.3123118083
ETSY,76.51000213623047,3048320.0,30,stock,233226969.71191406
ETV,15.329999923706055,148350.0,30,stock,2274205.488681793
ETW,9.850000381469727,284870.0,30,stock,2805969.608669281
ETX,18.149999618530273,18506.666666666668,30,stock,335895.99294026697
ETY,14.4399995803833,278200.0,30,stock,4017207.8832626343
EU,1.2400000095367432,3543453.3333333335,30,stock,4393882.167126338
EUDA,13.489999771118164,9636.666666666666,30,stock,129998.63112767537
EURK,11.505000114440918,3150.0,30,stock,36240.75036048889
EVAC,10.300000190734863,57600.0,30,stock,593280.0109863281
EVC,8.420000076293945,1643146.6666666667,30,stock,13835295.058695477
EVCM,7.920000076293945,140336.66666666666,30,stock,1111466.410706838
EVER,24.90999984741211,624623.3333333334,30,stock,15559367.138023378
EVEX,2.2200000286102295,925093.3333333334,30,stock,2053707.2264671326
EVF,4.940000057220459,49910.0,30,stock,246555.4028558731
EVG,10.579999923706055,45396.666666666664,30,stock,480296.72986984253
EVGN,0.5400000214576721,463183.3333333333,30,stock,250119.0099388361
EVGO,1.5099999904632568,3900953.3333333335,30,stock,5890439.496130943
EVH,4.320000171661377,3434530.0,30,stock,14837170.189576149
EVI,13.65999984741211,97813.33333333333,30,stock,1336130.1184082031
EVLV,5.0,1987843.3333333333,30,stock,9939216.666666666
EVMN,12.270000457763672,446600.0,30,stock,5479782.204437256
EVN,10.619999885559082,77053.33333333333,30,stock,818306.3911819458
EVOX,10.130000114440918,52856.666666666664,30,stock,535438.0393822987
EVR,297.9200134277344,546520.0,30,stock,162819245.7385254
EVRG,81.54000091552734,1971246.6666666667,30,stock,160735455.00473022
EVT,29.079999923706055,93876.66666666667,30,stock,2729933.4595044455
EVTC,30.350000381469727,391056.6666666667,30,stock,11868569.982509613
EVTL,0.5979999899864197,8104833.333333333,30,stock,4846690.252174933
EVV,9.039999961853027,406676.6666666667,30,stock,3676357.051153183
EW,89.9000015258789,3298603.3333333335,30,stock,296544444.6999359
EWAV,9.890000343322754,193037.5,16,stock,1909140.941274166
EWBC,130.77000427246094,641736.6666666666,30,stock,83919906.64179483
EWTX,43.06999969482422,1228863.3333333333,30,stock,52927143.39164734
EXC,43.63999938964844,7289726.666666667,30,stock,318123667.2840373
EXE,97.91000366210938,2815603.3333333335,30,stock,275675732.67771405
EXEL,59.0099983215332,2518426.6666666665,30,stock,148612353.37290445
EXFY,2.380000114440918,1028150.0,30,stock,2446997.11766243
EXG,10.0,407063.3333333333,30,stock,4070633.333333333
EXK,11.119999885559082,8931613.333333334,30,stock,99319539.24452464
EXLS,36.630001068115234,2465306.6666666665,30,stock,90304185.8332316
EXOD,7.409999847412109,101220.0,30,stock,750040.1845550537
EXOZ,6.849999904632568,5136.666666666667,30,stock,35186.16617679596
EXP,194.47999572753906,430380.0,30,stock,83700300.56121826
EXPD,188.8000030517578,963693.3333333334,30,stock,181945304.274292
EXPE,298.0400085449219,1593890.0,30,stock,475042989.2196655
EXPO,68.3499984741211,438170.0,30,stock,29948918.83140564
EXR,139.25,1093113.3333333333,30,stock,152216031.66666666
EXTR,21.700000762939453,1644050.0,30,stock,35675886.25431061
EXYN,2.7899999618530273,1012036.6666666666,30,stock,2823582.2613938646
EYE,16.739999771118164,2148526.6666666665,30,stock,35966335.90824127
EYPT,4.579999923706055,5325990.0,30,stock,24393033.79365921
EZGO,0.890999972820282,76473.33333333333,30,stock,68137.73792147636
EZPW,33.31999969482422,1065920.0,30,stock,35516454.07470703
EZRA,2.8299999237060547,3836680.0,30,stock,10857804.107284546
F,14.619999885559082,46330230.0,30,stock,677347957.297926
FA,21.3799991607666,2179503.3333333335,30,stock,46597779.43755468
FABC,2.509999990463257,221750.0,30,stock,556592.4978852272
FAC,5.210000038146973,292686.6666666667,30,stock,1524897.5444984436
FACT,10.699999809265137,15383.333333333334,30,stock,164601.6637325287
FAF,72.75,666860.0,30,stock,48514065.0
FAMI,0.10999999940395355,38837963.333333336,30,stock,4272175.943517437
FANG,199.22000122070312,1877613.3333333333,30,stock,374058130.5586751
FAST,49.599998474121094,7127933.333333333,30,stock,353545482.4569702
FATE,2.4800000190734863,1753900.0,30,stock,4349672.033452988
FATN,5.869999885559082,100776.66666666667,30,stock,591559.0218003591
FAX,14.470000267028809,122683.33333333333,30,stock,1775227.8660933175
FBGL,0.37700000405311584,225630.0,30,stock,85062.51091450453
FBIN,43.11000061035156,2477263.3333333335,30,stock,106794823.81200156
FBIO,2.7200000286102295,610813.3333333334,30,stock,1661412.2841421764
FBIZ,72.83000183105469,60196.666666666664,30,stock,4384123.343556722
FBK,56.9900016784668,305200.0,30,stock,17393348.512268066
FBLA,15.989999771118164,85590.0,30,stock,1368584.0804100037
FBLG,1.809999942779541,302540.0,30,stock,547597.3826885223
FBNC,65.04000091552734,178843.33333333334,30,stock,11631970.563735962
FBP,28.510000228881836,1232283.3333333333,30,stock,35132398.1153806
FBRT,8.59000015258789,1590570.0,30,stock,13662996.542701721
FBYD,8.140000343322754,98190.0,30,stock,799266.6337108612
FC,19.020000457763672,72786.66666666667,30,stock,1384402.4333190918
FCAP,64.81999969482422,15986.666666666666,30,stock,1036255.7284545898
FCBC,49.09000015258789,82420.0,30,stock,4045997.812576294
FCBM,12.779999732971191,91373.33333333333,30,stock,1167751.1756006875
FCCO,34.560001373291016,51643.333333333336,30,stock,1784793.6709213257
FCEL,14.949999809265137,8203256.666666667,30,stock,122638685.60201964
FCF,21.34000015258789,782100.0,30,stock,16690014.11933899
FCFS,225.6199951171875,413500.0,30,stock,93293867.98095703
FCHL,1.0,169163.33333333334,30,stock,169163.33333333334
FCN,151.6999969482422,409030.0,30,stock,62049849.7517395
FCNCA,2208.489990234375,55426.666666666664,30,stock,122409238.52539062
FCPT,24.93000030517578,731823.3333333334,30,stock,18244355.92333476
FCRS,10.225000381469727,24310.0,30,stock,248569.75927352905
FCUV,17.0,4147193.3333333335,30,stock,70502286.66666667
FCX,72.7300033569336,13882163.333333334,30,stock,1009649785.8348339
FDBC,55.06999969482422,12316.666666666666,30,stock,678278.829574585
FDMM,9.850000381469727,54583.333333333336,24,stock,537645.8541552227
FDMT,14.970000267028809,935503.3333333334,30,stock,14004485.149806341
FDS,301.9599914550781,869700.0,30,stock,262614604.56848145
FDSB,18.645000457763672,5426.666666666667,30,stock,101180.20248413086
FDUS,19.6299991607666,337726.6666666667,30,stock,6629574.183235168
FDX,322.5199890136719,1531373.3333333333,30,stock,493898510.6424967
FDXF,129.4499969482422,1180550.0,30,stock,152822193.8972473
FE,46.77000045776367,4400840.0,30,stock,205827288.81454468
FEAM,1.559999942779541,850680.0,30,stock,1327060.7513237
FEBO,0.7300000190734863,6960.0,30,stock,5080.800132751465
FEED,4.03000020980835,100471.1,30,stock,404898.5540796757
FEIM,60.66999816894531,311310.0,30,stock,18887177.129974365
FELE,99.76000213623047,247710.0,30,stock,24711550.12916565
FEMY,2.9800000190734863,1454533.3333333333,30,stock,4334509.361076355
FENC,12.390000343322754,231153.33333333334,30,stock,2863989.879360199
FER,58.04999923706055,1424996.6666666667,30,stock,82721055.41281383
FERA,10.520000457763672,50973.333333333336,30,stock,536239.490000407
FERG,228.41000366210938,3449556.6666666665,30,stock,787913250.8659871
FET,80.29000091552734,215463.33333333334,30,stock,17299551.23059591
FF,5.260000228881836,512660.0,30,stock,2696591.717338562
FFA,23.329999923706055,27856.666666666668,30,stock,649896.0312080383
FFAI,1.850000023841858,1476606.6666666667,30,stock,2731722.3685383797
FFBC,32.97999954223633,705456.6666666666,30,stock,23265960.54373423
FFIN,33.439998626708984,634896.6666666666,30,stock,21230943.661435444
FFIV,390.4700012207031,633103.3333333334,30,stock,247207859.3394979
FG,25.040000915527344,585586.6666666666,30,stock,14663090.669453938
FGBI,8.539999961853027,17660.0,30,stock,150816.39932632446
FGI,7.409999847412109,3613463.3333333335,30,stock,26775762.748629253
FGII,10.010000228881836,20866.666666666668,30,stock,208875.33810933432
FGL,9.300000190734863,86464.66666666667,30,stock,804121.4164918264
FGNX,8.380000114440918,115096.66666666667,30,stock,964510.0798384349
FHB,26.06999969482422,1798710.0,30,stock,46892369.15107727
FHI,62.400001525878906,554943.3333333334,30,stock,34628464.84677633
FHN,24.940000534057617,4615600.0,30,stock,115113066.46499634
FHTX,4.920000076293945,331760.0,30,stock,1632259.2253112793
FIBK,37.849998474121094,1025303.3333333334,30,stock,38807729.60217794
FICO,932.260009765625,380860.0,30,stock,355060547.31933594
FIEE,3.930000066757202,858293.3333333334,30,stock,3373092.8572972617
FIG,24.1200008392334,19777543.333333332,30,stock,477034361.7979749
FIGR,35.959999084472656,4333153.333333333,30,stock,155820189.8995463
FIGS,14.420000076293945,3005903.3333333335,30,stock,43345126.29599889
FIGX,10.319999694824219,6903.333333333333,30,stock,71242.39789326985
FINS,12.600000381469727,41016.666666666664,30,stock,516810.0156466166
FINW,13.984999656677246,25083.333333333332,30,stock,350790.40805498755
FIP,3.4100000858306885,1425990.0,30,stock,4862626.022393703
FIRY,10.130000114440918,918370.0,30,stock,9303088.205099106
FIS,41.88999938964844,6357023.333333333,30,stock,266295703.5533142
FISI,41.70000076293945,150400.0,30,stock,6271680.114746094
FISN,7.150000095367432,224160.0,30,stock,1602744.0213775635
FISV,53.0,7482566.666666667,30,stock,396576033.3333334
FITB,54.869998931884766,5111776.666666667,30,stock,280483180.2400335
FIVE,252.1999969482422,1107966.6666666667,30,stock,279429189.9520874
FIVN,33.27000045776367,2865763.3333333335,30,stock,95343947.41184235
FIX,1610.3399658203125,423316.6666666667,30,stock,681683746.5311687
FIZZ,32.2400016784668,331930.0,30,stock,10701423.757133484
FJET,2.799999952316284,623440.0,30,stock,1745631.9702720642
FKWL,2.450000047683716,16780.0,30,stock,41111.00080013275
FLC,16.459999084472656,17493.333333333332,30,stock,287940.2506510416
FLD,0.5389999747276306,508356.6666666667,30,stock,274004.2304859559
FLEX,109.51000213623047,3988040.0,30,stock,436730268.91937256
FLG,13.520000457763672,4130140.0,30,stock,55839494.69062805
FLGT,19.729999542236328,296736.6666666667,30,stock,5854614.297498068
FLL,2.069999933242798,126870.0,30,stock,262620.89153051376
FLNA,0.8199999928474426,266350.0,30,stock,218406.99809491634
FLNC,10.350000381469727,7258413.333333333,30,stock,75124580.76886494
FLNG,31.510000228881836,373713.3333333333,30,stock,11775707.218869526
FLNT,3.1500000953674316,32366.666666666668,30,stock,101955.00308672588
FLO,6.269999980926514,6568260.0,30,stock,41182990.07472038
FLOC,21.100000381469727,527170.0,30,stock,11123287.201099396
FLR,56.15999984741211,2719786.6666666665,30,stock,152743218.78499347
FLS,76.63999938964844,1735183.3333333333,30,stock,132984449.6075948
FLUT,100.11000061035156,3299460.0,30,stock,330308942.61383057
FLUX,0.5889999866485596,747733.3333333334,30,stock,440414.9233500163
FLWS,3.7300000190734863,206396.66666666666,30,stock,769859.5706033707
FLXS,82.16000366210938,76143.33333333333,30,stock,6255936.545511881
FLY,21.670000076293945,2906146.6666666665,30,stock,62976198.48838806
FLYE,2.0,2853923.3333333335,30,stock,5707846.666666667
FLYW,18.549999237060547,1851173.3333333333,30,stock,34339263.92100016
FLYX,1.149999976158142,364253.3333333333,30,stock,418891.3246488571
FMAC,10.09000015258789,16910.0,30,stock,170621.90258026123
FMAO,35.27000045776367,74433.33333333333,30,stock,2625263.7007395425
FMBH,51.33000183105469,117543.33333333333,30,stock,6033499.5152282715
FMC,12.970000267028809,3542000.0,30,stock,45939740.94581604
FMFC,0.20100000500679016,9047720.0,30,stock,1818591.7653000355
FMN,10.899999618530273,19940.0,30,stock,217345.99239349365
FMNB,16.06999969482422,389320.0,30,stock,6256372.281188965
FMST,0.9580000042915344,92610.0,30,stock,88720.380397439
FMX,120.41000366210938,463093.3333333333,30,stock,55761069.9625651
FMY,11.430000305175781,3776.6666666666665,30,stock,43167.301152547196
FN,407.3999938964844,986050.0,30,stock,401716763.9816284
FNB,18.670000076293945,3554036.6666666665,30,stock,66353864.837818146
FND,50.22999954223633,2487403.3333333335,30,stock,124942268.29469046
FNF,45.779998779296875,1635400.0,30,stock,74868610.00366211
FNGR,0.19699999690055847,52893293.333333336,30,stock,10419978.622726997
FNKO,5.679999828338623,1353826.6666666667,30,stock,7689735.234266917
FNLC,35.13999938964844,27536.666666666668,30,stock,967638.4498596191
FNRN,17.350000381469727,107790.0,30,stock,1870156.5411186218
FNUC,1.5099999904632568,324530.0,30,stock,490040.29690504074
FNV,266.17999267578125,801233.3333333334,30,stock,213272282.79825848
FNWB,11.0,21670.0,30,stock,238370.0
FNWD,43.900001525878906,13920.0,30,stock,611088.0212402344
FOA,17.15999984741211,52570.0,30,stock,902101.1919784546
FOF,13.390000343322754,47390.0,30,stock,634552.1162700653
FOFO,2.180000066757202,11903.333333333334,30,stock,25949.267461299896
FOR,27.889999389648438,108600.0,30,stock,3028853.9337158203
FORM,103.9000015258789,1275036.6666666667,30,stock,132476311.61221823
FORR,12.649999618530273,105846.66666666667,30,stock,1338960.2929560344
FOSL,5.150000095367432,951986.6666666666,30,stock,4902731.424121857
FOUR,45.939998626708984,1892660.0,30,stock,86948797.80082703
FOX,58.41999816894531,1057913.3333333333,30,stock,61803294.99623616
FOXA,65.41999816894531,5050460.0,30,stock,330401083.95233154
FOXF,21.520000457763672,532763.3333333334,30,stock,11465067.177213034
FOXX,2.5999999046325684,13383.333333333334,30,stock,34796.66539033254
FPH,5.159999847412109,167360.0,30,stock,863577.5744628906
FPI,10.649999618530273,525053.3333333334,30,stock,5591817.799708049
FPS,31.350000381469727,6363390.0,30,stock,199492278.92744064
FR,61.849998474121094,855366.6666666666,30,stock,52904427.02814738
FRA,10.880000114440918,152646.66666666666,30,stock,1660795.750802358
FRAF,64.26000213623047,32543.333333333332,30,stock,2091234.66952006
FRBA,18.350000381469727,108346.66666666667,30,stock,1988161.3746643066
FRBT,19.139999389648438,116716.66666666667,30,stock,2233956.9287618003
FRD,45.599998474121094,82923.33333333333,30,stock,3781303.8734690347
FRGT,1.0700000524520874,595640.0,30,stock,637334.8312425613
FRHC,164.5399932861328,117226.66666666667,30,stock,19288474.946289062
FRME,42.060001373291016,371560.0,30,stock,15627814.11026001
FRMEP,25.0,2036.6666666666667,30,stock,50916.66666666667
FRMI,5.119999885559082,18583340.0,30,stock,95146698.67330551
FRMM,5.309999942779541,168236.66666666666,30,stock,893336.6903734207
FRNM,16.309999465942383,919083.3333333334,30,stock,14990248.675823212
FRO,46.119998931884766,2194543.3333333335,30,stock,101212336.18930817
FROG,87.5999984741211,2262736.6666666665,30,stock,198215728.54733783
FRPH,22.59000015258789,102520.0,30,stock,2315926.8156433105
FRPT,70.23999786376953,1344433.3333333333,30,stock,94432994.46131387
FRSH,12.729999542236328,6827966.666666667,30,stock,86920012.54107158
FRST,16.3799991607666,165656.66666666666,30,stock,2713456.0609753923
FRT,117.08999633789062,783766.6666666666,30,stock,91771236.12976074
FRTT,0.9200000166893005,3405180.0,30,stock,3132765.6568300724
FRVO,18.15999984741211,5556386.666666667,30,stock,100903981.01882935
FSBC,46.959999084472656,164050.0,30,stock,7703787.849807739
FSBW,43.880001068115234,20473.333333333332,30,stock,898369.8885345459
FSCO,5.300000190734863,864870.0,30,stock,4583811.164960861
FSEA,17.184999465942383,4246.666666666667,30,stock,72978.964398702
FSHP,11.380000114440918,4626.666666666667,30,stock,52651.46719614665
FSI,5.760000228881836,21146.666666666668,30,stock,121804.80484008789
FSK,12.4399995803833,2130256.6666666665,30,stock,26500392.03944206
FSLR,204.4499969482422,2350930.0,30,stock,480647631.325531
FSLY,20.59000015258789,5735546.666666667,30,stock,118094906.74184164
FSM,12.3100004196167,5809156.666666667,30,stock,71510721.00428581
FSP,0.4000000059604645,369786.6666666667,30,stock,147914.66887076697
FSS,119.27999877929688,402170.0,30,stock,47970837.109069824
FSSL,11.979999542236328,230960.0,30,stock,2766900.6942749023
FSTR,38.02000045776367,68430.0,30,stock,2601708.631324768
FSUN,40.91999816894531,292203.3333333333,30,stock,11956959.864959717
FSV,144.11000061035156,225060.0,30,stock,32433396.737365723
FT,7.690000057220459,56746.666666666664,30,stock,436381.86991373694
FTAI,196.27999877929688,1552323.3333333333,30,stock,304690021.9717407
FTCI,2.5299999713897705,277266.6666666667,30,stock,701484.6587340038
FTDR,82.5999984741211,502906.6666666667,30,stock,41540089.89929199
FTEK,1.5499999523162842,149426.66666666666,30,stock,231611.3262081146
FTF,5.71999979019165,172710.0,30,stock,987901.1637639999
FTFT,1.6299999952316284,668477.5,30,stock,1089618.321812451
FTH,40.04999923706055,301510.0,30,stock,12075475.269966125
FTHA,9.970000267028809,2800.0,30,stock,27916.000747680664
FTHM,0.6769999861717224,115003.33333333333,30,stock,77857.25507636864
FTHY,13.25,92303.33333333333,30,stock,1223019.1666666665
FTI,79.83999633789062,3078746.6666666665,30,stock,245807122.59195963
FTK,23.540000915527344,669383.3333333334,30,stock,15757284.279505413
FTLF,9.819999694824219,12306.666666666666,30,stock,120851.46291097005
FTNT,156.2899932861328,5138020.0,30,stock,803021111.3040161
FTRA,9.890000343322754,83903.33333333333,30,stock,829803.9954725901
FTRE,17.700000762939453,1462350.0,30,stock,25883596.11568451
FTS,55.2599983215332,778146.6666666666,30,stock,43000383.493906654
FTV,56.939998626708984,2587836.6666666665,30,stock,147351416.24614716
FTW,10.420000076293945,103336.66666666667,30,stock,1076768.0745506287
FUBO,11.25,1520723.3333333333,30,stock,17108137.5
FUFU,1.3300000429153442,192450.0,30,stock,255958.508259058
FUL,53.88999938964844,632406.6666666666,30,stock,34080394.88067627
FULC,3.8499999046325684,1681770.0,30,stock,6474814.3396139145
FULT,24.100000381469727,1504070.0,30,stock,36248087.57375717
FUN,15.510000228881836,2196853.3333333335,30,stock,34073195.702819824
FUNC,44.36000061035156,18133.333333333332,30,stock,804394.677734375
FUND,10.75,25080.0,30,stock,269610.0
FURY,0.609000027179718,285396.6666666667,30,stock,173806.57775700092
FUSB,16.479999542236328,26683.333333333332,30,stock,439741.32111867267
FUSE,0.6200000047683716,2935476.6666666665,30,stock,1819995.5473307767
FVAV,10.350000381469727,25276.666666666668,30,stock,261613.50964228314
FVCB,18.719999313354492,83173.33333333333,30,stock,1557004.7428894043
FVN,10.289999961853027,137813.33333333334,30,stock,1418099.1947428386
FVR,19.079999923706055,187490.0,30,stock,3577309.185695648
FVRR,9.25,806813.3333333334,30,stock,7463023.333333334
FWAC,9.90999984741211,91250.0,26,stock,904287.486076355
FWDI,6.309999942779541,1580096.6666666667,30,stock,9970409.876252811
FWONA,88.37999725341797,136423.33333333334,30,stock,12057093.825302124
FWONK,95.5,1948020.0,30,stock,186035910.0
FWRD,17.889999389648438,606603.3333333334,30,stock,10852133.263092041
FWRG,12.050000190734863,1130106.6666666667,30,stock,13617785.548884075
FXAC,10.050000190734863,26536.666666666668,30,stock,266693.5050614675
FXHO,11.779999732971191,216186.66666666666,30,stock,2546678.875605265
FXNC,31.600000381469727,31846.666666666668,30,stock,1006354.6788152059
G,37.31999969482422,2449696.6666666665,30,stock,91422678.8524119
GAB,5.670000076293945,639650.0,30,stock,3626815.548801422
GABC,50.0099983215332,141160.0,30,stock,7059411.363067627
GAIA,1.600000023841858,133116.66666666666,30,stock,212986.6698404153
GAIN,16.399999618530273,189226.66666666666,30,stock,3103317.2611490884
GALT,4.610000133514404,352300.0,30,stock,1624103.0470371246
GAM,66.4800033569336,16753.333333333332,30,stock,1113761.6562398274
GAME,2.950000047683716,211457.66666666666,30,stock,623800.126749754
GANX,1.7999999523162842,449003.3333333333,30,stock,808205.9785898526
GAP,22.43000030517578,7417523.333333333,30,stock,166375050.63031512
GASS,9.289999961853027,122096.66666666667,30,stock,1134278.0286757152
GATX,178.11000061035156,205463.33333333334,30,stock,36595074.42540487
GAU,2.2699999809265137,3027676.6666666665,30,stock,6872825.975584984
GAUZ,0.3869999945163727,9786690.0,30,stock,3787448.9763334394
GBCI,46.83000183105469,986950.0,30,stock,46218870.307159424
GBDC,13.0,1105803.3333333333,30,stock,14375443.333333332
GBFH,20.309999465942383,111560.0,30,stock,2265783.540420532
GBLI,30.360000610351562,6273.333333333333,30,stock,190458.40382893878
GBR,0.800000011920929,22663.333333333332,30,stock,18130.666936834652
GBTG,9.479999542236328,1667313.3333333333,30,stock,15806129.636764526
GBX,43.2599983215332,355476.6666666667,30,stock,15377920.00334422
GCBC,35.650001525878906,26986.666666666668,30,stock,962074.7078450521
GCDT,0.37400001287460327,662316.6666666666,30,stock,247706.44186039764
GCGR,10.170000076293945,49983.333333333336,30,stock,508330.5038134257
GCL,0.5400000214576721,914956.6666666666,30,stock,494076.61963284016
GCMG,13.270000457763672,449750.0,30,stock,5968182.705879211
GCO,35.810001373291016,226466.66666666666,30,stock,8109771.644337972
GCT,51.75,651416.6666666666,30,stock,33710812.5
GCTK,2.9800000190734863,1164882.7,30,stock,3471350.468218374
GCTS,1.7699999809265137,2259946.6666666665,30,stock,4000105.556894938
GCV,4.559999942779541,35806.666666666664,30,stock,163278.3979511261
GD,359.3900146484375,1003963.3333333334,30,stock,360814397.0731608
GDC,1.5099999904632568,1284130.0,30,stock,1939036.287753582
GDDY,101.30999755859375,2099963.3333333335,30,stock,212747280.1731364
GDEV,11.399999618530273,7783.333333333333,30,stock,88729.99703089395
GDHG,1.2400000095367432,23400.0,30,stock,29016.00022315979
GDL,8.420000076293945,10133.333333333334,30,stock,85322.66743977866
GDO,10.100000381469727,46876.666666666664,30,stock,473454.35121536255
GDOT,13.329999923706055,347870.0,30,stock,4637107.073459625
GDRX,3.4800000190734863,1733046.6666666667,30,stock,6031002.4330552425
GDS,31.364999771118164,1696553.3333333333,30,stock,53212394.91168976
GDTC,0.8610000014305115,41993.333333333336,30,stock,36156.260060071945
GDV,29.979999542236328,91226.66666666667,30,stock,2734975.424906413
GDYN,8.0600004196167,1711120.0,30,stock,13791627.918014526
GE,337.1199951171875,3479253.3333333335,30,stock,1172925866.7447917
GECC,6.0,58080.0,30,stock,348480.0
GEF,85.0,296796.6666666667,30,stock,25227716.666666668
GEG,2.2200000286102295,12816.666666666666,30,stock,28453.000366687775
GEHC,68.86000061035156,3709906.6666666665,30,stock,255464175.33101398
GELS,0.8999999761581421,4803036.666666667,30,stock,4322732.885486683
GEMI,4.679999828338623,2418463.3333333335,30,stock,11318407.984843254
GEN,30.649999618530273,5457786.666666667,30,stock,167281159.25135297
GENB,16.389999389648438,1133273.3333333333,30,stock,18574349.241638184
GENC,18.420000076293945,63576.666666666664,30,stock,1171082.2048505147
GENI,7.489999771118164,6471660.0,30,stock,48472731.91875458
GENK,1.899999976158142,373690.0,30,stock,710010.9910905361
GEO,31.770000457763672,2026200.0,30,stock,64372374.92752075
GEOS,5.380000114440918,136253.33333333334,30,stock,733042.9489262899
GERN,1.5700000524520874,11481066.666666666,30,stock,18025275.268872578
GETY,0.2370000034570694,3738166.6666666665,30,stock,885945.5129231015
GEV,941.9500122070312,2242613.3333333335,30,stock,2112429656.7089846
GEVO,1.6399999856948853,2696696.6666666665,30,stock,4422582.494756778
GF,11.5,22380.0,30,stock,257370.0
GFAI,0.38499999046325684,233470.0,30,stock,89885.94777345657
GFF,99.68000030517578,344010.0,30,stock,34290916.90498352
GFL,43.72999954223633,2142173.3333333335,30,stock,93677238.88605754
GFR,6.159999847412109,632373.3333333334,30,stock,3895419.636840821
GFS,45.209999084472656,4300230.0,30,stock,194413394.36302185
GFUZ,8.239999771118164,226290.0,30,stock,1864629.5482063293
GGB,4.96999979019165,11594320.0,30,stock,57623767.967414856
GGG,77.87999725341797,2135940.0,30,stock,166347001.33346558
GGN,5.630000114440918,543283.3333333334,30,stock,3058685.2288405104
GGR,2.6600000858306885,68323.33333333333,30,stock,181740.0725309054
GGT,4.059999942779541,353903.3333333333,30,stock,1436847.513082822
GGZ,16.25,6550.0,30,stock,106437.5
GH,161.41000366210938,2131653.3333333335,30,stock,344070172.339681
GHC,1135.8900146484375,31526.666666666668,30,stock,35810825.861816406
GHM,87.77999877929688,196103.33333333334,30,stock,17213950.36061605
GHRS,28.229999542236328,281536.6666666667,30,stock,7947779.971122743
GHXI,10.100000381469727,132876.4705882353,17,stock,1342052.4036295274
GHY,11.489999771118164,148790.0,30,stock,1709597.0659446716
GIB,73.6500015258789,440556.6666666667,30,stock,32446999.172236126
GIBO,33.70000076293945,6273.333333333333,30,stock,211411.33811950684
GIC,39.810001373291016,130983.33333333333,30,stock,5214446.679878235
GIFT,0.7839999794960022,64823.333333333336,30,stock,50821.492004195854
GIGM,1.3899999856948853,5260.0,30,stock,7311.399924755096
GIII,27.739999771118164,533823.3333333334,30,stock,14808259.144484203
GIL,53.400001525878906,1256513.3333333333,30,stock,67097813.917287186
GILD,151.0,6225243.333333333,30,stock,940011743.3333333
GILT,10.119999885559082,576663.3333333334,30,stock,5835832.867339453
GIPR,0.5389999747276306,16415846.666666666,30,stock,8848140.938465992
GIS,38.290000915527344,8447123.333333334,30,stock,323440360.16690576
GITS,2.065000057220459,144940.0,30,stock,299301.1082935333
GIW,10.170000076293945,78643.33333333333,30,stock,799802.7060000101
GIX,9.989999771118164,57626.666666666664,30,stock,575690.3868103027
GJH,9.4399995803833,1163.3333333333333,30,stock,10981.866178512573
GJO,24.649999618530273,436.6666666666667,30,stock,10763.83316675822
GJP,24.5,880.0,30,stock,21560.0
GJR,24.719999313354492,350.0,30,stock,8651.999759674072
GJS,23.31999969482422,543.3333333333334,30,stock,12670.53316752116
GJT,23.219999313354492,703.3333333333334,30,stock,16331.399517059326
GKOS,177.47000122070312,832106.6666666666,30,stock,147673971.14908853
GL,174.27000427246094,537390.0,30,stock,93650957.59597778
GLAD,20.100000381469727,164796.66666666666,30,stock,3312413.062864939
GLAS,8.880000114440918,439480.0,30,stock,3902582.4502944946
GLBE,38.369998931884766,1402610.0,30,stock,53818144.20185089
GLBS,3.690000057220459,168563.33333333334,30,stock,621998.7096452713
GLDG,1.0800000429153442,772940.0,30,stock,834775.2331709862
GLE,0.5099999904632568,5342623.333333333,30,stock,2724737.8490487733
GLED,10.010000228881836,13990.0,30,stock,140039.90320205688
GLIBA,26.6200008392334,39193.333333333336,30,stock,1043326.5662256877
GLIBK,26.270000457763672,384866.6666666667,30,stock,10110447.509511312
GLMD,3.880000114440918,39674.3,30,stock,153936.2885403633
GLND,1.3700000047683716,1359446.6666666667,30,stock,1862441.9398156803
GLNG,52.119998931884766,1288483.3333333333,30,stock,67155749.95708466
GLO,5.659999847412109,101173.33333333333,30,stock,572641.0512288411
GLOB,39.130001068115234,1726850.0,30,stock,67571642.34447479
GLOO,3.0950000286102295,121713.33333333333,30,stock,376702.770148913
GLPI,41.91999816894531,3485633.3333333335,30,stock,146117742.9509481
GLQ,7.900000095367432,42016.666666666664,30,stock,331931.67067368823
GLRE,15.420000076293945,133836.66666666666,30,stock,2063761.4102109272
GLSI,15.949999809265137,124796.66666666667,30,stock,1990506.8095302582
GLU,19.290000915527344,7820.0,30,stock,150847.80715942383
GLUE,13.84000015258789,1384926.6666666667,30,stock,19167385.277989708
GLV,6.079999923706055,44706.666666666664,30,stock,271816.52992248535
GLW,154.3000030517578,11908036.666666666,30,stock,1837410094.0071106
GLXG,0.9409999847412109,245833.33333333334,30,stock,231329.1629155477
GLXY,26.329999923706055,6550400.0,30,stock,172472031.50024414
GM,87.76000213623047,5806083.333333333,30,stock,509541885.73646545
GMAB,33.599998474121094,2486476.6666666665,30,stock,83545612.2059377
GME,19.15999984741211,7080443.333333333,30,stock,135661293.18627673
GMED,78.29000091552734,1284696.6666666667,30,stock,100578903.20950827
GMEX,0.7400000095367432,1559666.6666666667,30,stock,1154153.3482074738
GMHS,0.8149999976158142,277760.0,30,stock,226374.39933776855
GMM,2.0999999046325684,907443.3333333334,30,stock,1905630.91345946
GMRS,13.460000038146973,673300.0,30,stock,9062618.025684357
GMTL,10.819999694824219,191603.33333333334,30,stock,2073148.0081939697
GNE,15.510000228881836,73076.66666666667,30,stock,1133419.1167259216
GNK,27.649999618530273,544203.3333333334,30,stock,15047221.95906957
GNL,9.119999885559082,2397346.6666666665,30,stock,21863801.325645447
GNLN,2.799999952316284,55483.333333333336,30,stock,155353.33068768185
GNLX,2.440000057220459,341233.3333333333,30,stock,832609.3528588612
GNPX,3.5,331596.6666666667,30,stock,1160588.3333333335
GNRC,187.35000610351562,1176700.0,30,stock,220454752.18200684
GNS,0.1809999942779541,3453873.3333333335,30,stock,625151.0535701116
GNSS,1.4500000476837158,90673.33333333333,30,stock,131476.3376569748
GNT,9.1899995803833,86780.0,30,stock,797508.1635856628
GNTX,23.139999389648438,2446733.3333333335,30,stock,56617407.83996582
GNW,10.350000381469727,2759263.3333333335,30,stock,28558376.55257543
GO,12.380000114440918,2785043.3333333335,30,stock,34478836.78538959
GOAI,2.869999885559082,169073.33333333334,30,stock,485240.4473177592
GOF,9.380000114440918,2723163.3333333335,30,stock,25543272.37830798
GOGO,2.8399999141693115,2065406.6666666667,30,stock,5865754.756058058
GOLD,46.130001068115234,528873.3333333334,30,stock,24396927.43156433
GOLF,86.87999725341797,407246.6666666667,30,stock,35381589.28146362
GOOD,13.109999656677246,393666.6666666667,30,stock,5160969.864845276
GOOG,335.30999755859375,17369216.666666668,30,stock,5824071998.0946865
GOOGL,338.4599914550781,25781753.333333332,30,stock,8726092012.89693
GOOS,8.140000343322754,809980.0,30,stock,6593237.478084564
GORO,4.150000095367432,1430250.0,30,stock,5935537.636399269
GOSS,0.17499999701976776,37800266.666666664,30,stock,6615046.554013093
GOVX,0.4830000102519989,902760.0,30,stock,436033.0892550945
GP,0.8500000238418579,314756.6666666667,30,stock,267543.1741710504
GPAC,10.0600004196167,91043.33333333333,30,stock,915895.9715366364
GPAT,10.970000267028809,786.6666666666666,30,stock,8629.733543395996
GPC,138.0800018310547,1134080.0,30,stock,156593768.4765625
GPGI,13.630000114440918,1534320.0,30,stock,20912781.77558899
GPI,300.760009765625,222386.66666666666,30,stock,66885016.03841145
GPK,10.430000305175781,4663886.666666667,30,stock,48644339.356638595
GPMT,1.0399999618530273,260000.0,30,stock,270399.9900817871
GPN,92.54000091552734,2978910.0,30,stock,275668334.12727356
GPOR,179.39999389648438,293773.3333333333,30,stock,52702934.20694987
GPRE,15.449999809265137,1561310.0,30,stock,24122239.20220375
GPRK,11.5600004196167,600833.3333333334,30,stock,6945633.585453033
GPRO,1.7000000476837158,53986916.666666664,30,stock,91777760.90763012
GPUS,0.1899999976158142,18102135.333333332,30,stock,3439405.670174479
GRAB,3.4200000762939453,41037516.666666664,30,stock,140348310.13091403
GRAL,80.33999633789062,690626.6666666666,30,stock,55484943.87084961
GRAN,1.190000057220459,3330.0,30,stock,3962.7001905441284
GRBK,71.08999633789062,289660.0,30,stock,20591928.3392334
GRC,75.33999633789062,165553.33333333334,30,stock,12472787.52705892
GRCE,2.0999999046325684,200796.66666666666,30,stock,421672.9808505376
GRDN,40.77000045776367,370033.3333333333,30,stock,15086259.169387817
GRDX,3.25,127443.33333333333,30,stock,414190.8333333333
GRF,10.220000267028809,3890.0,30,stock,39755.801038742065
GRI,2.880000114440918,593343.3333333334,30,stock,1708828.8679027557
GRML,4.760000228881836,478142.93333333335,30,stock,2275960.472104899
GRMN,277.0299987792969,1008593.3333333334,30,stock,279410609.9021403
GRND,15.25,1544546.6666666667,30,stock,23554336.666666668
GRNQ,18.700000762939453,28831.666666666668,30,stock,539152.1886634827
GRNT,5.079999923706055,1053160.0,30,stock,5350052.719650269
GRO,2.490000009536743,198900.0,30,stock,495261.0018968582
GROV,1.0700000524520874,70303.33333333333,30,stock,75224.57035422325
GROW,2.9800000190734863,19436.666666666668,30,stock,57921.26703739166
GROY,3.3499999046325684,2274870.0,30,stock,7620814.283051491
GRPN,18.8700008392334,1300466.6666666667,30,stock,24539807.09139506
GRRR,13.789999961853027,1059300.0,30,stock,14607746.959590912
GRSD,1.899999976158142,305243.3333333333,30,stock,579962.3260557652
GRVY,72.98999786376953,46143.333333333336,30,stock,3368001.8014272056
GRWG,1.6449999809265137,450483.3333333333,30,stock,741045.0747410456
GRX,10.029999732971191,22480.0,30,stock,225474.39399719238
GS,1038.6099853515625,1906836.6666666667,30,stock,1980459602.434489
GSAT,82.33999633789062,850396.6666666666,30,stock,70021658.41908772
GSBC,80.23999786376953,93050.0,30,stock,7466331.801223755
GSBD,9.979999542236328,933930.0,30,stock,9320620.972480774
GSHD,65.20999908447266,396650.0,30,stock,25865546.13685608
GSHR,10.520000457763672,46260.0,30,stock,486655.22117614746
GSIT,5.349999904632568,530546.6666666666,30,stock,2838424.6160697937
GSIW,16.5,20646.666666666668,30,stock,340670.0
GSL,46.400001525878906,344990.0,30,stock,16007536.526412964
GSM,4.670000076293945,1696326.6666666667,30,stock,7921845.662752788
GSRF,10.229999542236328,16366.666666666666,30,stock,167430.99250793457
GSRV,9.899999618530273,85273.33333333333,30,stock,844205.9674708048
GSUN,0.257999986410141,11025726.666666666,30,stock,2844637.330161929
GT,6.25,8243800.0,30,stock,51523750.0
GTBP,0.2409999966621399,467393.3333333333,30,stock,112641.79177323976
GTE,10.100000381469727,1402346.6666666667,30,stock,14163701.868286133
GTEC,0.9549999833106995,778686.6666666666,30,stock,743645.7536709309
GTEN,10.680000305175781,55343.333333333336,30,stock,591066.8168894451
GTERA,10.40999984741211,11700.0,30,stock,121796.99821472168
GTES,25.950000762939453,1911616.6666666667,30,stock,49606453.95844778
GTIM,1.5199999809265137,72390.0,30,stock,110032.79861927032
GTLB,49.83000183105469,5435846.666666667,30,stock,270868249.3533325
GTM,4.130000114440918,6654366.666666667,30,stock,27482535.094865166
GTN,4.949999809265137,1164323.3333333333,30,stock,5763400.277922948
GTX,27.969999313354492,2642476.6666666665,30,stock,73910070.55222192
GTY,32.529998779296875,479316.6666666667,30,stock,15592170.581563314
GUAC,9.930000305175781,55886.666666666664,30,stock,554954.6170552571
GUG,15.449999809265137,107273.33333333333,30,stock,1657372.9795392354
GURE,3.6600000858306885,9626.666666666666,30,stock,35233.60082626343
GUT,6.53000020980835,160286.66666666666,30,stock,1046671.9669628142
GUTS,0.6970000267028809,1463793.3333333333,30,stock,1020263.9924208323
GVA,119.30000305175781,759403.3333333334,30,stock,90596819.98418173
GVH,1.0099999904632568,683056.6666666666,30,stock,689887.2268191973
GWAV,5.199999809265137,200210.0,30,stock,1041091.961812973
GWH,0.34200000762939453,980996.6666666666,30,stock,335500.8674844106
GWRE,162.4199981689453,1303456.6666666667,30,stock,211707429.41329956
GWRS,8.899999618530273,104430.0,30,stock,929426.9601631165
GWW,1324.489990234375,257323.33333333334,30,stock,340822179.2537435
GXAI,0.7549999952316284,4725246.666666667,30,stock,3567561.210801602
GXO,48.31999969482422,1485140.0,30,stock,71761964.34677124
GYGY,1.25,3382340.7407407407,27,stock,4227925.925925925
GYRE,6.860000133514404,52223.333333333336,30,stock,358252.07363923395
GYRO,5.0,2026.6666666666667,30,stock,10133.333333333334
H,165.85000610351562,825133.3333333334,30,stock,136848368.36954755
HACQ,10.0600004196167,2636.6666666666665,30,stock,26524.86777305603
HAE,102.91999816894531,814293.3333333334,30,stock,83807068.37565105
HAFC,32.060001373291016,210426.66666666666,30,stock,6746279.222310384
HAFN,9.220000267028809,1296183.3333333333,30,stock,11950810.679451624
HAIN,0.75,744916.6666666666,30,stock,558687.5
HAL,37.06999969482422,10905256.666666666,30,stock,404257861.3053131
HALO,110.19000244140625,2126296.6666666665,30,stock,234296634.89115396
HAO,3.390000104904175,332100.3333333333,30,stock,1125820.1648387113
HAPN,17.75,1338710.0,30,stock,23762102.5
HAS,92.52999877929688,1620593.3333333333,30,stock,149953499.15506998
HASI,38.34000015258789,1059213.3333333333,30,stock,40610239.36162312
HAVA,10.210000038146973,50916.666666666664,30,stock,519859.16860898334
HAWK,17.360000610351562,979853.3333333334,30,stock,17010254.46472168
HAYW,13.920000076293945,2320683.3333333335,30,stock,32303912.17705409
HBAN,17.030000686645508,22194603.333333332,30,stock,377974110.0064913
HBB,31.0,81433.33333333333,30,stock,2524433.333333333
HBCP,70.36000061035156,84216.66666666667,30,stock,5925484.718068441
HBIO,8.020000457763672,20396.666666666668,30,stock,163581.2760035197
HBM,27.43000030517578,4657500.0,30,stock,127755226.4213562
HBNB,5.21999979019165,3036.6666666666665,30,stock,15851.399362881977
HBNC,19.90999984741211,511946.6666666667,30,stock,10192858.055216473
HBT,36.59000015258789,130906.66666666667,30,stock,4789874.9533081055
HCA,405.0,1304483.3333333333,30,stock,528315749.99999994
HCAC,10.100000381469727,37353.333333333336,30,stock,377268.6809158325
HCAI,4.260000228881836,31796.666666666668,30,stock,135453.80727767944
HCAT,1.690000057220459,790526.6666666666,30,stock,1335990.1119009652
HCC,104.44999694824219,640036.6666666666,30,stock,66851827.88009643
HCI,187.63999938964844,156233.33333333334,30,stock,29315622.57130941
HCIC,9.989999771118164,22963.333333333332,30,stock,229403.6947441101
HCKT,11.210000038146973,300403.3333333333,30,stock,3367521.3781261444
HCMA,10.279999732971191,12020.0,30,stock,123565.59679031372
HCSG,21.81999969482422,686593.3333333334,30,stock,14981466.323801678
HCTI,0.7910000085830688,1900706.6666666667,30,stock,1503458.9896472297
HCWB,2.940000057220459,158693.33333333334,30,stock,466558.4090805054
HCWC,7.019999980926514,750090.8333333334,30,stock,5265637.635693153
HD,321.04998779296875,3753723.3333333335,30,stock,1205132830.3448486
HDB,23.18000030517578,9447976.666666666,30,stock,219004102.01662698
HDRN,1.7899999618530273,79003.33333333333,30,stock,141415.96365292865
HDSN,5.349999904632568,642850.0,30,stock,3439247.4386930466
HE,11.09000015258789,2121753.3333333335,30,stock,23530244.790420532
HEI,325.4800109863281,478283.3333333333,30,stock,155671664.58791095
HEI-A,240.17999267578125,249666.66666666666,30,stock,59964938.17138672
HELE,28.399999618530273,347876.6666666667,30,stock,9879697.200628918
HELP,12.220000267028809,1713120.0,30,stock,20934326.857452393
HEQ,11.859999656677246,20836.666666666668,30,stock,247122.8595129649
HERZ,16.200000762939453,18503.333333333332,30,stock,299754.014116923
HESM,39.90999984741211,1345016.6666666667,30,stock,53679614.96143341
HFBL,25.989999771118164,1423.3333333333333,30,stock,36992.43300755818
HFFG,1.7699999809265137,283173.3333333333,30,stock,501216.7945988973
HFRO,7.409999847412109,123856.66666666667,30,stock,917777.8811009725
HFWA,29.290000915527344,343516.6666666667,30,stock,10061603.48116557
HG,35.599998474121094,374243.3333333333,30,stock,13323062.095616657
HGBL,1.3600000143051147,318023.3333333333,30,stock,432511.7378826936
HGLB,7.409999847412109,77270.0,30,stock,572570.6882095337
HGTY,13.550000190734863,145026.66666666666,30,stock,1965111.3609949746
HGV,42.04999923706055,1089126.6666666667,30,stock,45797775.50239563
HHH,64.12000274658203,436313.3333333333,30,stock,27976412.131703693
HHS,4.269999980926514,272750.0,30,stock,1164642.4947977066
HIFS,307.989990234375,50300.0,30,stock,15491896.508789062
HIG,138.3699951171875,1447826.6666666667,30,stock,200335768.79720053
HIHO,0.9200000166893005,123530.0,30,stock,113647.6020616293
HII,285.92999267578125,496706.6666666667,30,stock,142023333.56201172
HIMS,27.709999084472656,13102546.666666666,30,stock,363071556.13759357
HIND,2.2200000286102295,8153.333333333333,30,stock,18100.400233268738
HIO,3.4600000381469727,349996.6666666667,30,stock,1210988.48001798
HIPO,33.869998931884766,195070.0,30,stock,6607020.691642761
HIT,0.9800000190734863,64353.333333333336,30,stock,63066.26789410909
HITI,2.565000057220459,432570.0,30,stock,1109542.074751854
HIVE,3.109999895095825,21799683.333333332,30,stock,67797012.87978888
HIW,31.190000534057617,1193793.3333333333,30,stock,37234414.704221085
HIX,3.880000114440918,338386.6666666667,30,stock,1312940.3053919475
HKIT,2.8380000591278076,140150.0,30,stock,397745.70828676224
HKPD,0.12800000607967377,4102496.6666666665,30,stock,525119.5982751746
HL,20.68000030517578,35365123.333333336,30,stock,731350761.3259125
HLF,12.380000114440918,1685923.3333333333,30,stock,20871731.059605278
HLI,137.11000061035156,897546.6666666666,30,stock,123062624.01448567
HLIO,71.62000274658203,304203.3333333333,30,stock,21787043.56885274
HLIT,11.779999732971191,1550100.0,30,stock,18260177.586078644
HLLY,3.049999952316284,909753.3333333334,30,stock,2774747.6232862473
HLMN,7.679999828338623,1391013.3333333333,30,stock,10682982.161216736
HLNE,103.05999755859375,670353.3333333334,30,stock,69086612.89672852
HLP,1.4299999475479126,62123.333333333336,30,stock,88836.36340816817
HLT,311.17999267578125,1974590.0,30,stock,614452901.7376709
HLXC,10.699000358581543,22216.666666666668,30,stock,237696.1246331533
HMC,32.66999816894531,1069456.6666666667,30,stock,34939147.34176636
HMH,19.5,197913.33333333334,30,stock,3859310.0
HMN,50.939998626708984,229393.33333333334,30,stock,11685296.084976196
HMR,1.3300000429153442,60893.333333333336,30,stock,80988.1359465917
HMY,20.270000457763672,3547606.6666666665,30,stock,71909988.75729878
HNGE,92.37000274658203,1783690.0,30,stock,164759450.1990509
HNI,49.65999984741211,561430.0,30,stock,27880613.71433258
HNNA,10.199999809265137,6413.333333333333,30,stock,65415.99877675374
HNRG,16.600000381469727,783143.3333333334,30,stock,13000179.632078808
HNST,5.949999809265137,2879246.6666666665,30,stock,17131517.117493946
HNVR,27.350000381469727,51493.333333333336,30,stock,1408342.6863098145
HODO,0.2150000035762787,858496.6666666666,30,stock,184576.78640355665
HOFT,13.119999885559082,41556.666666666664,30,stock,545223.4619108835
HOG,28.299999237060547,1957123.3333333333,30,stock,55386588.840166725
HOLO,1.7200000286102295,338330.0,30,stock,581927.609679699
HOMB,30.149999618530273,1368370.0,30,stock,41256354.97800827
HON,209.61000061035156,3027276.6666666665,30,stock,634547463.947703
HONA,161.00999450683594,4114566.6666666665,30,stock,662486356.3980103
HOOD,122.11000061035156,20482516.666666668,30,stock,2501120122.668203
HOPE,14.130000114440918,943763.3333333334,30,stock,13335376.008005142
HOS,9.199999809265137,1808953.3333333333,30,stock,16642370.3216362
HOUR,1.9199999570846558,13883.333333333334,30,stock,26655.99940419197
HOV,122.79000091552734,153153.33333333334,30,stock,18805697.940216064
HOVNP,19.670000076293945,5790.0,30,stock,113889.30044174194
HOVR,1.6799999475479126,909083.3333333334,30,stock,1527259.9523166816
HOWL,0.9660000205039978,13717863.333333334,30,stock,13251456.26127104
HP,44.36000061035156,1366093.3333333333,30,stock,60599901.10046387
HPAI,0.42899999022483826,226666.66666666666,30,stock,97239.99778429666
HPE,52.0,20122160.0,30,stock,1046352320.0
HPF,15.279999732971191,32683.333333333332,30,stock,499401.3246059418
HPK,8.050000190734863,436620.0,30,stock,3514791.083278656
HPP,12.609999656677246,720243.3333333334,30,stock,9082268.18605741
HPQ,32.63999938964844,15602030.0,30,stock,509250249.6772766
HQ,15.5600004196167,278970.0,30,stock,4340773.317060471
HQH,22.559999465942383,198743.33333333334,30,stock,4483649.49385961
HQI,16.139999389648438,26916.666666666668,30,stock,434434.9835713705
HQL,20.639999389648438,156760.0,30,stock,3235526.304321289
HQY,96.06999969482422,807863.3333333334,30,stock,77611430.18679301
HR,19.1200008392334,3538656.6666666665,30,stock,67659118.43642552
HRB,49.060001373291016,2291353.3333333335,30,stock,112413797.68002829
HRI,140.9199981689453,447506.6666666667,30,stock,63062638.64725749
HRL,21.540000915527344,4844180.0,30,stock,104343641.63497925
HRMY,42.25,736126.6666666666,30,stock,31101351.666666664
HROW,38.540000915527344,509710.0,30,stock,19644223.866653442
HRTG,33.95000076293945,321576.6666666667,30,stock,10917528.07867686
HRTX,0.3400000035762787,2690250.0,30,stock,914685.0096210837
HRZN,4.840000152587891,741253.3333333334,30,stock,3587666.246439616
HSBC,107.11000061035156,1205996.6666666667,30,stock,129174303.70274863
HSCS,3.7300000190734863,114200.0,30,stock,425966.00217819214
HSDT,2.240000009536743,264430.0,30,stock,592323.202521801
HSHP,18.350000381469727,325486.6666666667,30,stock,5972680.457496643
HSIC,89.80999755859375,1147790.0,30,stock,103083017.09777832
HSLV,5.760000228881836,527953.3333333334,30,stock,3041011.320838928
HST,22.049999237060547,9228670.0,30,stock,203492166.45908356
HSTM,29.200000762939453,199350.0,30,stock,5821020.15209198
HSY,173.14999389648438,1349000.0,30,stock,233579341.76635742
HTB,47.25,202230.0,30,stock,9555367.5
HTCO,2.569999933242798,77233.33333333333,30,stock,198489.6615107854
HTCR,2.0,27250.0,30,stock,54500.0
HTD,25.15999984741211,51016.666666666664,30,stock,1283579.3255488076
HTFL,48.90999984741211,1897260.0,30,stock,92794986.3105011
HTGC,17.6299991607666,1671386.6666666667,30,stock,29466545.530649822
HTH,39.2400016784668,226036.66666666666,30,stock,8869679.179395039
HTLD,12.4399995803833,748856.6666666666,30,stock,9315776.61910057
HTLM,1.7100000381469727,3383.3333333333335,30,stock,5785.500129063925
HTO,64.31999969482422,379513.3333333333,30,stock,24410297.48418172
HTOO,2.5199999809265137,12320.0,30,stock,31046.39976501465
HTZ,2.299999952316284,42614296.666666664,30,stock,98012880.30132532
HUBB,460.7200012207031,568164.4333333333,30,stock,261764718.41889343
HUBC,0.671999990940094,315850.0,30,stock,212251.1971384287
HUBG,36.68000030517578,1217373.3333333333,30,stock,44653254.23817952
HUBS,247.60000610351562,1857226.6666666667,30,stock,459849334.0022787
HUDI,0.7929999828338623,2256066.6666666665,30,stock,1789060.8279387155
HUHU,4.230000019073486,50393.333333333336,30,stock,213163.80096117657
HUM,401.5400085449219,1275190.0,30,stock,512039803.4963989
HUMA,0.6050000190734863,7893080.0,30,stock,4775313.5505485535
HUN,9.619999885559082,2879593.3333333335,30,stock,27701687.537123363
HURA,2.140000104904175,242363.33333333334,30,stock,518657.5587582588
HURC,22.989999771118164,23450.0,30,stock,539115.494632721
HURN,155.27000427246094,314076.6666666667,30,stock,48766685.37521362
HUT,93.54499816894531,4934163.333333333,30,stock,461566299.9819437
HVII,9.670000076293945,125210.0,30,stock,1210780.709552765
HVMC,10.25,110003.33333333333,30,stock,1127534.1666666665
HVT,28.559999465942383,142520.0,30,stock,4070371.1238861084
HVT-A,29.040000915527344,1013.3333333333334,30,stock,29427.200927734375
HWBK,40.09000015258789,14826.666666666666,30,stock,594401.0689290364
HWC,75.83999633789062,679560.0,30,stock,51537827.91137695
HWH,1.8799999952316284,266050.0,30,stock,500173.99873137474
HWKN,129.1300048828125,158113.33333333334,30,stock,20417175.505371094
HWM,259.2699890136719,2645796.6666666665,30,stock,685975672.6990763
HXHX,0.4779999852180481,1815030.0,30,stock,867584.3131703138
HXL,91.9800033569336,859146.6666666666,30,stock,79024313.2840983
HY,35.75,112120.0,30,stock,4008290.0
HYFM,0.9539999961853027,5492210.0,30,stock,5239568.3190488815
HYFT,1.3200000524520874,135160.0,30,stock,178411.20708942413
HYI,10.3100004196167,52880.0,30,stock,545192.822189331
HYLN,3.690000057220459,2857120.0,30,stock,10542772.963485718
HYMC,22.690000534057617,1824480.0,30,stock,41397452.17437744
HYNE,16.6200008392334,9606.666666666666,30,stock,159662.8080622355
HYPD,3.299999952316284,456830.0,30,stock,1507538.978216648
HYPR,0.8130000233650208,551063.3333333334,30,stock,448014.50287560624
HYT,8.239999771118164,846976.6666666666,30,stock,6979087.539475759
HZO,52.15999984741211,848726.6666666666,30,stock,44269582.80382792
IA,18.520000457763672,285130.0,30,stock,5280607.730522156
IACO,9.989999771118164,30563.333333333332,30,stock,305327.69300460815
IACQ,9.989999771118164,35536.666666666664,30,stock,355011.2918663025
IAE,8.9399995803833,29560.0,30,stock,264266.3875961304
IAF,13.260000228881836,18870.0,30,stock,250216.20431900024
IAG,20.479999542236328,5732720.0,30,stock,117406102.97576904
IART,16.719999313354492,772380.0,30,stock,12914193.069648743
IAUX,1.7899999618530273,10715880.0,30,stock,19181424.79122162
IBAC,10.890000343322754,710.0,30,stock,7731.900243759155
IBCP,37.369998931884766,179666.66666666666,30,stock,6714143.141428629
IBEX,39.16999816894531,103523.33333333333,30,stock,4055008.7771097817
IBG,1.0,249730.0,30,stock,249730.0
IBIO,1.309999942779541,723583.3333333334,30,stock,947894.1252628963
IBKR,92.62000274658203,4457573.333333333,30,stock,412860454.37642413
IBM,234.88999938964844,5885880.0,30,stock,1382534349.607544
IBN,30.299999237060547,5437323.333333333,30,stock,164750892.8516515
IBO,0.5400000214576721,168423.33333333334,30,stock,90948.60361397266
IBOC,71.91000366210938,298790.0,30,stock,21485989.99420166
IBP,238.57000732421875,310270.0,30,stock,74021116.17248535
IBRX,8.079999923706055,8450753.333333334,30,stock,68282086.28859203
IBTA,38.38999938964844,268683.3333333333,30,stock,10314753.002675373
ICCC,9.899999618530273,27060.0,30,stock,267893.9896774292
ICCM,2.2300000190734863,129926.66666666667,30,stock,289736.46914482117
ICE,161.25999450683594,3852313.3333333335,30,stock,621224026.9719442
ICFI,88.0,202106.66666666666,30,stock,17785386.666666664
ICHR,56.380001068115234,863950.0,30,stock,48709501.92279816
ICL,5.869999885559082,1145756.6666666667,30,stock,6725591.502211889
ICLR,164.85000610351562,716496.6666666666,30,stock,118114479.87314859
ICMB,0.8859999775886536,33710.0,30,stock,29867.05924451351
ICON,0.9129999876022339,24643.333333333332,30,stock,22499.36302781105
ICU,2.9800000190734863,65386.666666666664,30,stock,194852.26791381836
ICUI,167.5800018310547,302013.3333333333,30,stock,50611394.95300293
IDA,135.6999969482422,469980.0,30,stock,63776284.56573486
IDAC,10.050000190734863,1603.3333333333333,30,stock,16113.500305811564
IDAI,3.2300000190734863,39626.666666666664,30,stock,127994.13408915201
IDCC,337.94000244140625,221506.66666666666,30,stock,74855963.4741211
IDE,13.039999961853027,45540.0,30,stock,593841.5982627869
IDN,2.7899999618530273,434426.6666666667,30,stock,1212050.383427938
IDR,31.450000762939453,233860.0,30,stock,7354897.1784210205
IDT,68.83000183105469,166463.33333333334,30,stock,11457671.5381368
IDXX,535.3800048828125,584663.3333333334,30,stock,313017058.25480145
IDYA,39.86000061035156,734093.3333333334,30,stock,29260960.71472168
IE,9.989999771118164,1852943.3333333333,30,stock,18510903.475894928
IEAG,10.229999542236328,52223.333333333336,30,stock,534244.6760940552
IEP,6.820000171661377,1272006.6666666667,30,stock,8675085.685021084
IESC,322.57000732421875,337973.3333333333,30,stock,109020060.60872395
IEX,223.74000549316406,650593.3333333334,30,stock,145563755.97381592
IFBD,0.9539999961853027,7293.333333333333,30,stock,6957.839972178141
IFF,86.3499984741211,1564430.0,30,stock,135088528.11286926
IFN,11.5,130070.0,30,stock,1495805.0
IFRX,2.2200000286102295,950866.6666666666,30,stock,2110924.0272045135
IFS,55.7400016784668,252726.66666666666,30,stock,14086984.824193317
IGA,10.539999961853027,87950.0,30,stock,926992.9966449738
IGAC,10.050000190734863,35490.0,30,stock,356674.5067691803
IGC,0.30000001192092896,877043.3333333334,30,stock,263113.0104551713
IGD,6.449999809265137,255480.0,30,stock,1647845.9512710571
IGI,15.779999732971191,11240.0,30,stock,177367.1969985962
IGIC,27.040000915527344,94950.0,30,stock,2567448.0869293213
IGR,4.489999771118164,503396.6666666667,30,stock,2260250.91811498
IHD,7.730000019073486,73790.0,30,stock,570396.7014074326
IHRT,2.805000066757202,600453.3333333334,30,stock,1684271.6400845847
IHS,8.470000267028809,1390450.0,30,stock,11777111.871290207
IHT,1.3600000143051147,56266.666666666664,30,stock,76522.66747156778
IIF,23.079999923706055,32016.666666666668,30,stock,738944.6642239889
III,5.190000057220459,225733.33333333334,30,stock,1171556.012916565
IIIN,31.260000228881836,190216.66666666666,30,stock,5946173.04353714
IIIV,16.600000381469727,502606.6666666667,30,stock,8343270.858395895
IIM,12.390000343322754,97886.66666666667,30,stock,1212815.83360672
IIPR,57.20000076293945,321683.3333333333,30,stock,18400286.91209157
IKT,2.5,478696.6666666667,30,stock,1196741.6666666667
ILAG,2.9000000953674316,996.6666666666666,30,stock,2890.3334283828735
ILLR,0.9070000052452087,401933.3333333333,30,stock,364553.5354415575
ILLU,10.0,37460.0,30,stock,374600.0
ILMN,218.22000122070312,2006450.0,30,stock,437847521.4492798
ILPT,8.229999542236328,314390.0,30,stock,2587429.556083679
IMA,4.849999904632568,11043.333333333334,30,stock,53560.16561349233
IMAX,51.63999938964844,1226076.6666666667,30,stock,63314598.318328865
IMC,6.96999979019165,296710.71428571426,28,stock,2068073.616319043
IMCC,1.9800000190734863,96474.9,30,stock,191020.30384011267
IMDX,4.130000114440918,184743.33333333334,30,stock,762989.9878088634
IMKTA,83.06999969482422,117890.0,30,stock,9793122.264022827
IMMR,7.710000038146973,584173.3333333334,30,stock,4503976.422284445
IMMX,13.90999984741211,1534860.0,30,stock,21349902.36579895
IMNM,26.760000228881836,1072186.6666666667,30,stock,28691715.445404056
IMNN,1.5800000429153442,71913.33333333333,30,stock,113623.06975285211
IMO,128.6199951171875,541530.0,30,stock,69651585.95581055
IMPP,5.289999961853027,332003.3333333333,30,stock,1756297.6206684113
IMRX,4.820000171661377,634616.6666666666,30,stock,3058852.442272504
IMSR,5.150000095367432,1491093.3333333333,30,stock,7679130.808868408
IMTE,0.4650000035762787,446876.6666666667,30,stock,207797.6515981555
IMTX,9.5600004196167,581056.6666666666,30,stock,5554901.977154413
IMUX,13.109999656677246,208680.0,30,stock,2735794.7283554077
IMVT,39.25,1124326.6666666667,30,stock,44129821.66666667
IMXI,14.510000228881836,684440.0,30,stock,9931224.556655884
INAB,1.2000000476837158,66713.33333333333,30,stock,80056.00318113962
INAC,10.3100004196167,1740.0,30,stock,17939.400730133057
INBK,29.75,49693.333333333336,30,stock,1478376.6666666667
INBS,2.2300000190734863,262016.66666666666,30,stock,584297.171664238
INBX,121.16999816894531,256053.33333333334,30,stock,31025981.931152344
INCR,5.420000076293945,41844.666666666664,30,stock,226798.09652582803
INCY,126.75,1645196.6666666667,30,stock,208528677.5
INDB,83.9000015258789,288010.0,30,stock,24164039.439468384
INDI,3.5999999046325684,6898996.666666667,30,stock,24836387.34206041
INDO,3.069999933242798,207193.33333333334,30,stock,636083.5195016861
INDP,1.2200000286102295,635306.6666666666,30,stock,775074.1515096028
INDV,34.939998626708984,2328880.0,30,stock,81371064.00177002
INEO,0.5979999899864197,137473.33333333334,30,stock,82209.05195673308
INFQ,12.850000381469727,8996226.666666666,30,stock,115601516.09845479
INFU,12.239999771118164,147096.66666666666,30,stock,1800463.1663322446
ING,37.18000030517578,2024070.0,30,stock,75254923.21769714
INGM,28.84000015258789,980566.6666666666,30,stock,28279542.816289265
INGN,5.420000076293945,244696.66666666666,30,stock,1326255.9520022073
INGR,101.26000213623047,633186.6666666666,30,stock,64116483.21929931
INHD,4.53000020980835,652373.3333333334,30,stock,2955251.3368733726
INIO,20.770000457763672,4059070.0,30,stock,84306885.75809479
INKT,11.640000343322754,8166.666666666667,30,stock,95060.00280380249
INLF,3.7799999713897705,3668886.6666666665,30,stock,13868391.49503231
INLX,5.099999904632568,2943.3333333333335,30,stock,15010.99971930186
INM,1.3799999952316284,105276.66666666667,30,stock,145281.79949800175
INMB,2.440000057220459,327613.3333333333,30,stock,799376.5520795186
INMD,14.90999984741211,473623.3333333333,30,stock,7061723.827730814
INN,5.789999961853027,911243.3333333334,30,stock,5276098.865238826
INNV,10.75,205666.66666666666,30,stock,2210916.6666666665
INO,1.4299999475479126,5616930.0,30,stock,8032209.605380297
INOD,55.65999984741211,1384433.3333333333,30,stock,77057559.12208557
INR,15.609999656677246,249653.33333333334,30,stock,3897088.4476216636
INSE,5.590000152587891,168993.33333333334,30,stock,944672.7591196697
INSG,4.239999771118164,392640.0,30,stock,1664793.510131836
INSM,126.29000091552734,2670636.6666666665,30,stock,337274707.0783742
INSP,63.08000183105469,655150.0,30,stock,41326863.19961548
INSW,104.5,531166.6666666666,30,stock,55506916.666666664
INTA,41.709999084472656,723543.3333333334,30,stock,30178991.77090963
INTC,95.80000305175781,103598170.0,30,stock,9924705002.156525
INTG,36.16999816894531,122603.33333333333,30,stock,4434562.342173258
INTJ,3.0199999809265137,9083.333333333334,30,stock,27431.666493415836
INTR,5.659999847412109,4983233.333333333,30,stock,28205099.906285603
INTS,4.099999904632568,34360.0,30,stock,140875.99672317505
INTT,11.15999984741211,145026.66666666666,30,stock,1618497.5778706868
INTU,332.70001220703125,4047120.0,30,stock,1346476873.4033203
INTZ,0.7799999713897705,273776.6666666667,30,stock,213545.79216718677
INUV,0.6499999761581421,265220.0,30,stock,172392.99367666245
INV,1.1100000143051147,4272860.0,30,stock,4742874.661123753
INVA,21.329999923706055,649370.0,30,stock,13851062.050457
INVE,2.809999942779541,232993.33333333334,30,stock,654711.2533346813
INVH,28.389999389648438,3833380.0,30,stock,108829655.86029053
INVX,30.06999969482422,777563.3333333334,30,stock,23381329.196039837
INVZ,0.3449999988079071,4517226.666666667,30,stock,1558443.1946150463
IOND,76.16999816894531,858368.9655172414,29,stock,65381962.53172776
IONQ,39.52000045776367,19787500.0,30,stock,782002009.0579987
IONS,58.09000015258789,2402826.6666666665,30,stock,139580201.4333089
IOR,19.31999969482422,196.66666666666666,30,stock,3799.599939982096
IOSP,93.94999694824219,173136.66666666666,30,stock,16266189.304962158
IOT,40.20000076293945,6147816.666666667,30,stock,247142234.6904119
IOTR,2.509999990463257,58750.0,30,stock,147462.49943971634
IOVA,8.789999961853027,17254930.0,30,stock,151670834.04177666
IP,37.2400016784668,4395810.0,30,stock,163699971.77822113
IPAR,116.69000244140625,244836.66666666666,30,stock,28569991.2310791
IPDN,0.10999999940395355,1753450.0,30,stock,192879.49895486236
IPEX,7.75,37806.666666666664,30,stock,293001.6666666666
IPFX,10.050000190734863,104230.0,30,stock,1047511.5198802948
IPGP,78.0,554260.0,30,stock,43232280.0
IPHA,2.0799999237060547,287273.3333333333,30,stock,597528.5114161173
IPI,40.5099983215332,210093.33333333334,30,stock,8510880.58069865
IPM,1.909999966621399,5416.666666666667,30,stock,10345.833152532578
IPSC,2.109999895095825,510393.3333333333,30,stock,1076929.8797909417
IPST,3.7249999046325684,5007353.333333333,30,stock,18652390.68912824
IPVV,9.84000015258789,10506.666666666666,30,stock,103385.6016031901
IPW,1.8700000047683716,359178.1666666667,30,stock,671663.1733793616
IPWR,4.820000171661377,186380.0,30,stock,898351.6319942474
IPXG,10.039999961853027,96740.0,30,stock,971269.5963096619
IQI,9.949999809265137,154543.33333333334,30,stock,1537706.137189865
IQST,0.9139999747276306,874760.0,30,stock,799530.6178927422
IQV,267.7699890136719,1481293.3333333333,30,stock,396645899.592692
IR,76.36000061035156,3790196.6666666665,30,stock,289419419.7800191
IRAB,10.010000228881836,17936.666666666668,30,stock,179546.03743871054
IRD,4.670000076293945,1129453.3333333333,30,stock,5274547.152837117
IRDM,47.209999084472656,1030903.3333333334,30,stock,48668945.42284648
IREN,44.68000030517578,46409086.666666664,30,stock,2073558006.429596
IRHO,10.050000190734863,101163.33333333333,30,stock,1016691.5192953745
IRIX,0.699999988079071,89293.33333333333,30,stock,62505.33226887385
IRM,116.86000061035156,1707393.3333333333,30,stock,199525985.9754435
IRMD,83.44999694824219,121620.0,30,stock,10149188.628845215
IRON,79.2300033569336,387523.3333333333,30,stock,30703475.000890095
IRT,16.09000015258789,2628520.0,30,stock,42292887.20108032
IRTC,123.06999969482422,633453.3333333334,30,stock,77959101.54001872
IRWD,4.260000228881836,2013426.6666666667,30,stock,8577198.060836792
ISBA,40.040000915527344,71926.66666666667,30,stock,2879943.7991841636
ISNR,9.829999923706055,5203.7037037037035,27,stock,51152.40701039632
ISOU,11.199999809265137,102130.0,30,stock,1143855.9805202484
ISPC,1.5399999618530273,527693.3333333334,30,stock,812647.7132034303
ISPR,1.5399999618530273,19300.0,30,stock,29721.999263763428
ISRG,366.70001220703125,2621136.6666666665,30,stock,961170847.6629639
ISTR,31.100000381469727,114910.0,30,stock,3573701.0438346863
IT,186.4199981689453,1425276.6666666667,30,stock,265700073.59024048
ITG,13.109999656677246,215570.0,30,stock,2826122.625989914
ITGR,126.5,1412610.0,30,stock,178695165.0
ITHA,10.050000190734863,8390.0,30,stock,84319.5016002655
ITIC,297.9700012207031,70783.33333333333,30,stock,21091309.91973877
ITOC,0.3199999928474426,964190.0,30,stock,308540.7931035757
ITP,0.1599999964237213,570640.0,30,stock,91302.39795923233
ITRG,2.799999952316284,2623576.6666666665,30,stock,7346014.541564782
ITRI,97.01000213623047,938870.0,30,stock,91079780.7056427
ITRN,51.7400016784668,137843.33333333334,30,stock,7132014.298032125
ITT,204.3300018310547,824436.6666666666,30,stock,168457145.60958862
ITW,270.1199951171875,1189483.3333333333,30,stock,321303232.1919759
IVA,4.78000020980835,758990.0,30,stock,3627972.3592424393
IVDA,0.30000001192092896,10028370.0,30,stock,3008511.1195474863
IVF,0.9850000143051147,4456656.666666667,30,stock,4389806.880419652
IVR,7.199999809265137,2500136.6666666665,30,stock,18000983.523136772
IVT,32.630001068115234,605600.0,30,stock,19760728.646850586
IVVD,0.8259999752044678,3871610.0,30,stock,3197949.7640013695
IVZ,33.06999969482422,4440420.0,30,stock,146844688.04489136
IXHL,3.244999885559082,87663.33333333333,30,stock,284467.5066343943
IZEA,2.990000009536743,65723.33333333333,30,stock,196512.76729345322
IZM,0.2329999953508377,1040050.0,30,stock,242331.64516463876
J,146.22999572753906,901470.0,30,stock,131821954.24850464
JACK,16.139999389648438,809616.6666666666,30,stock,13067212.505849201
JACS,10.720000267028809,26133.333333333332,30,stock,280149.34031168616
JAGU,1.649999976158142,89323.33333333333,30,stock,147383.49787036577
JAGX,0.597000002861023,247120.0,30,stock,147530.640707016
JAKK,24.579999923706055,112720.0,30,stock,2770657.5914001465
JAN,30.790000915527344,1780883.3333333333,30,stock,54833399.463780716
JANX,20.239999771118164,786476.6666666666,30,stock,15918287.553323109
JATT,12.199999809265137,18103.333333333332,30,stock,220860.66321372983
JAZZ,246.80999755859375,1010136.6666666666,30,stock,249311828.233846
JBDI,1.2999999523162842,37493.333333333336,30,stock,48741.331545511886
JBGS,11.699999809265137,885486.6666666666,30,stock,10360193.831106821
JBHT,273.7699890136719,841720.0,30,stock,230437675.1525879
JBI,5.090000152587891,1675213.3333333333,30,stock,8526836.122283936
JBIO,19.899999618530273,776356.6666666666,30,stock,15449497.370510101
JBK,25.649999618530273,436.6666666666667,30,stock,11200.499833424887
JBL,310.57000732421875,1002943.3333333334,30,stock,311484118.37910974
JBLU,4.630000114440918,28881573.333333332,30,stock,133721687.8385671
JBS,13.029999732971191,6134236.666666667,30,stock,79929102.12864876
JBSS,72.43000030517578,151040.0,30,stock,10939827.24609375
JBTM,117.72000122070312,616756.6666666666,30,stock,72604595.55287679
JCAP,21.350000381469727,368153.3333333333,30,stock,7860073.807106018
JCE,17.1299991607666,35883.333333333336,30,stock,614681.4698855083
JCI,144.94000244140625,3307336.6666666665,30,stock,479365384.54121906
JCSE,1.475000023841858,23826.666666666668,30,stock,35144.333901405334
JCTC,2.930000066757202,23156.666666666668,30,stock,67849.03487920761
JDZG,3.0899999141693115,342190.0,30,stock,1057367.0706295967
JEF,55.22999954223633,1810793.3333333333,30,stock,100010114.9710846
JELD,2.299999952316284,1909783.3333333333,30,stock,4392501.575601101
JEM,4.099999904632568,845713.3333333334,30,stock,3467424.5860131583
JENA,10.399999618530273,9883.333333333334,30,stock,102786.66289647421
JFR,7.630000114440918,583426.6666666666,30,stock,4451545.533434549
JGH,12.40999984741211,54970.0,30,stock,682177.6916122437
JHI,13.170000076293945,18160.0,30,stock,239167.20138549805
JHS,10.859999656677246,10206.666666666666,30,stock,110844.39649581909
JHX,30.389999389648438,6738456.666666667,30,stock,204781693.98717245
JILL,19.979999542236328,64696.666666666664,30,stock,1292639.3703842163
JJSF,84.11000061035156,228303.33333333334,30,stock,19202593.506011963
JKHY,165.63999938964844,923236.6666666666,30,stock,152924920.90316772
JL,4.849999904632568,20563.333333333332,30,stock,99732.16470559438
JLHL,6.090000152587891,1709000.0,30,stock,10407810.260772705
JLL,362.3599853515625,340086.6666666667,30,stock,123233799.55159506
JLS,16.850000381469727,27590.0,30,stock,464891.51052474976
JMKE,20.780000686645508,4186714.814814815,27,stock,86999936.72664078
JMM,5.789999961853027,8483.333333333334,30,stock,49118.49967638652
JMSB,23.360000610351562,40593.333333333336,30,stock,948260.2914428711
JNJ,275.2300109863281,6744933.333333333,30,stock,1856408075.435384
JOB,0.23999999463558197,288120.0,30,stock,69148.79845440388
JOBY,6.739999771118164,29174663.333333332,30,stock,196637224.18911615
JOE,66.11000061035156,196193.33333333334,30,stock,12970341.386413574
JOF,12.819999694824219,68553.33333333333,30,stock,878853.7124125162
JOUT,46.29999923706055,49380.0,30,stock,2286293.96232605
JPM,358.6400146484375,5886520.0,30,stock,2111141619.0283203
JQC,4.769999980926514,577130.0,30,stock,2752910.088992119
JRI,12.140000343322754,141193.33333333334,30,stock,1714087.1151415508
JRS,8.170000076293945,54676.666666666664,30,stock,446708.3708381653
JRSH,5.53000020980835,90780.0,30,stock,502013.419046402
JRVR,4.159999847412109,230863.33333333334,30,stock,960391.4314397176
JSPR,0.7089999914169312,644333.3333333334,30,stock,456832.327802976
JTAI,1.25,166483.33333333334,30,stock,208104.1666666667
JUNS,3.2799999713897705,1854413.7333333334,30,stock,6082476.992278131
JVA,3.4700000286102295,48040.0,30,stock,166698.80137443542
JWEL,2.2799999713897705,2943566.6666666665,30,stock,6711331.915783882
JXG,9.699999809265137,37200.0,30,stock,360839.9929046631
JXN,140.6300048828125,565566.6666666666,30,stock,79535643.09488931
JYD,0.8460000157356262,106060.0,30,stock,89726.76166892052
JYNT,8.319999694824219,66890.0,30,stock,556524.779586792
JZ,1.0499999523162842,1764906.6666666667,30,stock,1853151.9158426921
JZXN,1.149999976158142,727563.3333333334,30,stock,836697.8159868717
KAI,298.760009765625,130460.0,30,stock,38976230.87402344
KALA,0.5070000290870667,485583.3333333333,30,stock,246190.76412419477
KALU,164.19000244140625,248803.33333333334,30,stock,40851019.907430016
KAPA,1.840000033378601,98548.06666666667,30,stock,181328.44595606328
KARD,20.850000381469727,229970.0,30,stock,4794874.587726593
KARO,65.4800033569336,89473.33333333333,30,stock,5858714.167022705
KAZR,2.109999895095825,140496.66666666666,30,stock,296447.95192797977
KB,128.67999267578125,204053.33333333334,30,stock,26257581.438802086
KBDC,13.449999809265137,394160.0,30,stock,5301451.924819946
KBH,52.25,869463.3333333334,30,stock,45429459.16666667
KBON,10.140000343322754,13720.0,30,stock,139120.80471038818
KBR,36.81999969482422,1426310.0,30,stock,52516733.76472473
KBSX,0.9599999785423279,10806.666666666666,30,stock,10374.39976811409
KCHV,10.449999809265137,38256.666666666664,30,stock,399782.15936978656
KD,13.149999618530273,4187006.6666666665,30,stock,55059136.06945038
KDK,3.819999933242798,945986.6666666666,30,stock,3613669.0035152435
KDP,32.59000015258789,11379133.333333334,30,stock,370845957.0696513
KE,25.030000686645508,210506.66666666666,30,stock,5268982.011210123
KEEL,3.4700000286102295,37557190.0,30,stock,130323450.37451982
KELYA,16.860000610351562,342276.6666666667,30,stock,5770784.808909099
KELYB,23.270000457763672,730.0,30,stock,16987.10033416748
KEN,69.18000030517578,19790.0,30,stock,1369072.2060394287
KEP,11.9399995803833,1013923.3333333334,30,stock,12106244.174540838
KEQU,36.9900016784668,2786.6666666666665,30,stock,103078.80467732747
KEX,140.77000427246094,487010.0,30,stock,68556399.7807312
KEY,22.18000030517578,9325906.666666666,30,stock,206848612.71270752
KEYS,327.2099914550781,1322036.6666666667,30,stock,432583606.4033
KEYY,9.920000076293945,70870.0,30,stock,703030.4054069519
KF,67.18000030517578,31390.0,30,stock,2108780.209579468
KFFB,6.110000133514404,5890.0,30,stock,35987.90078639984
KFII,10.649999618530273,19753.333333333332,30,stock,210372.99246470132
KFRC,54.529998779296875,274866.6666666667,30,stock,14988478.997802736
KFY,85.3499984741211,348126.6666666667,30,stock,29712610.468800865
KG,7.579999923706055,16860.0,30,stock,127798.79871368408
KGC,30.8700008392334,8514940.0,30,stock,262856204.94602203
KGEI,6.150000095367432,142276.66666666666,30,stock,875001.5135685602
KGS,62.59000015258789,1710070.0,30,stock,107033281.56093597
KHC,24.850000381469727,15987186.666666666,30,stock,397281594.7652944
KIDS,22.40999984741211,243310.0,30,stock,5452577.06287384
KIDZ,3.7699999809265137,1046968.4333333333,30,stock,3947070.9736973285
KIM,23.600000381469727,4654663.333333333,30,stock,109850056.44227982
KINS,19.959999084472656,95626.66666666667,30,stock,1908708.1791178386
KIO,11.029999732971191,179286.66666666666,30,stock,1977531.8854586282
KITT,0.6470000147819519,1148390.0,30,stock,743008.3469754457
KKR,107.7300033569336,4584683.333333333,30,stock,493907950.8904775
KLAC,185.60000610351562,10639283.333333334,30,stock,1974651051.6036987
KLAR,14.40999984741211,6942273.333333333,30,stock,100038157.67402649
KLC,2.6700000762939453,976773.3333333334,30,stock,2607984.8745218916
KLIC,81.62000274658203,924736.6666666666,30,stock,75477009.27319844
KLRA,16.229999542236328,618333.3333333334,30,stock,10035549.716949463
KLRS,3.9000000953674316,59303.333333333336,30,stock,231283.0056556066
KLTR,1.5099999904632568,824893.3333333334,30,stock,1245588.9254665375
KLXE,1.5299999713897705,603353.3333333334,30,stock,923130.5827379228
KMB,104.95999908447266,3453390.0,30,stock,362467811.238327
KMDA,8.539999961853027,141720.0,30,stock,1210288.794593811
KMI,31.399999618530273,10471526.666666666,30,stock,328805933.3387629
KMPR,28.040000915527344,877716.6666666666,30,stock,24611176.13690694
KMRK,1.1100000143051147,58523.333333333336,30,stock,64960.900837183
KMT,31.020000457763672,1625510.0,30,stock,50423320.944099426
KMTS,25.540000915527344,286043.3333333333,30,stock,7305546.995213826
KMX,63.290000915527344,1863860.0,30,stock,117963701.1064148
KN,35.4900016784668,843256.6666666666,30,stock,29927180.515378315
KNDI,0.6200000047683716,80330.0,30,stock,49804.60038304329
KNF,61.83000183105469,870116.6666666666,30,stock,53799315.0932312
KNRX,0.36500000953674316,4976226.666666667,30,stock,1816322.780790329
KNSA,77.91000366210938,616600.0,30,stock,48039308.25805664
KNSL,373.1700134277344,233170.0,30,stock,87012052.03094482
KNTK,54.43000030517578,1041733.3333333334,30,stock,56701545.65124512
KNX,71.98999786376953,3314600.0,30,stock,238618046.9192505
KO,88.06999969482422,15934633.333333334,30,stock,1403363152.8038025
KOD,35.36000061035156,576946.6666666666,30,stock,20400834.485473633
KODK,9.289999961853027,938346.6666666666,30,stock,8717240.497538248
KOP,47.779998779296875,191523.33333333334,30,stock,9150984.632873535
KOPN,4.28000020980835,4059696.6666666665,30,stock,17375502.58509159
KOS,2.7799999713897705,12402136.666666666,30,stock,34477939.57850535
KOSS,3.5799999237060547,16350.0,30,stock,58532.998752593994
KOYN,10.239999771118164,34166.666666666664,30,stock,349866.65884653723
KPET,9.979999542236328,13810.0,30,stock,137823.7936782837
KPLT,7.900000095367432,78440.0,30,stock,619676.0074806213
KPRX,2.549999952316284,14316.666666666666,30,stock,36507.49931732813
KPTI,1.7899999618530273,2209166.6666666665,30,stock,3954408.2490603128
KR,58.59000015258789,5940580.0,30,stock,348058583.1064606
KRAQ,10.010000228881836,39110.0,30,stock,391491.1089515686
KRC,37.13999938964844,1196840.0,30,stock,44450636.869506836
KREF,7.650000095367432,743310.0,30,stock,5686321.570887566
KRG,25.959999084472656,2457063.3333333335,30,stock,63785361.88382467
KRMD,3.25,237436.66666666666,30,stock,771669.1666666666
KRMN,39.97999954223633,2488853.3333333335,30,stock,99504355.12736003
KRNT,16.549999237060547,280800.0,30,stock,4647239.785766602
KRNY,10.130000114440918,662523.3333333334,30,stock,6711361.442486445
KRO,8.430000305175781,425193.3333333333,30,stock,3584379.9297587075
KROS,11.319999694824219,194256.66666666666,30,stock,2198985.4073842363
KRRO,12.239999771118164,94323.33333333333,30,stock,1154517.5784111023
KRSP,10.510000228881836,24233.333333333332,30,stock,254692.33887990314
KRT,48.38999938964844,147040.0,30,stock,7115265.510253906
KRUS,44.209999084472656,165733.33333333334,30,stock,7327070.514933269
KRYS,358.239990234375,291990.0,30,stock,104602494.74853516
KSCP,1.4800000190734863,1127323.3333333333,30,stock,1668438.5548353195
KSPI,107.52999877929688,585563.3333333334,30,stock,62965624.51853435
KSS,19.440000534057617,4240136.666666667,30,stock,82428259.0644773
KT,19.790000915527344,1514356.6666666667,30,stock,29969119.819768272
KTB,73.58999633789062,715893.3333333334,30,stock,52682587.77832031
KTCC,2.4100000858306885,33770.0,30,stock,81385.70289850235
KTF,8.680000305175781,202733.33333333334,30,stock,1759725.3952026367
KTN,25.469999313354492,2010.0,30,stock,51194.69861984253
KTOS,47.81999969482422,3602673.3333333335,30,stock,172279837.70055136
KTTA,0.5799999833106995,235056.66666666666,30,stock,136332.8627437353
KTWO,10.09000015258789,41823.333333333336,30,stock,421997.43971506756
KULR,2.549999952316284,953120.0,30,stock,2430455.954551697
KURA,13.25,1989763.3333333333,30,stock,26364364.166666664
KUST,0.9300000071525574,3218906.6666666665,30,stock,2993583.2230234146
KVHI,7.210000038146973,164700.0,30,stock,1187487.0062828064
KVUE,18.739999771118164,21273540.0,30,stock,398666134.7308731
KVYO,18.610000610351562,6582590.0,30,stock,122502003.91769409
KWM,1.5299999713897705,518975.8,30,stock,794032.9591519833
KWR,161.5,157576.66666666666,30,stock,25448631.666666664
KWY,10.319999694824219,55860.0,30,stock,576475.1829528809
KXIN,1.2400000095367432,771973.3333333334,30,stock,957246.9406954448
KYIV,14.109999656677246,409973.3333333333,30,stock,5784723.592580159
KYMR,117.38999938964844,652026.6666666666,30,stock,76541410.0020345
KYN,14.8100004196167,292636.6666666667,30,stock,4333949.156128566
KYNB,8.550000190734863,14916.666666666666,30,stock,127537.50284512837
KYTX,8.25,734786.6666666666,30,stock,6061990.0
L,109.30000305175781,713073.3333333334,30,stock,77938917.50946045
LAB,0.6899999976158142,1767400.0,30,stock,1219505.99578619
LABT,1.8799999952316284,730170.0,30,stock,1372719.5965182781
LAC,3.0,8838570.0,30,stock,26515710.0
LAD,386.80999755859375,298056.6666666667,30,stock,115291298.50565593
LADR,9.829999923706055,1127983.3333333333,30,stock,11088076.080608368
LAES,2.4200000762939453,10467563.333333334,30,stock,25331504.065278374
LAFA,10.149999618530273,3546.6666666666665,30,stock,35998.6653137207
LAKE,11.949999809265137,52603.333333333336,30,stock,628609.8233000438
LAMR,150.75999450683594,641033.3333333334,30,stock,96642181.81203207
LAND,9.829999923706055,773256.6666666666,30,stock,7601112.9743385315
LANV,1.0199999809265137,60690.0,30,stock,61903.798842430115
LAR,6.789999961853027,2036133.3333333333,30,stock,13825345.25566101
LARK,32.25,9623.333333333334,30,stock,310352.5
LASE,1.399999976158142,1735160.0,30,stock,2429223.958630562
LASR,40.060001373291016,1455103.3333333333,30,stock,58291441.53161366
LATA,10.208000183105469,5600.0,30,stock,57164.801025390625
LAUR,36.7599983215332,960170.0,30,stock,35295847.588386536
LAW,4.239999771118164,240106.66666666666,30,stock,1018052.2117106119
LAZ,45.0,1392763.3333333333,30,stock,62674350.0
LB,86.52999877929688,321463.3333333333,30,stock,27816221.840922035
LBGJ,2.2899999618530273,1117519.6,30,stock,2559119.8413700107
LBRT,20.59000015258789,4377556.666666667,30,stock,90133892.43462881
LBRX,49.34000015258789,349556.6666666667,30,stock,17247125.986671448
LBTYA,10.619999885559082,2337190.0,30,stock,24820957.53252983
LBTYB,13.149999618530273,5443.333333333333,30,stock,71579.83125686646
LBTYK,10.430000305175781,1401993.3333333333,30,stock,14622790.894521076
LCCC,10.529999732971191,2933.3333333333335,30,stock,30887.999216715496
LCFY,2.513000011444092,9620.0,30,stock,24175.060110092163
LCID,4.679999828338623,11817820.0,30,stock,55307395.571336746
LCII,102.5999984741211,266880.0,30,stock,27381887.592773438
LCLN,27.190000534057617,420260.0,30,stock,11426869.624443054
LCNB,19.530000686645508,40890.0,30,stock,798581.7280769348
LCTX,1.0800000429153442,891130.0,30,stock,962420.4382431507
LCUT,8.869999885559082,202503.33333333334,30,stock,1796204.5434919994
LDI,0.9419999718666077,2986176.6666666665,30,stock,2812978.33598872
LDOS,133.0500030517578,1423766.6666666667,30,stock,189432159.34499106
LE,10.9399995803833,184106.66666666666,30,stock,2014126.8560791016
LEA,134.67999267578125,710696.6666666666,30,stock,95716621.8613688
LECO,276.44000244140625,480300.0,30,stock,132774133.17260742
LEDS,1.9700000286102295,53013.333333333336,30,stock,104436.2681833903
LEE,8.130000114440918,42240.0,30,stock,343411.2048339844
LEGH,28.40999984741211,119370.0,30,stock,3391301.6817855835
LEGO,9.989999771118164,29600.0,30,stock,295703.99322509766
LEN,83.58000183105469,2336003.3333333335,30,stock,195243162.87734985
LENZ,5.960000038146973,742233.3333333334,30,stock,4423710.694980621
LEO,6.070000171661377,216596.66666666666,30,stock,1314741.8038479486
LESL,0.5720000267028809,1433480.0,30,stock,819950.5982780457
LEU,173.88999938964844,618400.0,30,stock,107533575.6225586
LEVI,21.059999465942383,2059736.6666666667,30,stock,43378053.09998195
LEXX,14.149999618530273,63830.23333333333,30,stock,903197.7773173649
LFAC,10.069999694824219,30706.666666666668,30,stock,309216.12396240234
LFCR,4.400000095367432,135210.0,30,stock,594924.0128946304
LFMD,3.0799999237060547,899180.0,30,stock,2769474.3313980103
LFST,12.729999542236328,3950333.3333333335,30,stock,50287741.525014244
LFT,0.7200000286102295,219286.66666666666,30,stock,157886.40627384186
LFTO,18.739999771118164,809276.6666666666,30,stock,15165844.548104603
LFUS,419.07000732421875,288836.6666666667,30,stock,121042784.01550294
LFVN,6.25,55400.0,30,stock,346250.0
LFWD,6.980000019073486,5890.0,30,stock,41112.200112342834
LGCL,3.759999990463257,542381.2666666667,30,stock,2039353.557494116
LGCY,10.520000457763672,41963.333333333336,30,stock,441454.28587595624
LGI,18.110000610351562,33850.0,30,stock,613023.5206604004
LGIH,55.0,310950.0,30,stock,17102250.0
LGL,7.5,11000.0,30,stock,82500.0
LGN,52.970001220703125,1155290.0,30,stock,61195712.71026611
LGND,285.6000061035156,237220.0,30,stock,67750033.44787598
LGO,0.7099999785423279,604223.3333333334,30,stock,428998.5537014405
LGPS,0.9399999976158142,2800603.3333333335,30,stock,2632567.1266561747
LGVN,6.809999942779541,62606.0,30,stock,426346.85641765594
LH,326.8900146484375,665553.3333333334,30,stock,217562738.88264975
LHAI,1.159999966621399,3542650.0,30,stock,4109473.881751299
LHSW,4.5,317283.3333333333,30,stock,1427775.0
LHX,256.45001220703125,1691283.3333333333,30,stock,433729631.47888184
LICN,1.149999976158142,64856.666666666664,30,stock,74585.16512036324
LIDR,1.3700000047683716,5501613.333333333,30,stock,7537210.292900403
LIEN,10.319999694824219,54076.666666666664,30,stock,558071.183497111
LIF,44.16999816894531,889950.0,30,stock,39309089.87045288
LIFE,39.849998474121094,1544616.6666666667,30,stock,61552971.80976868
LII,390.5299987792969,597970.0,30,stock,233525223.37005615
LILA,8.520000457763672,520583.3333333333,30,stock,4435370.238304138
LILAK,8.449999809265137,1370200.0,30,stock,11578189.73865509
LILAP,20.770000457763672,111616.66666666667,30,stock,2318278.217760722
LIME,36.75,331756.6666666667,30,stock,12192057.5
LIMN,3.7100000381469727,449996.4,30,stock,1669486.6611660004
LIN,477.57000732421875,2110566.6666666665,30,stock,1007943338.4582518
LINC,25.639999389648438,1056453.3333333333,30,stock,27087462.821858723
LIND,25.8700008392334,856966.6666666666,30,stock,22169728.385861713
LINE,38.16999816894531,916653.3333333334,30,stock,34988656.05489095
LINK,5.400000095367432,17890.0,30,stock,96606.00170612335
LION,11.170000076293945,2427643.3333333335,30,stock,27116776.21854782
LIQT,0.5699999928474426,103786.66666666667,30,stock,59158.39925765991
LITE,881.2550048828125,4754603.333333333,30,stock,4190017983.732503
LITS,1.1399999856948853,218233.33333333334,30,stock,248785.99687814713
LIVE,8.800000190734863,11446.666666666666,30,stock,100730.66884994507
LIVN,81.91999816894531,670910.0,30,stock,54960945.9715271
LKFN,60.56999969482422,145030.0,30,stock,8784467.055740356
LKQ,25.540000915527344,3507150.0,30,stock,89572614.21089172
LKSP,10.220000267028809,25110.0,30,stock,256624.20670509338
LLY,1149.3599853515625,2729076.6666666665,30,stock,3136691517.623291
LLYVA,95.625,135383.33333333334,30,stock,12946031.25
LLYVK,98.99500274658203,279253.3333333333,30,stock,27644684.50032552
LMAT,80.66999816894531,397240.0,30,stock,32045350.072631836
LMB,49.86000061035156,453060.0,30,stock,22589571.87652588
LMND,53.40999984741211,1325903.3333333333,30,stock,70816496.83101654
LMNR,14.989999771118164,68043.33333333333,30,stock,1019969.5510927836
LMRI,12.180000305175781,448880.0,30,stock,5467358.536987305
LMT,525.280029296875,1057683.3333333333,30,stock,555579932.3201497
LNAI,2.390000104904175,335646.6666666667,30,stock,802195.56854407
LNC,45.470001220703125,2080516.6666666667,30,stock,94601095.37302653
LND,3.7899999618530273,49410.0,30,stock,187263.89811515808
LNG,292.0,1710826.6666666667,30,stock,499561386.6666667
LNKS,1.0299999713897705,260886.66666666666,30,stock,268713.2592026392
LNN,123.38999938964844,128123.33333333333,30,stock,15809138.021799723
LNSR,8.579999923706055,165653.33333333334,30,stock,1421305.5873616538
LNT,67.97000122070312,2450730.0,30,stock,166576121.09161377
LNTH,100.97000122070312,1820260.0,30,stock,183791654.42199707
LNZA,6.119999885559082,64890.0,30,stock,397126.79257392883
LOAN,4.079999923706055,27573.333333333332,30,stock,112499.19789632161
LOAR,67.8499984741211,633856.6666666666,30,stock,43007173.86614481
LOB,39.61000061035156,208386.66666666666,30,stock,8254195.993855794
LOBO,0.578000009059906,42290.0,30,stock,24443.620383143425
LOCL,1.1200000047683716,24170.0,30,stock,27070.40011525154
LOCO,15.369999885559082,249900.0,30,stock,3840962.9714012146
LODE,3.109999895095825,1085773.3333333333,30,stock,3376754.9527645106
LOGI,102.05000305175781,1005063.3333333334,30,stock,102566716.23387656
LOMA,10.270000457763672,409666.6666666667,30,stock,4207276.854197185
LONA,7.559999942779541,42790.0,30,stock,323492.39755153656
LOOP,0.47699999809265137,3225663.3333333335,30,stock,1538641.4038475356
LOPE,152.6699981689453,310860.0,30,stock,47458995.63079834
LOVE,16.690000534057617,193323.33333333334,30,stock,3226566.536579132
LOW,204.4499969482422,2983120.0,30,stock,609898874.8962402
LPA,3.069999933242798,28060.0,30,stock,86144.19812679291
LPAA,10.770000457763672,13953.333333333334,30,stock,150277.4063873291
LPBB,10.800000190734863,48556.666666666664,30,stock,524412.0092614491
LPCN,2.450000047683716,38680.0,30,stock,94766.00184440613
LPCV,10.029999732971191,26553.333333333332,30,stock,266329.92624282837
LPG,55.20000076293945,576630.0,30,stock,31829976.439933777
LPL,3.299999952316284,2854326.6666666665,30,stock,9419277.863895098
LPLA,359.3299865722656,673416.6666666666,30,stock,241978801.7908732
LPSN,3.0999999046325684,294993.3333333333,30,stock,914479.3052005767
LPTH,9.670000076293945,3058833.3333333335,30,stock,29578918.566703796
LPX,68.16999816894531,1159013.3333333333,30,stock,79009936.81111653
LQDA,68.66000366210938,1421253.3333333333,30,stock,97583259.07145181
LQDT,42.11000061035156,221656.66666666666,30,stock,9333962.368621826
LRCX,307.6499938964844,9319570.0,30,stock,2867165653.617859
LRHC,0.4830000102519989,1365230.0,30,stock,659406.1039963365
LRMR,3.8299999237060547,1059023.3333333333,30,stock,4056059.285869598
LRN,84.68000030517578,996570.0,30,stock,84389547.90412903
LSAK,4.519999980926514,99650.0,30,stock,450417.9980993271
LSBK,17.3799991607666,9250.0,30,stock,160764.99223709106
LSCC,115.9000015258789,1698360.0,30,stock,196839926.5914917
LSE,5.400000095367432,6936.666666666667,30,stock,37458.00066153209
LSF,4.019999980926514,41276.666666666664,30,stock,165932.19921271005
LSPD,10.510000228881836,764860.0,30,stock,8038678.775062561
LSTA,1.649999976158142,392933.3333333333,30,stock,648339.9906317393
LSTR,177.9199981689453,482170.0,30,stock,85787685.51712036
LTBR,7.579999923706055,796286.6666666666,30,stock,6035852.872581482
LTC,41.209999084472656,492670.0,30,stock,20302930.248947144
LTGO,23.040000915527344,373071.4285714286,21,stock,8595566.05584281
LTGR,9.9399995803833,5250.0,30,stock,52184.99779701233
LTH,43.22999954223633,2988020.0,30,stock,129172103.232193
LTRN,1.9049999713897705,112313.33333333333,30,stock,213956.89678668976
LTRX,5.21999979019165,963416.6666666666,30,stock,5029034.797867139
LUCD,0.9399999976158142,926900.0,30,stock,871285.9977900982
LUCK,6.289999961853027,78770.0,30,stock,495463.29699516296
LUCY,0.9300000071525574,7320906.666666667,30,stock,6808443.252363205
LUD,4.289000034332275,10266.666666666666,30,stock,44033.733685811356
LULU,100.61000061035156,4819333.333333333,30,stock,484873129.60815424
LUMN,6.769999980926514,13450173.333333334,30,stock,91057673.21012497
LUNG,2.2100000381469727,730950.0,30,stock,1615399.5278835297
LUNR,14.8100004196167,9313616.666666666,30,stock,137934666.7414824
LUV,39.619998931884766,4639903.333333333,30,stock,183832965.1107152
LVLU,11.9399995803833,47433.333333333336,30,stock,566353.9800961813
LVO,3.490000009536743,77523.33333333333,30,stock,270556.4340726534
LVS,44.369998931884766,4992580.0,30,stock,221520769.26734924
LVWR,1.2799999713897705,4757030.0,30,stock,6088998.26390028
LW,49.869998931884766,1423886.6666666667,30,stock,71009226.54579163
LWAC,10.319999694824219,15546.666666666666,30,stock,160441.59525553384
LWAY,25.010000228881836,142030.0,30,stock,3552170.332508087
LWLG,5.349999904632568,2894466.6666666665,30,stock,15485396.390628815
LXEO,4.889999866485596,809406.6666666666,30,stock,3957998.491932551
LXFR,17.209999084472656,432936.6666666667,30,stock,7450839.6369679775
LXP,60.779998779296875,689600.0,30,stock,41913887.158203125
LXRX,2.240000009536743,2743040.0,30,stock,6144409.626159668
LXU,11.300000190734863,830580.0,30,stock,9385554.158420563
LYB,63.52000045776367,3994250.0,30,stock,253714761.82842255
LYEL,14.369999885559082,144346.66666666666,30,stock,2074261.5834808347
LYFT,16.719999313354492,10861490.0,30,stock,181604105.34200668
LYTS,20.229999542236328,392833.3333333333,30,stock,7947018.153508504
LYV,173.5,1977960.0,30,stock,343176060.0
LZ,6.130000114440918,2975690.0,30,stock,18240980.040540695
LZB,32.7599983215332,653133.3333333334,30,stock,21396646.90373739
LZM,4.25,385010.0,30,stock,1636292.5
LZMH,1.2799999713897705,677503.3333333334,30,stock,867204.2472831409
M,23.049999237060547,5086643.333333333,30,stock,117247124.95253244
MA,579.2100219726562,2965976.6666666665,30,stock,1717923410.2703857
MAA,128.32000732421875,931553.3333333334,30,stock,119536930.55623373
MAAS,16.350000381469727,148313.33333333334,30,stock,2424923.056577047
MAC,23.239999771118164,3374793.3333333335,30,stock,78430196.29423778
MACI,10.979999542236328,1866.6666666666667,30,stock,20495.999145507812
MAGN,12.539999961853027,455430.0,30,stock,5711092.182626724
MAIA,1.3200000524520874,375326.6666666667,30,stock,495431.21968666714
MAIN,57.68000030517578,537553.3333333334,30,stock,31006076.430714928
MAIR,25.899999618530273,3017883.3333333335,30,stock,78163177.1821022
MAKO,10.180000305175781,191153.33333333334,30,stock,1945940.9916687012
MAMA,15.15999984741211,531676.6666666666,30,stock,8060218.185539245
MAMO,0.9900000095367432,49566.666666666664,30,stock,49071.00047270457
MAN,61.97999954223633,954600.0,30,stock,59166107.5630188
MANE,98.51000213623047,733593.3333333334,30,stock,72266280.8337911
MANH,213.77000427246094,917056.6666666666,30,stock,196039207.55142212
MANU,20.899999618530273,322286.6666666667,30,stock,6735791.210390727
MAR,336.510009765625,1661370.0,30,stock,559067634.9243164
MARA,11.3100004196167,46514546.666666664,30,stock,526079542.3182805
MAS,72.69999694824219,2501750.0,30,stock,181877217.3652649
MASK,1.309999942779541,194223.33333333334,30,stock,254432.5555531184
MASS,10.050000190734863,480490.0,30,stock,4828924.591646194
MAT,14.529999732971191,3563580.0,30,stock,51778816.44842148
MATH,0.9750000238418579,39216.666666666664,30,stock,38236.25093499819
MATV,12.65999984741211,613936.6666666666,30,stock,7772438.106320699
MATW,21.1299991607666,701516.6666666666,30,stock,14823046.57793045
MATX,225.58999633789062,268940.0,30,stock,60670173.615112305
MAX,12.050000190734863,714716.6666666666,30,stock,8612335.969654718
MAYS,42.439998626708984,2163.3333333333335,30,stock,91811.86369578044
MAZE,26.209999084472656,367233.3333333333,30,stock,9625185.330454508
MB,4.260000228881836,1122473.3333333333,30,stock,4781736.656913757
MBAI,6.5,23249.066666666666,30,stock,151118.93333333332
MBBC,15.119999885559082,1950.0,30,stock,29483.99977684021
MBC,8.510000228881836,1836980.0,30,stock,15632700.220451355
MBGL,20.579999923706055,4044163.3333333335,30,stock,83228881.09145483
MBI,4.769999980926514,525350.0,30,stock,2505919.489979744
MBIN,52.68000030517578,166283.33333333334,30,stock,8759806.050745647
MBIO,0.5429999828338623,27676.666666666668,30,stock,15028.429524898529
MBLY,8.5600004196167,4553880.0,30,stock,38981214.710884094
MBOT,1.440000057220459,697053.3333333334,30,stock,1003756.8398857117
MBRX,0.7099999785423279,1828263.3333333333,30,stock,1298066.9274363914
MBUU,27.8799991607666,214690.0,30,stock,5985557.019824982
MBVI,10.229999542236328,12383.333333333334,30,stock,126681.49433135986
MBWM,62.13999938964844,111610.0,30,stock,6935445.331878662
MBX,61.720001220703125,434206.6666666667,30,stock,26799235.9967041
MC,69.0199966430664,851103.3333333334,30,stock,58743149.2095693
MCAH,9.989999771118164,4963.333333333333,30,stock,49583.698863983154
MCB,93.19000244140625,116300.0,30,stock,10837997.283935547
MCBS,35.790000915527344,75603.33333333333,30,stock,2705843.369216919
MCD,255.69000244140625,4511886.666666667,30,stock,1153644312.8153484
MCFT,24.149999618530273,176506.66666666666,30,stock,4262635.93266805
MCGA,10.350000381469727,96030.0,30,stock,993910.5366325378
MCHB,15.819999694824219,518000.0,30,stock,8194759.841918945
MCHP,74.16999816894531,9883390.0,30,stock,733051018.2029724
MCHX,1.7400000095367432,19480.0,30,stock,33895.20018577576
MCI,18.649999618530273,46653.333333333336,30,stock,870084.6488698324
MCK,907.989990234375,999140.0,30,stock,907209118.8427734
MCN,5.710000038146973,52480.0,30,stock,299660.8020019531
MCO,493.54998779296875,722890.0,30,stock,356782350.6756592
MCRB,5.71999979019165,63843.333333333336,30,stock,365183.8532718023
MCRI,121.5199966430664,131230.0,30,stock,15947069.159469604
MCRP,0.9229999780654907,561850.0,30,stock,518587.53767609596
MCS,27.270000457763672,329466.6666666667,30,stock,8984556.150817871
MCY,104.52999877929688,275166.6666666667,30,stock,28763171.33076986
MD,27.030000686645508,780326.6666666666,30,stock,21092230.3358078
MDA,29.520000457763672,1194403.3333333333,30,stock,35258786.946754456
MDAI,1.5700000524520874,161293.33333333334,30,stock,253230.54179350537
MDB,368.739990234375,1797953.3333333333,30,stock,662977294.5751953
MDBH,2.930000066757202,2370.0,30,stock,6944.100158214569
MDCX,0.1720000058412552,5234716.666666667,30,stock,900371.2972439826
MDGL,541.0800170898438,328256.6666666667,30,stock,177613122.80985516
MDIA,1.1399999856948853,18076.666666666668,30,stock,20607.39974141121
MDLN,36.59000015258789,7355516.666666667,30,stock,269138355.9556961
MDLZ,61.279998779296875,8179716.666666667,30,stock,501253027.34832764
MDRR,12.100000381469727,4246.666666666667,30,stock,51384.66828664144
MDT,94.16999816894531,7775913.333333333,30,stock,732257744.3618774
MDU,19.56999969482422,1537486.6666666667,30,stock,30088613.597462974
MDWD,13.289999961853027,84540.0,30,stock,1123536.596775055
MDXG,4.570000171661377,1337533.3333333333,30,stock,6112527.562936147
MDXH,0.7480000257492065,11850000.0,30,stock,8863800.305128098
MEC,19.65999984741211,613876.6666666666,30,stock,12068815.172996521
MED,12.630000114440918,164283.33333333334,30,stock,2074898.5188007357
MEDP,591.2899780273438,244600.0,30,stock,144629528.62548828
MEDS,0.9160000085830688,513626.6666666667,30,stock,470482.0310751597
MEGI,14.680000305175781,126876.66666666667,30,stock,1862549.5053863525
MEGL,1.2400000095367432,11563.333333333334,30,stock,14338.533443609875
MEI,15.6899995803833,695090.0,30,stock,10905961.808328629
MELI,1978.3599853515625,449620.0,30,stock,889510216.6137695
MENS,2.390000104904175,39400.0,30,stock,94166.00413322449
MEOH,58.720001220703125,733553.3333333334,30,stock,43074252.62878418
MERC,0.3799999952316284,6027506.666666667,30,stock,2290452.504591942
MESH,10.079999923706055,106676.66666666667,30,stock,1075300.7918612163
MET,97.62000274658203,3511803.3333333335,30,stock,342822251.04545593
META,616.77001953125,17135123.333333332,30,stock,10568430352.970377
METC,13.199999809265137,2414173.3333333335,30,stock,31867087.53953298
METCB,6.860000133514404,80736.66666666667,30,stock,553853.5441128414
MEVO,10.020000457763672,120080.0,30,stock,1203201.6549682617
MF,11.65999984741211,323170.0,30,stock,3768162.1506881714
MFA,8.949999809265137,1439000.0,30,stock,12879049.725532532
MFC,44.34000015258789,2639433.3333333335,30,stock,117032474.40274557
MFG,11.229999542236328,3247480.0,30,stock,36469198.91342163
MFI,9.59000015258789,21163.333333333332,30,stock,202956.36989593506
MFIC,9.619999885559082,584366.6666666666,30,stock,5621607.266457875
MFIN,12.220000267028809,72726.66666666667,30,stock,888719.8860867819
MFM,5.28000020980835,284236.6666666667,30,stock,1500769.659635226
MFP,45.209999084472656,712146.6666666666,30,stock,32196150.148010254
MG,19.1200008392334,214856.66666666666,30,stock,4108059.646981557
MGA,68.87000274658203,1299216.6666666667,30,stock,89477055.4017385
MGEE,77.37000274658203,158810.0,30,stock,12287130.136184692
MGF,2.8499999046325684,66930.0,30,stock,190750.4936170578
MGIH,1.5299999713897705,572356.6666666666,30,stock,875705.6836247443
MGLD,1.0329999923706055,8320.0,30,stock,8594.559936523438
MGM,41.220001220703125,2230130.0,30,stock,91925961.32232666
MGN,0.10000000149011612,44467263.333333336,30,stock,4446726.3995947195
MGNI,24.139999389648438,2681070.0,30,stock,64721028.16360474
MGNX,4.400000095367432,511673.3333333333,30,stock,2251362.7154636383
MGPI,16.399999618530273,194660.0,30,stock,3192423.925743103
MGRC,111.58999633789062,154600.0,30,stock,17251813.43383789
MGRT,113.4000015258789,22743.333333333332,30,stock,2579094.0347035723
MGRX,0.41100001335144043,26642626.666666668,30,stock,10950119.915717443
MGTX,13.890000343322754,635436.6666666666,30,stock,8826215.518159866
MGX,1.1699999570846558,133100.0,30,stock,155726.99428796768
MGY,26.799999237060547,3598823.3333333335,30,stock,96448462.58764903
MGYR,19.799999237060547,3246.6666666666665,30,stock,64283.99752298991
MH,13.3100004196167,623430.0,30,stock,8297853.561601639
MHD,11.220000267028809,319360.0,30,stock,3583219.2852783203
MHF,6.75,59273.333333333336,30,stock,400095.0
MHH,7.449999809265137,12050.0,30,stock,89772.4977016449
MHK,133.6300048828125,1015103.3333333334,30,stock,135648263.38989258
MHO,148.25999450683594,209020.0,30,stock,30989304.051818848
MI,2.369999885559082,125486.66666666667,30,stock,297403.3856391907
MIAX,42.38999938964844,1331733.3333333333,30,stock,56452175.18717448
MICC,19.31999969482422,773880.0,30,stock,14951361.363830566
MIDD,111.75,565080.0,30,stock,63147690.0
MIMI,0.9509999752044678,7254976.666666667,30,stock,6899482.630108993
MIN,2.4100000858306885,156403.33333333334,30,stock,376932.04675753915
MIND,4.570000171661377,90383.33333333333,30,stock,413051.84884866077
MINE,3.140000104904175,169906.66666666666,30,stock,533506.951157252
MIR,16.93000030517578,4110640.0,30,stock,69593136.45446777
MIRA,0.7639999985694885,1096476.6666666667,30,stock,837708.1717648109
MIRM,100.9000015258789,625310.0,30,stock,63093779.95414734
MIST,1.2000000476837158,1640596.6666666667,30,stock,1968716.0782297454
MITK,18.56999969482422,715733.3333333334,30,stock,13291167.781575521
MITQ,0.6069999933242798,21113.333333333332,30,stock,12815.793192386627
MITT,6.800000190734863,276300.0,30,stock,1878840.0527000427
MIY,12.460000038146973,60020.0,30,stock,747849.2022895813
MKC,52.08000183105469,2700083.3333333335,30,stock,140620344.94400024
MKDW,11.0,1770.0,30,stock,19470.0
MKL,1826.719970703125,66756.66666666667,30,stock,121945736.17757162
MKLY,10.255000114440918,116790.0,30,stock,1197681.4633655548
MKSI,260.30999755859375,1519406.6666666667,30,stock,395516745.6905111
MKTW,18.639999389648438,21100.0,30,stock,393303.98712158203
MKTX,163.3800048828125,1419050.0,30,stock,231844395.92895508
MKZR,1.5199999809265137,108953.33333333333,30,stock,165609.06458854675
MLAA,10.020000457763672,72683.33333333333,30,stock,728287.0332717896
MLAB,127.77999877929688,150636.66666666666,30,stock,19248353.082784016
MLCI,3.200000047683716,33936.666666666664,30,stock,108597.3349515597
MLEC,6.929999828338623,9180.0,30,stock,63617.39842414856
MLGO,4.019999980926514,33573.333333333336,30,stock,134964.7993596395
MLI,63.7400016784668,1166086.6666666667,30,stock,74326366.09057109
MLKN,22.920000076293945,559183.3333333334,30,stock,12816482.042662304
MLM,514.77001953125,642626.6666666666,30,stock,330804941.75130206
MLP,16.030000686645508,19876.666666666668,30,stock,318622.98031489056
MLR,56.060001373291016,102263.33333333333,30,stock,5732882.607103983
MLSS,0.4699999988079071,156436.66666666666,30,stock,73525.2331468463
MLTX,15.010000228881836,1222640.0,30,stock,18351826.679840088
MLYS,28.209999084472656,816933.3333333334,30,stock,23045688.58540853
MMA,0.4440000057220459,12453210.0,30,stock,5529225.311257839
MMD,14.800000190734863,55460.0,30,stock,820808.0105781555
MMED,23.290000915527344,1644116.6666666667,30,stock,38291478.67190044
MMI,31.889999389648438,120773.33333333333,30,stock,3851461.526285807
MMLP,2.390000104904175,10820.0,30,stock,25859.80113506317
MMM,168.55999755859375,2880343.3333333335,30,stock,485510665.2345785
MMS,57.65999984741211,583640.0,30,stock,33652682.3109436
MMSI,89.5999984741211,990013.3333333334,30,stock,88705193.15602621
MMT,4.449999809265137,267680.0,30,stock,1191175.9489440918
MMTX,10.210000038146973,18833.333333333332,30,stock,192288.33405176798
MMU,9.880000114440918,118070.0,30,stock,1166531.6135120392
MMYT,55.619998931884766,559746.6666666666,30,stock,31133109.002126057
MNDO,1.0099999904632568,50406.666666666664,30,stock,50910.7328526179
MNDR,1.4199999570846558,265236.6666666667,30,stock,376636.05528394383
MNDY,91.06999969482422,1478510.0,30,stock,134647905.24879456
MNKD,4.059999942779541,3935776.6666666665,30,stock,15979253.041459719
MNOV,1.6299999952316284,40650.0,30,stock,66259.4998061657
MNPR,117.55999755859375,241470.0,30,stock,28387212.610473633
MNRO,13.289999961853027,1184050.0,30,stock,15736024.454832077
MNSB,25.440000534057617,31896.666666666668,30,stock,811451.2170346578
MNST,43.81999969482422,10509393.333333334,30,stock,460521612.65945435
MNTK,2.2300000190734863,199986.66666666666,30,stock,445970.2704811096
MNTN,12.949999809265137,1072860.0,30,stock,13893536.795368195
MNTS,4.179999828338623,1058173.3333333333,30,stock,4423164.351685842
MNY,0.8600000143051147,10820.0,30,stock,9305.200154781342
MO,68.87999725341797,9587906.666666666,30,stock,660414984.8660278
MOB,5.059999942779541,135783.33333333334,30,stock,687063.6588970821
MOBI,11.630000114440918,144096.66666666666,30,stock,1675844.249823888
MOBX,0.9300000071525574,1470543.3333333333,30,stock,1367605.3105181456
MOD,194.66000366210938,1565696.6666666667,30,stock,304778518.8670858
MODD,3.680000066757202,392523.3333333333,30,stock,1444485.8928704262
MOH,200.8000030517578,657816.6666666666,30,stock,132089588.6741638
MORN,209.39999389648438,357016.6666666667,30,stock,74759287.8209432
MOS,25.850000381469727,8033313.333333333,30,stock,207661152.7311325
MOV,33.970001220703125,185736.66666666666,30,stock,6309474.793395996
MOVE,14.739999771118164,608386.6666666666,30,stock,8967619.327418009
MP,54.529998779296875,6645903.333333333,30,stock,362401100.6539917
MPA,10.739999771118164,23660.0,30,stock,254108.39458465576
MPAA,12.079999923706055,119213.33333333333,30,stock,1440097.0575714111
MPB,37.400001525878906,129260.0,30,stock,4834324.197235107
MPC,388.8999938964844,2406196.6666666665,30,stock,935769868.9804076
MPLT,13.770000457763672,1226270.0,30,stock,16885738.461341858
MPT,4.010000228881836,7661516.666666667,30,stock,30722683.586915337
MPTI,74.56999969482422,173363.33333333334,30,stock,12927703.713760376
MPU,0.1899999976158142,205656.66666666666,30,stock,39074.766176342964
MPV,17.020000457763672,27796.666666666668,30,stock,473099.2793909709
MPWR,1223.8599853515625,736570.0,30,stock,901458549.4104004
MQ,16.579999923706055,963716.6666666666,30,stock,15978422.259807587
MQY,10.869999885559082,412786.6666666667,30,stock,4486991.019426982
MRAM,16.3700008392334,1203723.3333333333,30,stock,19704951.97687149
MRBK,19.809999465942383,97560.0,30,stock,1932663.5478973389
MRCO,9.880000114440918,30626.666666666668,15,stock,302591.47017161053
MRCY,82.41999816894531,733083.3333333334,30,stock,60420726.99101766
MRDN,13.550000190734863,80963.33333333333,30,stock,1097053.182109197
MRK,150.3300018310547,10184616.666666666,30,stock,1531053442.14859
MRKR,1.1799999475479126,69790.0,30,stock,82352.19633936882
MRLN,3.3499999046325684,1251300.0,30,stock,4191854.880666733
MRNA,145.5500030517578,24112210.0,30,stock,3509532239.0846252
MRNO,0.210999995470047,251886.66666666666,30,stock,53148.085525631905
MRP,32.02000045776367,1037703.3333333334,30,stock,33227261.208356224
MRSH,185.74000549316406,2224970.0,30,stock,413265940.02212524
MRT,2.0199999809265137,50760.0,30,stock,102535.19903182983
MRTN,14.399999618530273,606590.0,30,stock,8734895.768604279
MRVI,7.320000171661377,3803143.3333333335,30,stock,27839009.85285282
MRVL,223.5500030517578,24361243.333333332,30,stock,5445956021.511281
MRX,78.2699966430664,710866.6666666666,30,stock,55639531.6136678
MS,217.72000122070312,4403060.0,30,stock,958634228.5748291
MSA,188.69000244140625,278013.3333333333,30,stock,52458336.545410156
MSAI,4.869999885559082,22950.0,30,stock,111766.49737358093
MSB,23.899999618530273,31796.666666666668,30,stock,759940.3212038677
MSBI,33.72999954223633,171170.0,30,stock,5773564.021644592
MSCI,573.010009765625,577980.0,30,stock,331188325.44433594
MSD,7.260000228881836,44520.0,30,stock,323215.21018981934
MSDL,15.25,452606.6666666667,30,stock,6902251.666666667
MSEX,58.2599983215332,128156.66666666667,30,stock,7466407.1848932905
MSFT,499.70001220703125,31808716.666666668,30,stock,15894816106.623333
MSGE,77.41000366210938,328153.3333333333,30,stock,25402350.73506673
MSGM,4.579999923706055,67330.0,30,stock,308371.39486312866
MSGS,391.1600036621094,215323.33333333334,30,stock,84225875.85520427
MSGY,1.8600000143051147,1565632.6,30,stock,2912076.658396554
MSI,468.04998779296875,990856.6666666666,30,stock,463770450.73791504
MSIF,12.649999618530273,277696.6666666667,30,stock,3512862.727400462
MSLE,8.970000267028809,24003.333333333332,30,stock,215309.90640958148
MSM,121.41000366210938,596803.3333333334,30,stock,72457894.88555908
MSN,0.5199999809265137,306776.6666666667,30,stock,159523.86081536612
MSS,1.5099999904632568,4894720.0,30,stock,7391027.1533203125
MSTR,142.8000030517578,23898843.333333332,30,stock,3412754900.9334817
MT,78.73999786376953,1446910.0,30,stock,113929690.30906677
MTA,10.3100004196167,509183.3333333333,30,stock,5249680.380328496
MTAL,10.220000267028809,52496.666666666664,30,stock,536515.9473514557
MTB,239.83999633789062,948903.3333333334,30,stock,227584971.9916789
MTC,4.360000133514404,23250.0,30,stock,101370.0031042099
MTCH,41.86000061035156,3201073.3333333335,30,stock,133996931.68711345
MTD,1345.260009765625,172636.66666666666,30,stock,232241203.88590494
MTDR,59.150001525878906,2158756.6666666665,30,stock,127690460.12733458
MTEK,1.1100000143051147,62000.0,30,stock,68820.00088691711
MTEN,1.0299999713897705,2442600.0,30,stock,2515877.9301166534
MTEX,9.0,22990.0,30,stock,206910.0
MTG,31.010000228881836,1610600.0,30,stock,49944706.368637085
MTH,67.33000183105469,701030.0,30,stock,47200351.18362427
MTN,134.9600067138672,558386.6666666666,30,stock,75359868.28226724
MTNB,0.18199999630451202,9580726.666666666,30,stock,1743692.2179278731
MTNE,9.90999984741211,3936.6666666666665,30,stock,39012.366065979004
MTR,2.5999999046325684,12096.666666666666,30,stock,31451.3321797053
MTRN,244.24000549316406,370053.3333333333,30,stock,90381828.166097
MTRX,10.619999885559082,255883.33333333334,30,stock,2717480.9707164764
MTSI,268.95001220703125,1385890.0,30,stock,372735132.41760254
MTUS,19.93000030517578,372123.3333333333,30,stock,7416418.146896362
MTVA,1.75,75446.66666666667,30,stock,132031.6666666667
MTW,21.40999984741211,387116.6666666667,30,stock,8288167.774264018
MTX,71.76000213623047,233136.66666666666,30,stock,16729887.69803365
MTZ,237.19000244140625,1635763.3333333333,30,stock,387986709.0268961
MU,1016.5900268554688,34508713.333333336,30,stock,35081213814.281006
MUA,9.899999618530273,338473.3333333333,30,stock,3350885.87088267
MUC,10.449999809265137,395790.0,30,stock,4136005.4245090485
MUFG,24.09000015258789,2936830.0,30,stock,70748235.1481247
MUJ,12.020000457763672,83476.66666666667,30,stock,1003389.5715459188
MUR,36.439998626708984,1681110.0,30,stock,61259646.09134674
MUSA,511.3299865722656,291480.0,30,stock,149042464.48608398
MUX,20.06999969482422,1035510.0,30,stock,20782685.383987427
MUZE,10.0,25620.0,30,stock,256200.0
MVBF,31.229999542236328,56386.666666666664,30,stock,1760955.5741882324
MVIS,1.649999976158142,1687826.7,30,stock,2784914.0147590754
MVST,0.6909999847412109,6999920.0,30,stock,4836944.613189697
MWA,23.950000762939453,1029396.6666666666,30,stock,24654050.952033997
MWG,1.2599999904632568,28366.666666666668,30,stock,35741.99972947439
MWH,25.270000457763672,1868470.0,30,stock,47216237.75531769
MWYN,1.2799999713897705,322710.0,30,stock,413068.79076719284
MX,3.0899999141693115,656106.6666666666,30,stock,2027369.5436859129
MXC,11.020000457763672,47096.666666666664,30,stock,519005.2882258097
MXCT,1.2799999713897705,781500.0,30,stock,1000319.9776411057
MXE,13.569999694824219,3653.3333333333335,30,stock,49575.732218424484
MXF,21.600000381469727,33056.666666666664,30,stock,714024.0126101176
MXL,62.7400016784668,2588573.3333333335,30,stock,162407095.27816772
MYE,31.809999465942383,411313.3333333333,30,stock,13083876.913668314
MYFW,31.360000610351562,50450.0,30,stock,1582112.0307922363
MYGN,3.190000057220459,2365760.0,30,stock,7546774.535369873
MYI,10.470000267028809,287463.3333333333,30,stock,3009741.176760991
MYN,9.470000267028809,182663.33333333334,30,stock,1729821.815443039
MYO,1.440000057220459,668516.6666666666,30,stock,962664.0382528305
MYPS,0.5199999809265137,283030.0,30,stock,147175.59460163116
MYRG,286.5899963378906,315316.6666666667,30,stock,90366602.34527588
MYSE,2.819999933242798,86736.66666666667,30,stock,244597.39420970282
MYSZ,2.259999990463257,392387.1666666667,30,stock,886794.992924571
MYX,9.989999771118164,15593.333333333334,30,stock,155777.39643096924
MZTI,105.38999938964844,349113.3333333333,30,stock,36793053.98691813
MZYX,9.989999771118164,15520.0,30,stock,155044.7964477539
NA,2.240000009536743,494226.6666666667,30,stock,1107067.7380466461
NABL,4.059999942779541,2410126.6666666665,30,stock,9785114.128758112
NAC,11.449999809265137,457376.6666666667,30,stock,5236962.746095657
NAD,11.460000038146973,609253.3333333334,30,stock,6982043.223241171
NAGE,3.1700000762939453,581490.0,30,stock,1843323.3443641663
NAII,2.0799999237060547,62640.0,30,stock,130291.19522094727
NAK,1.4700000286102295,3928553.3333333335,30,stock,5774973.512396812
NAKA,8.130000114440918,156786.66666666666,30,stock,1274675.61794281
NAMM,1.340000033378601,482060.0,30,stock,645960.4160904884
NAMS,25.399999618530273,1063323.3333333333,30,stock,27008412.261041004
NAN,10.75,89716.66666666667,30,stock,964454.1666666667
NAT,7.25,3378783.3333333335,30,stock,24496179.166666668
NATH,98.66999816894531,22973.333333333332,30,stock,2266778.7579345703
NATL,46.09000015258789,655926.6666666666,30,stock,30231660.166753132
NATR,14.020000457763672,213936.66666666666,30,stock,2999392.1645991006
NAUT,0.9049999713897705,821100.0,30,stock,743095.4765081406
NAVI,9.630000114440918,1203836.6666666667,30,stock,11592947.237768173
NAVN,27.780000686645508,2291336.6666666665,30,stock,63653334.17333602
NAZ,11.960000038146973,18480.0,30,stock,221020.80070495605
NB,4.130000114440918,3475923.3333333335,30,stock,14355563.764454525
NBB,15.5600004196167,62600.0,30,stock,974056.0262680054
NBBK,23.15999984741211,334556.6666666667,30,stock,7748332.348950705
NBH,10.050000190734863,77750.0,30,stock,781387.5148296356
NBHC,42.06999969482422,357370.0,30,stock,15034555.790939331
NBIS,226.38999938964844,23577920.0,30,stock,5337805294.40918
NBIX,155.63999938964844,1315896.6666666667,30,stock,204806156.39684042
NBN,132.86000061035156,110816.66666666667,30,stock,14723102.400970459
NBR,90.83999633789062,254003.33333333334,30,stock,23073661.86981201
NBRG,10.069999694824219,41240.0,30,stock,415286.7874145508
NBTB,52.27000045776367,310140.0,30,stock,16211017.941970825
NBXG,15.4399995803833,175560.0,30,stock,2710646.3263320923
NC,41.93000030517578,16096.666666666666,30,stock,674933.2382456461
NCA,8.949999809265137,65720.0,30,stock,588193.9874649048
NCDL,12.520000457763672,171033.33333333334,30,stock,2141337.41162618
NCEL,3.3499999046325684,11013.333333333334,30,stock,36894.665616353355
NCEW,16.239999771118164,3816.6666666666665,30,stock,61982.66579310099
NCI,13.539999961853027,767100.0,30,stock,10386533.970737457
NCLH,15.569999694824219,15418860.0,30,stock,240071645.49453735
NCMI,2.4800000190734863,1199886.6666666667,30,stock,2975718.9562193556
NCNO,23.1200008392334,2521590.0,30,stock,58299162.916202545
NCO,9.90999984741211,110669.23076923077,26,stock,1096732.0600362923
NCPL,0.5770000219345093,28830300.0,30,stock,16635083.732378483
NCRA,1.809999942779541,7158420.0,30,stock,12956739.790391922
NCT,0.4000000059604645,2931583.3333333335,30,stock,1172633.3508069317
NCTY,4.690000057220459,314590.0,30,stock,1475427.1180009842
NCV,16.559999465942383,53906.666666666664,30,stock,892694.371210734
NCZ,15.420000076293945,49293.333333333336,30,stock,760103.203760783
NDAQ,96.87999725341797,2917906.6666666665,30,stock,282686789.8523966
NDLS,14.319999694824219,54623.333333333336,30,stock,782206.116663615
NDMO,9.75,168310.0,30,stock,1641022.5
NDRA,6.050000190734863,32590.0,30,stock,197169.5062160492
NDSN,318.3599853515625,391893.3333333333,30,stock,124763155.859375
NE,45.61000061035156,1357933.3333333333,30,stock,61935340.16215006
NEA,11.039999961853027,907193.3333333334,30,stock,10015414.365393322
NECB,27.170000076293945,41666.666666666664,30,stock,1132083.3365122476
NEE,83.43000030517578,10949370.0,30,stock,913505942.4414825
NEGG,15.319999694824219,72896.66666666667,30,stock,1116776.9110870361
NEM,128.08999633789062,7782363.333333333,30,stock,996842890.8668009
NEO,17.3799991607666,2201890.0,30,stock,38268846.35210037
NEOG,11.829999923706055,2094650.0,30,stock,24779709.340190887
NEON,0.9200000166893005,88090.0,30,stock,81042.80147016048
NEOV,3.859999895095825,1830020.0,30,stock,7063877.008023262
NEPH,4.059999942779541,29576.666666666668,30,stock,120081.26497427623
NERV,4.429999828338623,209796.66666666666,30,stock,929399.1973193486
NESR,34.75,2025583.3333333333,30,stock,70389020.83333333
NET,278.9200134277344,3702270.0,30,stock,1032637198.1130981
NEU,885.0,128410.0,30,stock,113642850.0
NEUP,3.7699999809265137,54663.333333333336,30,stock,206080.76562404633
NEWP,6.170000076293945,605256.6666666666,30,stock,3734433.679510752
NEWT,12.4399995803833,266833.3333333333,30,stock,3319406.5546989436
NEXA,13.800000190734863,744333.3333333334,30,stock,10271800.141970318
NEXM,2.3299999237060547,32700.0,30,stock,76190.99750518799
NEXN,9.5600004196167,526456.6666666666,30,stock,5032925.954243341
NEXR,1.7000000476837158,601879.1,30,stock,1023194.4986998319
NEXT,7.340000152587891,2684313.3333333335,30,stock,19702860.276260376
NFE,0.27399998903274536,1805986.6666666667,30,stock,494840.326859951
NFG,83.31999969482422,576616.6666666666,30,stock,48043700.49069722
NFGC,1.809999942779541,1435190.0,30,stock,2597693.8178777695
NFJ,15.680000305175781,161053.33333333334,30,stock,2525316.3158162436
NFLX,78.25,31345316.666666668,30,stock,2452771029.166667
NG,8.069999694824219,4987243.333333333,30,stock,40247052.178014114
NGEN,2.3299999237060547,520266.6666666667,30,stock,1212221.2936401367
NGNE,38.599998474121094,200803.33333333334,30,stock,7751008.360265097
NGS,36.33000183105469,123363.33333333333,30,stock,4481790.12588501
NGVC,27.93000030517578,147583.33333333334,30,stock,4122002.5450388594
NGVT,70.54000091552734,242320.0,30,stock,17093253.021850586
NHC,218.63999938964844,109793.33333333333,30,stock,24005214.332987465
NHI,70.87999725341797,337050.0,30,stock,23890103.074264526
NHIC,10.619999885559082,178080.0,30,stock,1891209.5796203613
NHIV,10.100000381469727,7640.0,30,stock,77164.00291442871
NHP,16.200000762939453,569060.0,30,stock,9218772.434158325
NHS,5.929999828338623,155546.66666666666,30,stock,922391.7066319783
NHTC,1.590000033378601,46073.333333333336,30,stock,73256.60153786342
NI,41.38999938964844,5790723.333333333,30,stock,239678035.2322896
NIC,172.1199951171875,153460.0,30,stock,26413534.450683594
NIE,26.040000915527344,53650.0,30,stock,1397046.049118042
NIKI,6.199999809265137,174210.0,30,stock,1080101.9667720795
NIM,9.1899995803833,13773.333333333334,30,stock,126576.92755381267
NINE,10.25,88570.0,30,stock,907842.5
NIQ,18.389999389648438,1755646.6666666667,30,stock,32286341.128438316
NIVF,1.1399999856948853,188188.93333333332,30,stock,214535.3813079357
NIXX,0.6600000262260437,818010.0,30,stock,539886.621453166
NJR,53.400001525878906,620406.6666666666,30,stock,33129716.946665443
NKE,38.400001525878906,25406650.0,30,stock,975615398.7674713
NKLR,5.269999980926514,396393.3333333333,30,stock,2088992.8591060638
NKSH,42.06999969482422,40790.0,30,stock,1716035.2875518799
NKTR,74.19000244140625,587933.3333333334,30,stock,43618775.43538412
NKTX,2.9200000762939453,570673.3333333334,30,stock,1666366.1768722534
NKX,11.979999542236328,148873.33333333334,30,stock,1783502.4651845298
NL,6.789999961853027,37593.333333333336,30,stock,255258.7318992615
NLOP,11.0,104243.33333333333,30,stock,1146676.6666666665
NLY,22.809999465942383,6846806.666666667,30,stock,156175656.41007742
NMAD,4.03000020980835,308330.0,30,stock,1242569.9646902084
NMAI,14.569999694824219,87313.33333333333,30,stock,1272155.240020752
NMAX,10.630000114440918,1139980.0,30,stock,12117987.530460358
NMCO,10.199999809265137,327420.0,30,stock,3339683.937549591
NMFC,7.480000019073486,486550.0,30,stock,3639394.009280205
NMG,1.399999976158142,393943.3333333333,30,stock,551520.6572743256
NMI,10.430000305175781,24470.0,30,stock,255222.10746765137
NMIH,44.83000183105469,460580.0,30,stock,20647802.243347168
NML,10.619999885559082,153440.0,30,stock,1629532.7824401855
NMP,10.34000015258789,29183.333333333332,30,stock,301755.67111968994
NMRA,1.309999942779541,705310.0,30,stock,923956.0596418381
NMRK,15.25,1491103.3333333333,30,stock,22739325.833333332
NMS,10.579999923706055,35000.0,30,stock,370299.9973297119
NMT,12.380000114440918,14166.666666666666,30,stock,175383.33495457965
NMTC,1.6200000047683716,553623.3333333334,30,stock,896869.8026398818
NMZ,9.859999656677246,693930.0,30,stock,6842149.561758041
NN,15.180000305175781,2805696.6666666665,30,stock,42590476.25623067
NNBR,3.6600000858306885,2442690.0,30,stock,8940245.609657764
NNE,17.719999313354492,1816370.0,30,stock,32186075.1527977
NNI,127.30999755859375,139566.66666666666,30,stock,17768231.9925944
NNN,44.630001068115234,1307973.3333333333,30,stock,58374851.26373291
NNNN,6.539999961853027,163333.33333333334,30,stock,1068199.9937693279
NNOX,0.8299999833106995,1193640.0,30,stock,990721.1800789833
NNVC,1.1200000047683716,301463.3333333333,30,stock,337638.9347708225
NNY,8.069999694824219,43566.666666666664,30,stock,351582.9867045084
NOA,13.350000381469727,113606.66666666667,30,stock,1516649.0433375041
NOC,514.97998046875,688403.3333333334,30,stock,354513935.15462244
NODK,15.260000228881836,21106.666666666668,30,stock,322087.738164266
NOEM,10.6899995803833,5936.666666666667,30,stock,63462.9641755422
NOG,25.920000076293945,2291583.3333333335,30,stock,59397840.17483394
NOMA,2.0299999713897705,68530.0,30,stock,139115.89803934097
NOMD,11.640000343322754,1760006.6666666667,30,stock,20486478.204250336
NOV,21.389999389648438,3359820.0,30,stock,71866547.74932861
NOVT,148.36000061035156,396570.0,30,stock,58835125.44204712
NOW,141.25999450683594,20338856.666666668,30,stock,2873066781.008657
NP,33.22999954223633,568373.3333333334,30,stock,18887045.606486004
NPAC,10.489999771118164,30576.666666666668,30,stock,320749.22633488977
NPB,17.280000686645508,189603.33333333334,30,stock,3276345.730190277
NPCE,14.899999618530273,198180.0,30,stock,2952881.9244003296
NPCT,9.710000038146973,101976.66666666667,30,stock,990193.4372234344
NPK,147.72000122070312,99293.33333333333,30,stock,14667611.321207682
NPKI,13.220000267028809,865640.0,30,stock,11443761.031150818
NPO,296.95001220703125,175833.33333333334,30,stock,52213710.47973633
NPT,2.869999885559082,28823.333333333332,30,stock,82722.96336809793
NPV,10.270000457763672,94896.66666666667,30,stock,974588.8101069133
NPWR,1.9299999475479126,884213.3333333334,30,stock,1706531.6869544983
NRC,21.530000686645508,126533.33333333333,30,stock,2724262.7535502114
NRDS,9.880000114440918,692170.0,30,stock,6838639.67921257
NRDY,9.350000381469727,31550.933333333334,30,stock,295001.2387023926
NREF,17.790000915527344,45790.0,30,stock,814604.1419219971
NRG,119.0199966430664,3057043.3333333335,30,stock,363849287.27104187
NRGV,3.8399999141693115,4719040.0,30,stock,18121113.194961548
NRIM,26.450000762939453,130010.0,30,stock,3438764.5991897583
NRIX,26.139999389648438,1142566.6666666667,30,stock,29866691.96929932
NRK,10.0,279656.6666666667,30,stock,2796566.666666667
NRO,2.859999895095825,193980.0,30,stock,554782.7796506882
NRP,113.72000122070312,47800.0,30,stock,5435816.058349609
NRSN,0.5109999775886536,494450.0,30,stock,252663.93891870975
NRT,8.930000305175781,45436.666666666664,30,stock,405749.44719950354
NRXP,3.490000009536743,1048790.0,30,stock,3660277.110002041
NRXS,5.960000038146973,90313.33333333333,30,stock,538267.4701118469
NSC,329.4599914550781,1203790.0,30,stock,396600643.1137085
NSIT,160.97999572753906,382083.3333333333,30,stock,61507773.36756388
NSLR,10.100000381469727,217373.33333333334,30,stock,2195470.7495880127
NSP,51.959999084472656,473766.6666666667,30,stock,24616915.566253662
NSPR,0.8500000238418579,89543.33333333333,30,stock,76111.83546821275
NSRX,3.734999895095825,14076.666666666666,30,stock,52576.3485232989
NSSC,37.0099983215332,431466.6666666667,30,stock,15968580.60913086
NSTS,14.050000190734863,9390.0,30,stock,131929.50179100037
NSYS,11.710000038146973,16350.0,30,stock,191458.500623703
NTAP,185.58999633789062,2576826.6666666665,30,stock,478233251.63004553
NTB,61.529998779296875,190283.33333333334,30,stock,11708133.267720541
NTCL,2.009999990463257,56160.0,30,stock,112881.5994644165
NTCT,37.220001220703125,596706.6666666666,30,stock,22209422.861735024
NTGR,21.309999465942383,342153.3333333333,30,stock,7291287.350603739
NTHI,5.03000020980835,220683.33333333334,30,stock,1110037.2129678726
NTIC,7.989999771118164,5833.333333333333,30,stock,46608.331998189286
NTIP,1.600000023841858,17606.666666666668,30,stock,28170.667086442314
NTLA,12.739999771118164,3359146.6666666665,30,stock,42795527.76448567
NTNX,68.05999755859375,2722246.6666666665,30,stock,185276101.4872233
NTR,79.47000122070312,2715523.3333333335,30,stock,215802642.61484784
NTRA,328.17999267578125,1337180.0,30,stock,438835722.6062012
NTRB,5.96999979019165,30106.666666666668,30,stock,179736.79368336996
NTRP,1.409999966621399,78516.66666666667,30,stock,110708.49737922351
NTRS,186.6300048828125,985376.6666666666,30,stock,183900852.1114095
NTSK,13.9399995803833,4696306.666666667,30,stock,65466512.96268464
NTST,20.09000015258789,1597200.0,30,stock,32087748.24371338
NTWK,4.079999923706055,16596.666666666668,30,stock,67714.39873377483
NTWO,10.954999923706055,522986.6666666667,30,stock,5729318.893432617
NU,15.369999885559082,66059676.666666664,30,stock,1015337222.8067366
NUAI,5.409999847412109,5542693.333333333,30,stock,29985970.08758545
NUCL,6.760000228881836,377016.6666666667,30,stock,2548632.752958934
NUE,261.07000732421875,1479710.0,30,stock,386307900.5377197
NUR,1.7699999809265137,36680.0,20,stock,64923.59930038452
NUS,4.840000152587891,571700.0,30,stock,2767028.087234497
NUTX,193.24000549316406,158903.33333333334,30,stock,30706481.006215416
NUV,8.869999885559082,487010.0,30,stock,4319778.644266129
NUVB,6.809999942779541,5445270.0,30,stock,37082288.38841915
NUW,13.819999694824219,44880.0,30,stock,620241.5863037109
NUWE,0.7799999713897705,7014910.0,30,stock,5471629.599301815
NVA,6.130000114440918,266790.0,30,stock,1635422.7305316925
NVAX,10.220000267028809,4633336.666666667,30,stock,47352701.9705677
NVCR,17.940000534057617,1257030.0,30,stock,22551118.871326447
NVCT,24.489999771118164,212313.33333333334,30,stock,5199553.484738668
NVDA,230.36000061035156,130808003.33333333,30,stock,30132931727.705536
NVEC,100.4000015258789,157716.66666666666,30,stock,15834753.573989866
NVG,11.989999771118164,525096.6666666666,30,stock,6295908.913148244
NVGS,22.959999084472656,399570.0,30,stock,9174126.83418274
NVMI,372.1000061035156,541783.3333333334,30,stock,201597581.6401164
NVNI,0.9300000071525574,44630.0,30,stock,41505.900319218636
NVNO,11.439000129699707,14960.0,30,stock,171127.44194030762
NVO,46.599998474121094,12860440.0,30,stock,599296484.3765259
NVR,6298.85009765625,33343.333333333336,30,stock,210024658.4228516
NVRI,22.8700008392334,376650.0,30,stock,8613985.81609726
NVS,159.99000549316406,1673733.3333333333,30,stock,267780605.1940918
NVST,27.280000686645508,2788853.3333333335,30,stock,76079920.84828696
NVT,156.02999877929688,2548343.3333333335,30,stock,397618007.18922937
NVTS,11.800000190734863,14207683.333333334,30,stock,167650666.04323387
NVX,3.009999990463257,28573.333333333332,30,stock,86005.73306083679
NWAX,10.149999618530273,104250.0,30,stock,1058137.460231781
NWBI,15.619999885559082,924230.0,30,stock,14436472.49423027
NWE,70.77999877929688,372836.6666666667,30,stock,26389378.811543785
NWFL,34.709999084472656,34900.0,30,stock,1211378.9680480957
NWL,6.110000133514404,9033410.0,30,stock,55194136.306090355
NWN,49.189998626708984,215353.33333333334,30,stock,10593230.17092387
NWPX,107.68000030517578,179560.0,30,stock,19335020.854797363
NWS,33.900001525878906,1155960.0,30,stock,39187045.76385498
NWSA,30.389999389648438,3865756.6666666665,30,stock,117480342.74052937
NWTG,1.350000023841858,55193.333333333336,30,stock,74511.00131591162
NX,22.93000030517578,359920.0,30,stock,8252965.709838867
NXB,2.2100000381469727,58830.0,30,stock,130014.3022441864
NXDR,2.240000009536743,2149396.6666666665,30,stock,4814648.553831577
NXDT,5.46999979019165,199380.0,30,stock,1090608.5581684113
NXE,10.729999542236328,5149923.333333333,30,stock,55258675.00921885
NXG,55.810001373291016,95186.66666666667,30,stock,5312367.997385661
NXGL,0.31700000166893005,1197963.3333333333,30,stock,379754.3786659837
NXH,3.950000047683716,2421070.0,30,stock,9563226.615445614
NXL,5.059999942779541,9458.166666666666,30,stock,47858.32279213269
NXP,14.020000457763672,148786.66666666666,30,stock,2085989.1347757974
NXPI,227.83999633789062,3814656.6666666665,30,stock,869131360.9636433
NXPL,8.90999984741211,54136.666666666664,30,stock,482357.6917394002
NXRT,23.780000686645508,340380.0,30,stock,8094236.633720398
NXST,176.8300018310547,325600.0,30,stock,57575848.596191406
NXT,84.5,2527823.3333333335,30,stock,213601071.6666667
NXTC,7.820000171661377,299400.0,30,stock,2341308.0513954163
NXTS,1.7200000286102295,63380.0,30,stock,109013.60181331635
NXTT,5.260000228881836,302919.23333333334,30,stock,1593355.2366660435
NXXT,0.22100000083446503,2432613.3333333335,30,stock,537607.5486965975
NYAX,52.2400016784668,23190.0,30,stock,1211445.638923645
NYC,6.289999961853027,37370.0,30,stock,235057.29857444763
NYT,67.27999877929688,2147716.6666666665,30,stock,144498374.7116089
NYXH,1.6200000047683716,392280.0,30,stock,635493.6018705368
NZF,11.920000076293945,570466.6666666666,30,stock,6799962.710189819
O,61.25,5273143.333333333,30,stock,322980029.1666666
OABI,4.329999923706055,1940263.3333333333,30,stock,8401340.085302988
OACC,10.800000190734863,41793.333333333336,30,stock,451368.00797144574
OBA,10.319999694824219,5290.0,30,stock,54592.79838562012
OBDC,11.399999618530273,3992420.0,30,stock,45513586.477012634
OBE,11.819999694824219,724496.6666666666,30,stock,8563550.378901163
OBIO,5.079999923706055,290496.6666666667,30,stock,1475723.04450353
OBK,54.47999954223633,178113.33333333334,30,stock,9703614.318466187
OBT,38.720001220703125,46790.0,30,stock,1811708.8571166992
OBX,16.81999969482422,117870.0,30,stock,1982573.3640289307
OC,138.72000122070312,879456.6666666666,30,stock,121998229.8735555
OCAC,9.960000038146973,205492.0,25,stock,2046700.3278388977
OCC,13.850000381469727,209406.66666666666,30,stock,2900282.413215637
OCCI,2.5899999141693115,215530.0,30,stock,558222.6815009117
OCFC,19.43000030517578,939680.0,30,stock,18257982.686767578
OCG,1.7200000286102295,108956.66666666667,30,stock,187405.46978394192
OCGN,1.3600000143051147,3943116.6666666665,30,stock,5362638.723073402
OCS,12.170000076293945,230513.33333333334,30,stock,2805347.2842534385
OCSL,13.0600004196167,542826.6666666666,30,stock,7089316.4944458
OCTV,19.59000015258789,2094166.6666666667,30,stock,41024725.31954448
OCUL,10.640000343322754,2516760.0,30,stock,26778327.264060974
ODC,87.9000015258789,126900.0,30,stock,11154510.193634033
ODD,13.75,775956.6666666666,30,stock,10669404.166666666
ODFL,185.8699951171875,1785346.6666666667,30,stock,331842376.2158203
ODTX,28.760000228881836,157760.0,30,stock,4537177.636108398
ODYS,3.7699999809265137,30216.666666666668,30,stock,113916.83275699615
OEC,6.090000152587891,425756.6666666667,30,stock,2592858.164965312
OESX,25.0,102770.0,30,stock,2569250.0
OFAL,0.7799999713897705,13165982.333333334,30,stock,10269465.843318224
OFG,53.220001220703125,228613.33333333334,30,stock,12166801.879069012
OFIX,9.289999961853027,351426.6666666667,30,stock,3264753.71992747
OFLX,26.90999984741211,38683.333333333336,30,stock,1040968.4940973918
OFRM,17.459999084472656,400060.0,30,stock,6985047.233734131
OFS,3.9100000858306885,55246.666666666664,30,stock,216014.4714085261
OGC,30.610000610351562,531170.0,30,stock,16259114.02420044
OGE,46.91999816894531,1417306.6666666667,30,stock,66500026.204833984
OGEN,0.5099999904632568,31963.333333333332,30,stock,16301.299695173899
OGG,2.9100000858306885,1878926.6666666667,30,stock,5467676.761269569
OGI,1.1549999713897705,1309310.0,30,stock,1512253.0125403404
OGN,13.779999732971191,2954176.6666666665,30,stock,40708553.67781639
OGS,79.86000061035156,469086.6666666667,30,stock,37461261.486307785
OHAC,9.960000038146973,33910.0,30,stock,337743.60129356384
OHI,46.380001068115234,1773906.6666666667,30,stock,82273793.09473674
OI,7.139999866485596,3211690.0,30,stock,22931466.171193123
OIA,5.989999771118164,117860.0,30,stock,705981.3730239868
OII,51.400001525878906,882883.3333333334,30,stock,45380204.68050639
OIM,10.119999885559082,20053.333333333332,30,stock,202939.73103841144
OIO,1.7599999904632568,106476.66666666667,30,stock,187398.93231789273
OIS,8.760000228881836,598110.0,30,stock,5239443.736896515
OKE,95.43000030517578,3682940.0,30,stock,351462965.3239441
OKLO,41.27000045776367,9413036.666666666,30,stock,388476027.54227954
OKTA,170.60000610351562,3396030.0,30,stock,579362738.7277222
OKUR,3.5799999237060547,149076.66666666666,30,stock,533694.4552930195
OKYO,1.5700000524520874,65640.0,30,stock,103054.80344295502
OLB,0.2612000107765198,386736.6666666667,30,stock,101015.62150100867
OLED,82.33999633789062,771923.3333333334,30,stock,63560164.439798996
OLLI,76.56500244140625,1614166.6666666667,30,stock,123588674.77416992
OLMA,10.75,931216.6666666666,30,stock,10010579.166666666
OLN,17.3700008392334,3130513.3333333335,30,stock,54377019.227231346
OLOX,0.8550000190734863,2128943.3333333335,30,stock,1820246.5906063716
OLP,23.920000076293945,78160.0,30,stock,1869587.2059631348
OM,3.5899999141693115,127473.33333333333,30,stock,457629.25572554267
OMAB,99.72000122070312,68986.66666666667,30,stock,6879350.48421224
OMC,82.62000274658203,2735276.6666666665,30,stock,225988565.71266174
OMCL,34.369998931884766,793206.6666666666,30,stock,27262512.286097206
OMDA,22.770000457763672,1409350.0,30,stock,32090900.14514923
OMER,18.950000762939453,2170396.6666666665,30,stock,41129018.48921458
OMEX,0.8159999847412109,351580.0,30,stock,286889.27463531494
OMF,64.62999725341797,931000.0,30,stock,60170527.44293213
OMH,2.859999895095825,1048635.4,30,stock,2999097.1339937686
OMSE,4.784999847412109,26696.666666666668,30,stock,127743.54592641196
ON,74.37999725341797,8923426.666666666,30,stock,663724450.9577433
ONB,26.040000915527344,3462336.6666666665,30,stock,90159249.96986389
ONCH,10.329999923706055,86630.0,30,stock,894887.8933906555
ONCO,1.0199999809265137,448596.6666666667,30,stock,457568.59144369763
ONCY,0.8399999737739563,696990.0,30,stock,585471.5817207098
ONDS,7.619999885559082,69994933.33333333,30,stock,533361383.9897155
ONEG,1.0299999713897705,38896.666666666664,30,stock,40063.565553824104
ONEW,12.699999809265137,107963.33333333333,30,stock,1371134.3127409616
ONFO,1.1100000143051147,4286322.2,30,stock,4757817.703316331
ONIT,35.459999084472656,67596.66666666667,30,stock,2396977.7381134033
ONL,2.7100000381469727,310013.3333333333,30,stock,840136.1451594034
ONMD,0.6819999814033508,1943043.3333333333,30,stock,1325155.517199238
ONON,27.989999771118164,8026610.0,30,stock,224664812.06285477
ONT,17.850000381469727,769543.3333333334,30,stock,13736348.793557486
ONTO,268.010009765625,1108636.6666666667,30,stock,297125723.8598633
OOMA,23.200000762939453,452310.0,30,stock,10493592.345085144
OPAD,4.099999904632568,54740.0,30,stock,224433.9947795868
OPAL,2.009999990463257,185530.0,30,stock,372915.29823064804
OPBK,15.460000038146973,52866.666666666664,30,stock,817318.6686833699
OPCH,24.209999084472656,2285993.3333333335,30,stock,55343896.5071106
OPEN,3.1500000953674316,37802266.666666664,30,stock,119077143.60510507
OPFI,7.420000076293945,960073.3333333334,30,stock,7123744.206581116
OPHC,8.979999542236328,186753.33333333334,30,stock,1677044.847844442
OPI,17.729999542236328,102386.66666666667,30,stock,1815315.5531311035
OPK,1.6399999856948853,4314810.0,30,stock,7076288.338276148
OPLN,35.459999084472656,1372006.6666666667,30,stock,48651355.14389038
OPP,7.449999809265137,86073.33333333333,30,stock,641246.3169161478
OPRT,7.869999885559082,444193.3333333333,30,stock,3495801.48249944
OPRX,7.869999885559082,222243.33333333334,30,stock,1749055.0078996024
OPTH,4.78000020980835,23896.666666666668,30,stock,114226.07168038687
OPTT,0.1899999976158142,5070556.666666667,30,stock,963405.7545775176
OPTU,1.0499999523162842,2483383.3333333335,30,stock,2607552.381583055
OPTX,7.570000171661377,331083.3333333333,30,stock,2506300.890167554
OPXS,10.289999961853027,32306.666666666668,30,stock,332435.5987675985
OPY,122.88999938964844,128176.66666666667,30,stock,15751630.488433838
OR,37.310001373291016,1059923.3333333333,30,stock,39545741.022249855
ORA,105.44999694824219,787336.6666666666,30,stock,83024649.09723917
ORBS,0.9039999842643738,13471730.0,30,stock,12178443.708013892
ORC,6.550000190734863,4562826.666666667,30,stock,29886515.53695679
ORCL,158.77999877929688,26357440.0,30,stock,4185034291.0253906
ORGO,1.7100000381469727,826436.6666666666,30,stock,1413206.7315260568
ORI,41.43000030517578,1125276.6666666667,30,stock,46620212.64340719
ORIC,12.859999656677246,1372270.0,30,stock,17647391.728868484
ORIO,0.9800000190734863,79640.0,30,stock,78047.20151901245
ORIQ,10.399999618530273,7433.333333333333,30,stock,77306.66383107503
ORKA,92.51000213623047,800753.3333333334,30,stock,74077692.57726035
ORKT,1.0,149523.33333333334,30,stock,149523.33333333334
ORLY,87.88999938964844,5711580.0,30,stock,501990762.7139282
ORMP,5.010000228881836,210683.33333333334,30,stock,1055523.5482215881
ORN,9.279999732971191,595656.6666666666,30,stock,5527693.707609177
ORRF,43.130001068115234,94756.66666666667,30,stock,4086855.1345443726
OSBC,25.719999313354492,418006.6666666667,30,stock,10751131.179644268
OSCR,32.25,5472350.0,30,stock,176483287.5
OSG,4.96999979019165,520550.0,30,stock,2587133.3907842636
OSIS,204.14999389648438,257693.33333333334,30,stock,52608092.42716472
OSK,157.0800018310547,703846.6666666666,30,stock,110560235.68878174
OSPN,16.700000762939453,406316.6666666667,30,stock,6785488.643328349
OSS,9.970000267028809,911573.3333333334,30,stock,9088386.376749676
OSTX,1.8799999952316284,384473.3333333333,30,stock,722809.864833355
OSUR,3.4800000190734863,410086.6666666667,30,stock,1427101.6078217826
OSW,22.399999618530273,992970.0,30,stock,22242527.621212006
OTAI,9.989999771118164,15673.333333333334,30,stock,156576.5964126587
OTEX,23.950000762939453,1721520.0,30,stock,41230405.31341553
OTF,11.380000114440918,2810996.6666666665,30,stock,31989142.388359703
OTGA,10.239999771118164,67496.66666666667,30,stock,691165.8512179058
OTIS,71.20999908447266,3290593.3333333335,30,stock,234323148.2540385
OTLK,0.6669999957084656,20367986.666666668,30,stock,13585447.019256752
OTTR,89.79000091552734,221843.33333333334,30,stock,19919313.103103638
OUST,36.43000030517578,2723766.6666666665,30,stock,99226820.49789429
OUT,28.959999084472656,1749636.6666666667,30,stock,50669476.26482646
OVBC,46.86000061035156,35836.666666666664,30,stock,1679306.2218729653
OVID,2.799999952316284,1446140.0,30,stock,4049191.931042671
OVLY,34.880001068115234,27393.333333333332,30,stock,955479.4959259033
OVV,64.76000213623047,3196700.0,30,stock,207018298.82888794
OWL,11.75,21174620.0,30,stock,248801785.0
OWLS,5.480000019073486,25833.333333333332,30,stock,141566.66715939838
OWLT,4.980000019073486,213470.0,30,stock,1063080.6040716171
OXBR,1.440000057220459,59423.333333333336,30,stock,85569.60340023041
OXLC,9.65999984741211,909186.6666666666,30,stock,8782743.061269123
OXM,30.8700008392334,352846.6666666667,30,stock,10892376.896120708
OXSQ,1.350000023841858,1684083.3333333333,30,stock,2273512.540151675
OXY,60.040000915527344,7727013.333333333,30,stock,463929887.6076253
OYSE,10.390000343322754,35636.666666666664,30,stock,370264.97890154517
OZK,50.43000030517578,982566.6666666666,30,stock,49550837.299855545
P,99.51000213623047,3266700.0,30,stock,325069323.9784241
PAAC,10.100000381469727,6910.0,30,stock,69791.00263595581
PAAI,1.0399999618530273,732970.0,30,stock,762288.7720394135
PAAS,51.34000015258789,4859140.0,30,stock,249468248.34144592
PAC,208.1699981689453,131453.33333333334,30,stock,27364640.15930176
PACB,1.350000023841858,7001343.333333333,30,stock,9451813.666925032
PACH,10.329999923706055,21320.0,30,stock,220235.5983734131
PACK,4.539999961853027,510356.6666666667,30,stock,2317019.247198105
PACS,42.5,789410.0,30,stock,33549925.0
PAG,219.77000427246094,357950.0,30,stock,78666673.0293274
PAGS,9.729999542236328,2714486.6666666665,30,stock,26411954.02407328
PAHC,38.25,222723.33333333334,30,stock,8519167.5
PAI,11.859999656677246,17013.333333333332,30,stock,201778.12749226886
PAII,10.289999961853027,12246.666666666666,30,stock,126018.19953282674
PAL,5.119999885559082,668263.3333333334,30,stock,3421508.1901899977
PALI,2.0899999141693115,1523280.0,30,stock,3183655.069255829
PALO,9.989999771118164,666.6666666666666,30,stock,6659.999847412109
PAM,84.80000305175781,164953.33333333334,30,stock,13988043.170064291
PAMT,13.149999618530273,21406.666666666668,30,stock,281497.6585006714
PANL,8.550000190734863,395166.6666666667,30,stock,3378675.0753720603
PANW,333.260009765625,6160486.666666667,30,stock,2053043846.694336
PAPL,0.9549999833106995,67483.33333333333,30,stock,64446.582207083695
PAR,19.770000457763672,906686.6666666666,30,stock,17925195.815048218
PARA,1.0099999904632568,203300.0,30,stock,205332.99806118011
PARK,20.43000030517578,20773.333333333332,30,stock,424399.2063395182
PARR,81.31999969482422,1010843.3333333334,30,stock,82201779.55818176
PASG,4.650000095367432,13496.666666666666,30,stock,62759.50128714243
PASW,0.12300000339746475,12368970.0,30,stock,1521383.3520231396
PATH,15.1899995803833,65634530.0,30,stock,996988483.1586552
PATK,82.83999633789062,452536.6666666667,30,stock,37488135.8094279
PAVM,5.28000020980835,36053.333333333336,30,stock,190361.60756429037
PAVS,4.701000213623047,1281183.3333333333,30,stock,6022843.123690287
PAX,11.140000343322754,1193983.3333333333,30,stock,13300974.743254978
PAXS,14.239999771118164,201470.0,30,stock,2868932.7538871765
PAY,36.189998626708984,1330893.3333333333,30,stock,48165027.90562947
PAYC,231.6699981689453,885116.6666666666,30,stock,205054976.54596964
PAYO,7.170000076293945,4293863.333333333,30,stock,30787000.42759577
PAYP,17.040000915527344,824106.6666666666,30,stock,14042778.354492188
PAYS,13.449999809265137,759223.3333333334,30,stock,10211553.688522976
PAYX,121.70999908447266,2584200.0,30,stock,314522979.63409424
PB,72.80999755859375,886890.0,30,stock,64574458.73474121
PBA,48.40999984741211,865443.3333333334,30,stock,41896111.6346105
PBAM,90.0999984741211,27513.333333333332,30,stock,2478951.2913513184
PBF,74.33999633789062,3050250.0,30,stock,226755573.82965088
PBFS,18.540000915527344,8830.0,30,stock,163708.20808410645
PBH,52.2599983215332,510096.6666666667,30,stock,26657650.943819683
PBHC,15.789999961853027,5380.0,30,stock,84950.19979476929
PBI,17.399999618530273,1634983.3333333333,30,stock,28448709.376303352
PBK,0.3799999952316284,1013606.6666666666,30,stock,385170.5285000801
PBLS,40.41999816894531,368686.6666666667,30,stock,14902314.391581219
PBM,4.539999961853027,87513.33333333333,30,stock,397310.5299949646
PBR,20.1200008392334,18841133.333333332,30,stock,379083618.478775
PBT,34.18000030517578,140180.0,30,stock,4791352.442779541
PBYI,9.550000190734863,307173.3333333333,30,stock,2933505.391921997
PCAP,10.369999885559082,37580.0,30,stock,389704.5956993103
PCAR,124.69999694824219,3108663.3333333335,30,stock,387650308.17977905
PCB,28.139999389648438,37143.333333333336,30,stock,1045213.3773295085
PCF,5.539999961853027,80086.66666666667,30,stock,443680.13027826947
PCG,14.300000190734863,41813270.0,30,stock,597929768.9752483
PCM,5.340000152587891,57620.0,30,stock,307690.80879211426
PCN,11.729999542236328,333040.0,30,stock,3906559.0475463867
PCOR,58.0099983215332,3547723.3333333335,30,stock,205803424.61193085
PCQ,8.539999961853027,136606.66666666666,30,stock,1166620.9281222024
PCRX,26.350000381469727,636113.3333333334,30,stock,16761586.575991314
PCSA,2.059999942779541,429740.0,30,stock,885264.37541008
PCT,6.389999866485596,3841480.0,30,stock,24547056.687107086
PCTY,152.25,754100.0,30,stock,114811725.0
PCVX,61.15999984741211,979956.6666666666,30,stock,59934149.58380381
PCYO,11.1899995803833,79290.0,30,stock,887255.0667285919
PD,13.619999885559082,1435090.0,30,stock,19545925.635766983
PDCC,9.024999618530273,4410.0,30,stock,39800.248317718506
PDEX,73.41000366210938,73766.66666666667,30,stock,5415211.270141602
PDFS,45.650001525878906,605863.3333333334,30,stock,27657662.091140747
PDI,15.329999923706055,3516736.6666666665,30,stock,53911572.83169428
PDLB,20.719999313354492,73786.66666666667,30,stock,1528859.6826680503
PDM,9.680000305175781,1011590.0,30,stock,9792191.508712769
PDO,12.819999694824219,775863.3333333334,30,stock,9946567.696558636
PDS,89.91999816894531,125243.33333333333,30,stock,11261880.30400594
PDSB,0.2199999988079071,2175070.0,30,stock,478515.3974071145
PDT,12.460000038146973,116213.33333333333,30,stock,1448018.13776652
PDX,21.889999389648438,117020.0,30,stock,2561567.72857666
PDYN,5.710000038146973,843790.0,30,stock,4818040.932188034
PEB,18.030000686645508,2068946.6666666667,30,stock,37303109.820632935
PEBK,44.13999938964844,37156.666666666664,30,stock,1640095.243988037
PEBO,39.9900016784668,275383.3333333333,30,stock,11012579.96222178
PECE,10.010000228881836,9673.333333333334,30,stock,96830.06888071696
PECO,38.959999084472656,811490.0,30,stock,31615649.657058716
PED,14.34000015258789,22496.666666666668,30,stock,322602.20343271893
PEG,73.69999694824219,2851556.6666666665,30,stock,210159717.631073
PEGA,37.36000061035156,2213246.6666666665,30,stock,82686896.81752522
PEN,322.1700134277344,281376.6666666667,30,stock,90651124.47825114
PENG,51.7599983215332,1817276.6666666667,30,stock,94062237.21642813
PENN,17.06999969482422,2506893.3333333335,30,stock,42792668.43495687
PEO,28.889999389648438,62320.0,30,stock,1800424.7619628906
PEP,137.6300048828125,7009406.666666667,30,stock,964704673.7589519
PEPG,3.109999895095825,880910.0,30,stock,2739630.0075888634
PERF,1.9299999475479126,247213.33333333334,30,stock,477121.72036647797
PERI,9.3100004196167,377200.0,30,stock,3511732.158279419
PESI,18.700000762939453,425626.6666666667,30,stock,7959218.991394043
PETS,1.809999942779541,89403.33333333333,30,stock,161820.02821763355
PETZ,1.4199999570846558,787090.0,30,stock,1117667.7662217617
PEW,2.3499999046325684,244153.33333333334,30,stock,573760.310049057
PFAI,2.690000057220459,12646.666666666666,30,stock,34019.5340569814
PFE,28.450000762939453,38293800.0,30,stock,1089458639.2158508
PFG,116.68000030517578,1325366.6666666667,30,stock,154643783.07113647
PFGC,98.62999725341797,1638913.3333333333,30,stock,161646017.56525674
PFIS,71.83000183105469,55560.0,30,stock,3990874.9017333984
PFL,7.53000020980835,142930.0,30,stock,1076262.9299879074
PFLT,7.389999866485596,909706.6666666666,30,stock,6722732.145207723
PFN,6.909999847412109,338710.0,30,stock,2340486.0483169556
PFS,23.719999313354492,858986.6666666666,30,stock,20375163.143513996
PFSA,2.7200000286102295,2274350.0,30,stock,6186232.065069675
PFSI,73.29000091552734,625543.3333333334,30,stock,45846071.47270203
PFX,46.0,12083.333333333334,30,stock,555833.3333333334
PG,146.44000244140625,9101083.333333334,30,stock,1332762665.5527751
PGAC,10.710000038146973,1510.0,30,stock,16172.100057601929
PGC,46.380001068115234,165753.33333333334,30,stock,7687639.777043661
PGEN,7.099999904632568,5476370.0,30,stock,38882226.47773266
PGNY,25.940000534057617,1118583.3333333333,30,stock,29016052.264054615
PGP,8.850000381469727,60596.666666666664,30,stock,536280.5231157938
PGR,218.9499969482422,2256760.0,30,stock,494117595.11291504
PGY,22.979999542236328,2793826.6666666665,30,stock,64202135.52108765
PGZ,9.779999732971191,19680.0,30,stock,192470.39474487305
PH,962.5900268554688,665403.3333333334,30,stock,640510612.5030518
PHAR,11.229999542236328,21263.333333333332,30,stock,238787.22359975177
PHAT,9.5,1501786.6666666667,30,stock,14266973.333333334
PHG,25.889999389648438,1101963.3333333333,30,stock,28529830.027414955
PHGE,0.14800000190734863,1614706.6666666667,30,stock,238976.58974647522
PHI,18.200000762939453,121550.0,30,stock,2212210.0927352905
PHIN,69.04000091552734,366116.6666666667,30,stock,25276695.001856487
PHIO,1.0800000429153442,163190.0,30,stock,176245.20700335503
PHK,4.5,685120.0,30,stock,3083040.0
PHM,124.44999694824219,1356496.6666666667,30,stock,168816006.02696738
PHOE,21.018999099731445,29666.666666666668,30,stock,623563.6399586996
PHR,10.9399995803833,792733.3333333334,30,stock,8672502.334022522
PHUN,2.0799999237060547,83673.33333333333,30,stock,174040.5269495646
PHVS,35.25,567156.6666666666,30,stock,19992272.5
PI,172.57000732421875,452360.0,30,stock,78063768.5131836
PICS,11.460000038146973,536073.3333333334,30,stock,6143400.420449575
PII,62.52000045776367,853836.6666666666,30,stock,53381868.79085541
PIII,9.350000381469727,53733.333333333336,30,stock,502406.68716430664
PIM,3.1500000953674316,44236.666666666664,30,stock,139345.50421873727
PINE,19.649999618530273,121383.33333333333,30,stock,2385182.453695933
PINS,20.399999618530273,11402096.666666666,30,stock,232602767.65044528
PIPR,77.04000091552734,534370.0,30,stock,41167865.28923035
PJT,182.72999572753906,422603.3333333333,30,stock,77222305.29444376
PK,15.260000228881836,4159903.3333333335,30,stock,63480125.818792984
PKBK,34.58000183105469,48133.333333333336,30,stock,1664450.7548014324
PKE,31.280000686645508,233213.33333333334,30,stock,7294913.226801555
PKG,237.25,564070.0,30,stock,133825607.5
PKOH,46.47999954223633,100750.0,30,stock,4682859.95388031
PL,18.1200008392334,7339000.0,30,stock,132982686.15913391
PLAB,29.1299991607666,1376476.6666666667,30,stock,40096764.14481481
PLAG,0.699999988079071,11692796.666666666,30,stock,8184957.527277668
PLAY,8.720000267028809,1468606.6666666667,30,stock,12806250.525493622
PLBC,63.2400016784668,50986.666666666664,30,stock,3224396.885579427
PLBL,5.400000095367432,264840.0,30,stock,1430136.0252571106
PLBY,1.1699999570846558,730670.0,30,stock,854883.8686430454
PLCE,2.809999942779541,193126.66666666666,30,stock,542685.9222825367
PLCI,9.880000114440918,36427.77777777778,18,stock,359906.4486132728
PLD,137.33999633789062,4165070.0,30,stock,572030698.5470581
PLG,1.5099999904632568,1188046.6666666667,30,stock,1793950.455336571
PLGO,25.31999969482422,460123.3333333333,30,stock,11650322.659581501
PLMK,10.649999618530273,21456.666666666668,30,stock,228513.49181493124
PLMR,136.5800018310547,219666.66666666666,30,stock,30002073.73555501
PLNT,50.869998931884766,2039443.3333333333,30,stock,103746480.18830617
PLOW,42.29999923706055,285756.6666666667,30,stock,12087506.781984966
PLPC,398.45001220703125,104096.66666666667,30,stock,41477318.1040446
PLRX,1.159999966621399,395810.0,30,stock,459139.5867884159
PLRZ,11.239999771118164,83506.66666666667,30,stock,938614.9142201742
PLSE,53.2400016784668,491613.3333333333,30,stock,26173494.691823322
PLSM,2.450000047683716,47973.333333333336,30,stock,117534.66895421347
PLTK,2.200000047683716,1680316.6666666667,30,stock,3696696.746790409
PLTR,174.3300018310547,42087033.333333336,30,stock,7337032598.06366
PLUG,2.1700000762939453,60445636.666666664,30,stock,131167036.17830276
PLUN,10.069999694824219,17006.666666666668,30,stock,171257.12814331055
PLUR,1.3600000143051147,25286.666666666668,30,stock,34389.86702839534
PLUS,92.0999984741211,229766.66666666666,30,stock,21161509.64940389
PLUT,2.549999952316284,326.6666666666667,30,stock,832.9999844233196
PLX,2.6700000762939453,761500.0,30,stock,2033205.0580978394
PLXS,245.97999572753906,292853.3333333333,30,stock,72036061.6821289
PLYX,2.0,107340.0,30,stock,214680.0
PM,182.52999877929688,4507813.333333333,30,stock,822811162.2306315
PMA,1.2899999618530273,243633.33333333334,30,stock,314286.9907061259
PMAX,0.8629999756813049,54686.666666666664,30,stock,47194.59200342496
PMCB,0.48649999499320984,113153.33333333333,30,stock,55049.09610013167
PMEC,0.46299999952316284,133890.0,30,stock,61991.06993615627
PMI,4.559999942779541,2966936.6666666665,30,stock,13529231.030230522
PML,7.239999771118164,341980.0,30,stock,2475935.1217269897
PMM,6.119999885559082,92943.33333333333,30,stock,568813.1893634796
PMN,12.600000381469727,99493.33333333333,30,stock,1253616.0379536946
PMO,10.119999885559082,59943.333333333336,30,stock,606626.5264733633
PMT,9.640000343322754,1244036.6666666667,30,stock,11992513.893772762
PMTR,10.430000305175781,18463.333333333332,30,stock,192572.57230122882
PMTS,28.239999771118164,98213.33333333333,30,stock,2773544.510854085
PMVP,1.2899999618530273,570790.0,30,stock,736319.0782260895
PN,2.369999885559082,1012363.3333333334,30,stock,2399300.984144211
PNBK,1.1100000143051147,222740.0,30,stock,247241.40318632126
PNC,245.60000610351562,1452960.0,30,stock,356846984.86816406
PNFP,101.01000213623047,1012256.6666666666,30,stock,102248048.06241353
PNI,6.699999809265137,66436.66666666667,30,stock,445125.6539948782
PNNT,3.740000009536743,550283.3333333334,30,stock,2058059.6719145777
PNR,60.209999084472656,3693343.3333333335,30,stock,222376198.7186432
PNRG,217.35000610351562,95143.33333333333,30,stock,20679404.08070882
PNTG,38.0,257963.33333333334,30,stock,9802606.666666668
PNW,97.5199966430664,1102180.0,30,stock,107484589.90005493
POAS,0.16500000655651093,272466.6666666667,30,stock,44957.00178643068
POCI,4.349999904632568,46380.0,30,stock,201752.99557685852
PODC,2.7300000190734863,78383.33333333333,30,stock,213986.50149504343
PODD,147.47999572753906,1775880.0,30,stock,261906774.81262207
POET,7.920000076293945,10670350.0,30,stock,84509172.8140831
POLA,1.3799999952316284,2093003.3333333333,30,stock,2888344.590019782
POLE,11.119999885559082,65756.66666666667,30,stock,731214.1258080801
PONO,10.029999732971191,65676.66666666667,30,stock,658736.9491291046
POOL,185.22000122070312,671903.3333333334,30,stock,124449936.2201945
POR,48.7599983215332,1070190.0,30,stock,52182462.60372162
POST,84.63999938964844,1004856.6666666666,30,stock,85051067.65335083
POWI,50.45000076293945,751516.6666666666,30,stock,37914016.406695046
POWL,181.1699981689453,660490.0,30,stock,119660972.09060669
POWW,2.1700000762939453,584683.3333333334,30,stock,1268762.8779411316
PPC,30.479999542236328,1590020.0,30,stock,48463808.87214661
PPCB,1.0099999904632568,3561210.0,30,stock,3596822.066037655
PPG,112.52999877929688,1611760.0,30,stock,181371350.83251953
PPHC,10.649999618530273,102816.66666666667,30,stock,1094997.4607785544
PPIH,28.3799991607666,77793.33333333333,30,stock,2207774.7347132363
PPL,35.11000061035156,8125786.666666667,30,stock,285296374.8262533
PPLI,38.9900016784668,1023843.3333333334,30,stock,39919653.28515371
PPSI,2.890000104904175,95146.66666666667,30,stock,274973.8766479492
PPT,3.4000000953674316,120783.33333333333,30,stock,410663.3448521296
PPTA,25.09000015258789,1218250.0,30,stock,30565892.685890198
PR,23.360000610351562,9135766.666666666,30,stock,213411514.9093628
PRAA,19.020000457763672,377376.6666666667,30,stock,7177704.372749329
PRAX,351.80999755859375,396763.3333333333,30,stock,139585307.3313395
PRCH,17.940000534057617,1591776.6666666667,30,stock,28556474.250100456
PRCT,22.760000228881836,1431106.6666666667,30,stock,32571988.060887657
PRDO,33.20000076293945,651446.6666666666,30,stock,21628029.830347694
PRE,25.440000534057617,224176.66666666666,30,stock,5703054.519723256
PRFX,0.9679999947547913,330343.3333333333,30,stock,319772.3449339469
PRG,39.290000915527344,554233.3333333334,30,stock,21775828.17408244
PRGO,14.920000076293945,2841460.0,30,stock,42394583.416786194
PRGS,44.04999923706055,483323.3333333333,30,stock,21290392.46458689
PRHI,8.050000190734863,20543.333333333332,30,stock,165373.8372516632
PRI,295.6199951171875,181996.66666666666,30,stock,53801853.7113444
PRIM,74.43000030517578,1202090.0,30,stock,89471559.06684875
PRK,194.72999572753906,106010.0,30,stock,20643326.847076416
PRKS,40.45000076293945,652286.6666666666,30,stock,26384996.1643219
PRLB,81.44000244140625,190400.0,30,stock,15506176.46484375
PRLD,5.460000038146973,536640.0,30,stock,2930054.4204711914
PRM,31.760000228881836,1481406.6666666667,30,stock,47049476.07240041
PRMB,22.0,4602330.0,30,stock,101251260.0
PRME,3.700000047683716,2580616.6666666665,30,stock,9548281.789720058
PROF,6.889999866485596,118066.66666666667,30,stock,813479.3175697327
PROK,2.009999990463257,1063430.0,30,stock,2137494.289858341
PROP,0.453000009059906,2274953.3333333335,30,stock,1030553.8806108634
PROV,18.700000762939453,14566.666666666666,30,stock,272396.67778015137
PRPL,3.809999942779541,34093.333333333336,30,stock,129895.59804916383
PRPO,27.399999618530273,143713.33333333334,30,stock,3937745.278511048
PRQR,2.069999933242798,861610.0,30,stock,1783532.642481327
PRSO,0.5299999713897705,311966.6666666667,30,stock,165342.32440789542
PRSU,47.9900016784668,211656.66666666666,30,stock,10157403.78859202
PRTA,9.819999694824219,422136.6666666667,30,stock,4145381.93784078
PRTH,5.550000190734863,451940.0,30,stock,2508267.086200714
PRTS,9.300000190734863,33563.333333333336,30,stock,312139.0064016978
PRU,122.0199966430664,1830163.3333333333,30,stock,223316523.78959656
PRVA,20.65999984741211,1182226.6666666667,30,stock,24424802.75293986
PRZO,0.8130000233650208,3919480.0,30,stock,3186537.3315787315
PS,39.08000183105469,168260.0,30,stock,6575601.108093262
PSA,302.010009765625,897273.3333333334,30,stock,270985528.16243494
PSBD,10.350000381469727,105696.66666666667,30,stock,1093960.5403200786
PSEC,2.2300000190734863,4142426.6666666665,30,stock,9237611.545677185
PSFE,6.710000038146973,390580.0,30,stock,2620791.8148994446
PSHG,1.690000057220459,39830.0,30,stock,67312.70227909088
PSIG,1.8600000143051147,349593.3333333333,30,stock,650243.6050009727
PSIX,40.4900016784668,461043.3333333333,30,stock,18667645.340512592
PSKY,10.859999656677246,11752120.0,30,stock,127628019.1652298
PSMT,174.10000610351562,239580.0,30,stock,41710879.46228027
PSN,47.58000183105469,1712243.3333333333,30,stock,81468540.93521118
PSNL,17.200000762939453,3439460.0,30,stock,59158714.62409973
PSNY,9.210000038146973,195923.33333333334,30,stock,1804453.9074738822
PSNYW,5.0,425930.0,30,stock,2129650.0
PSO,15.979999542236328,676570.0,30,stock,10811588.290290833
PSQH,5.489999771118164,405560.0,30,stock,2226524.3071746826
PSQL,7.960000038146973,734550.0,30,stock,5847018.028020859
PSTL,23.690000534057617,300446.6666666667,30,stock,7117581.693789165
PSUS,38.97999954223633,343340.0,30,stock,13383393.04283142
PSX,255.08999633789062,2718703.3333333335,30,stock,693514023.343811
PTAC,9.9399995803833,48590.0,30,stock,482984.5796108246
PTC,141.02000427246094,1379683.3333333333,30,stock,194562949.5613098
PTCT,69.30000305175781,1059836.6666666667,30,stock,73446684.23436484
PTEN,12.420000076293945,8406033.333333334,30,stock,104402934.64132945
PTGX,145.72000122070312,491643.3333333333,30,stock,71642267.13348389
PTHS,24.350000381469727,77276.66666666667,30,stock,1881686.8628120425
PTLE,7.394999980926514,21606.666666666668,30,stock,159781.29958788556
PTLO,4.420000076293945,1304056.6666666667,30,stock,5763930.566158295
PTN,12.699999809265137,72600.0,30,stock,922019.9861526489
PTON,5.400000095367432,8386930.0,30,stock,45289422.79983997
PTOR,9.989999771118164,31800.0,30,stock,317681.9927215576
PTRN,20.200000762939453,1590266.6666666667,30,stock,32123387.879943848
PTY,11.75,1200530.0,30,stock,14106227.5
PUBM,16.5,733453.3333333334,30,stock,12101980.0
PUK,27.75,1128516.6666666667,30,stock,31316337.500000004
PULM,1.3899999856948853,11800.0,30,stock,16401.999831199646
PUMP,11.470000267028809,3504640.0,30,stock,40198221.735839844
PURR,12.180000305175781,18982790.0,30,stock,231210387.99308777
PUSA,3.700000047683716,732213.3333333334,30,stock,2709189.368247986
PVH,74.33000183105469,987906.6666666666,30,stock,73431104.34224446
PVLA,157.24000549316406,181673.33333333334,30,stock,28566315.93129476
PW,7.53000020980835,22020.0,30,stock,165810.60461997986
PWCM,1.1799999475479126,923226.6666666666,30,stock,1089407.4182415009
PWP,16.799999237060547,1093626.6666666667,30,stock,18372927.16562907
PWR,624.4099731445312,1185753.3333333333,30,stock,740396207.0227051
PWRL,10.220000267028809,141973.33333333334,30,stock,1450967.5045776367
PXED,28.780000686645508,105236.66666666667,30,stock,3028711.3389269514
PXLW,7.119999885559082,37230.0,30,stock,265077.5957393646
PXS,6.21999979019165,114370.0,30,stock,711381.376004219
PYPD,5.389999866485596,148970.0,30,stock,802948.2801103592
PYPL,54.959999084472656,12493356.666666666,30,stock,686634870.9619904
PYT,23.899999618530273,916.6666666666666,30,stock,21908.33298365275
PYXS,3.890000104904175,1270420.0,30,stock,4941933.933272362
PZG,1.409999966621399,543640.0,30,stock,766532.3818540573
PZZA,22.68000030517578,1587830.0,30,stock,36011984.88456726
Q,120.47000122070312,1919993.3333333333,30,stock,231301599.2104085
QADR,9.979999542236328,9640.0,30,stock,96207.1955871582
QBTS,16.579999923706055,17302090.0,30,stock,286868650.8799553
QCLS,1.7899999618530273,187096.66666666666,30,stock,334903.02619616187
QCOM,168.74000549316406,10822703.333333334,30,stock,1826223019.9175518
QCRH,102.69000244140625,126626.66666666667,30,stock,13003292.709147137
QDEL,13.970000267028809,1458003.3333333333,30,stock,20368306.95599556
QETA,11.739999771118164,30.0,30,stock,352.1999931335449
QGEN,43.470001220703125,2920663.3333333335,30,stock,126961238.66526286
QH,4.03000020980835,21596.666666666668,30,stock,87034.57119782767
QLEP,9.970000267028809,50383.333333333336,30,stock,502321.8467871348
QLYS,171.64999389648438,720823.3333333334,30,stock,123729320.7671102
QMCO,24.729999542236328,1987486.6666666667,30,stock,49150544.35686748
QMLS,5.900000095367432,420863.3333333333,30,stock,2483093.706803322
QNBC,45.29999923706055,8986.666666666666,30,stock,407095.9931437174
QNC,1.7200000286102295,523153.3333333333,30,stock,899823.7483008702
QNCX,31.31999969482422,30086.666666666668,30,stock,942314.3908182781
QNME,0.3310000002384186,7972510.0,30,stock,2638900.8119007945
QNST,18.729999542236328,1010033.3333333334,30,stock,18917923.87097677
QNT,49.650001525878906,1491513.3333333333,30,stock,74053639.27586873
QNTM,3.240000009536743,233253.33333333334,30,stock,755740.8022244772
QQQX,30.6200008392334,81516.66666666667,30,stock,2496040.4017448425
QRED,10.050000190734863,30220.0,30,stock,303711.00576400757
QRHC,1.3799999952316284,24643.333333333332,30,stock,34007.799882491425
QRVO,102.83999633789062,1141173.3333333333,30,stock,117358261.42089842
QS,5.480000019073486,18400580.0,30,stock,100835178.75096321
QSEA,10.609999656677246,5563.333333333333,30,stock,59026.96475664774
QSI,0.765999972820282,2776266.6666666665,30,stock,2126620.1912085214
QSR,80.16999816894531,2482700.0,30,stock,199038054.45404053
QTEX,0.8339999914169312,2590943.3333333335,30,stock,2160846.717761755
QTI,2.640000104904175,31780.0,30,stock,83899.20333385468
QTRX,2.690000057220459,739950.0,30,stock,1990465.5423402786
QTTB,11.989999771118164,454076.6666666667,30,stock,5444379.129403433
QTWO,62.130001068115234,815200.0,30,stock,50648376.87072754
QUAD,10.699999809265137,449486.6666666667,30,stock,4809507.247600555
QUBT,8.010000228881836,7902313.333333333,30,stock,63297531.608695984
QUCY,1.590000033378601,860593.3333333334,30,stock,1368343.4287254016
QUIK,10.760000228881836,267776.6666666667,30,stock,2881276.9946225486
QUMS,10.329999923706055,26756.666666666668,30,stock,276396.36462529504
QURE,44.5,1348763.3333333333,30,stock,60019968.33333333
QVCG,16.709999084472656,283035.0,20,stock,4729514.590873718
QXL,4.474999904632568,59186.666666666664,30,stock,264860.3276888529
QXO,13.350000381469727,16242556.666666666,30,stock,216838137.69604364
R,248.44000244140625,288296.6666666667,30,stock,71624424.57051596
RA,12.510000228881836,158856.66666666666,30,stock,1987296.9363594053
RAC,10.5600004196167,17130.0,30,stock,180892.80718803406
RACC,11.4399995803833,125963.33333333333,30,stock,1441020.480477015
RACD,12.050000190734863,5586.666666666667,30,stock,67319.33439890544
RACE,409.95001220703125,482006.6666666667,30,stock,197598638.88387045
RAIL,7.099999904632568,188063.33333333334,30,stock,1335249.6487315497
RAIN,0.8510000109672546,1248783.3333333333,30,stock,1062714.6303623915
RAL,63.459999084472656,1497726.6666666667,30,stock,95045732.89545695
RAMP,37.75,911863.3333333334,30,stock,34422840.833333336
RAND,10.289999961853027,4206.666666666667,30,stock,43286.599839528404
RANG,10.760000228881836,2866.6666666666665,30,stock,30845.33398946126
RANI,0.8650000095367432,652176.6666666666,30,stock,564132.822886308
RAPP,45.77000045776367,281743.3333333333,30,stock,12895392.495638529
RARE,15.300000190734863,3418870.0,30,stock,52308711.6520977
RAVE,3.0399999618530273,22746.666666666668,30,stock,69149.8657989502
RAY,2.6500000953674316,5166.666666666667,30,stock,13691.667159398397
RAYA,2.2899999618530273,28456.666666666668,30,stock,65165.76558113098
RBA,83.54000091552734,1999863.3333333333,30,stock,167068584.69759622
RBB,27.06999969482422,117540.0,30,stock,3181807.7641296387
RBBN,1.9900000095367432,695420.0,30,stock,1383885.806632042
RBC,488.5400085449219,248003.33333333334,30,stock,121159550.58583578
RBCAA,96.80000305175781,104813.33333333333,30,stock,10145930.986531574
RBKB,12.819999694824219,138893.33333333334,30,stock,1780612.490946452
RBLX,43.310001373291016,14344846.666666666,30,stock,621275328.8329823
RBNE,2.6600000858306885,56143.333333333336,30,stock,149341.27148548764
RBRK,93.66999816894531,3524440.0,30,stock,330134288.3465576
RC,1.75,1073786.6666666667,30,stock,1879126.6666666667
RCAT,8.369999885559082,8341430.0,30,stock,69817768.1453991
RCBC,53.040000915527344,46530.0,30,stock,2467951.2425994873
RCEL,11.199999809265137,589673.3333333334,30,stock,6604341.220862071
RCG,2.890000104904175,4146.666666666667,30,stock,11983.867101669312
RCI,37.52000045776367,1155883.3333333333,30,stock,43368743.19578806
RCKT,3.859999895095825,1465790.0,30,stock,5657949.24623251
RCKY,44.13999938964844,63173.333333333336,30,stock,2788470.8947753906
RCL,265.19000244140625,1813890.0,30,stock,481025493.5284424
RCMT,40.97999954223633,79906.66666666667,30,stock,3274575.163421631
RCON,1.4299999475479126,1210178.2333333334,30,stock,1730554.8101902923
RCS,5.179999828338623,129756.66666666667,30,stock,672139.5110591253
RCT,0.2070000022649765,790923.3333333334,30,stock,163721.13179142278
RCUS,29.65999984741211,1145286.6666666667,30,stock,33969202.35857646
RDAC,5.869999885559082,1446520.0,30,stock,8491072.234458923
RDAG,10.430000305175781,20006.666666666668,30,stock,208669.53943888348
RDCM,10.029999732971191,178830.0,30,stock,1793664.8522472382
RDDT,154.4600067138672,7362946.666666667,30,stock,1137280791.5671794
RDGT,0.9100000262260437,2897183.3333333335,30,stock,2636436.90931499
RDI,2.3399999141693115,91600.0,30,stock,214343.99213790894
RDIB,14.610099792480469,329517.6666666667,30,stock,4814285.993385315
RDN,36.65999984741211,985783.3333333334,30,stock,36138816.849581406
RDNT,73.70999908447266,725130.0,30,stock,53449331.63612366
RDNW,5.840000152587891,75446.66666666667,30,stock,440608.54484558105
RDVT,76.13999938964844,283696.6666666667,30,stock,21600664.0268453
RDW,10.529999732971191,15171140.0,30,stock,159752100.14886856
RDWR,28.280000686645508,241833.33333333334,30,stock,6839046.832720439
RDY,11.970000267028809,2612756.6666666665,30,stock,31274697.997681297
RDZN,1.2899999618530273,278440.0,30,stock,359187.58937835693
REA,11.729999542236328,117486.66666666667,30,stock,1378118.546218872
REAL,9.859999656677246,3208246.6666666665,30,stock,31633311.03186925
REAX,18.670000076293945,829500.3333333334,30,stock,15486771.286619186
REBN,1.1100000143051147,92980.0,30,stock,103207.80133008957
RECT,1.2699999809265137,38750.0,30,stock,49212.499260902405
REED,0.9599999785423279,88880.0,30,stock,85324.7980928421
REF,13.6899995803833,661218.5185185185,27,stock,9052081.241060186
REFI,10.949999809265137,166263.33333333334,30,stock,1820583.468287786
REFR,0.4099999964237213,128110.0,30,stock,52525.09954184294
REG,75.26000213623047,1257110.0,30,stock,94610101.28547668
REGN,827.719970703125,757453.3333333334,30,stock,626959250.8756511
REI,1.5,3300110.0,30,stock,4950165.0
REKR,0.5360000133514404,1396826.6666666667,30,stock,748699.1119829814
RELL,17.329999923706055,263663.3333333333,30,stock,4569285.546550751
RELY,26.170000076293945,3341570.0,30,stock,87448887.15494156
RENT,3.805000066757202,41456.666666666664,30,stock,157742.61943419772
RENX,1.9600000381469727,87270.0,30,stock,171049.2033290863
REPL,15.039999961853027,6030013.333333333,30,stock,90691400.30330658
REPX,41.93000030517578,221476.66666666666,30,stock,9286516.700922647
RES,6.5,1423410.0,30,stock,9252165.0
RETO,1.059999942779541,776963.3333333334,30,stock,823581.0888751348
REVB,1.0099999904632568,35770.0,30,stock,36127.6996588707
REX,41.459999084472656,171606.66666666666,30,stock,7114812.242889404
REXR,36.790000915527344,2356316.6666666665,30,stock,86688892.323939
REYN,21.850000381469727,1388476.6666666667,30,stock,30338215.696328484
REZI,19.8799991607666,2523415.5,30,stock,50165498.022265434
RF,30.420000076293945,7454990.0,30,stock,226780796.3687706
RFAI,41.5,165826.66666666666,30,stock,6881806.666666666
RFAM,9.970000267028809,7126.666666666667,30,stock,71052.86856969199
RFI,11.279999732971191,94946.66666666667,30,stock,1070998.3746465049
RFIL,10.510000228881836,199566.66666666666,30,stock,2097445.7123438516
RFL,2.559999942779541,103570.0,30,stock,265139.19407367706
RFM,14.140000343322754,10850.0,30,stock,153419.00372505188
RFMZ,12.949999809265137,52720.0,30,stock,682723.989944458
RGA,253.27000427246094,338540.0,30,stock,85742027.24639893
RGC,6.889999866485596,195566.66666666666,30,stock,1347454.3072223663
RGCO,21.93000030517578,15640.0,30,stock,342985.2047729492
RGEN,167.60000610351562,1087443.3333333333,30,stock,182255509.30389404
RGLD,262.1099853515625,723933.3333333334,30,stock,189750155.3955078
RGNT,1.9700000286102295,56933.333333333336,30,stock,112158.6682955424
RGNX,8.9399995803833,1262223.3333333333,30,stock,11284276.07035001
RGP,4.039999961853027,310060.0,30,stock,1252642.3881721497
RGR,38.4900016784668,126103.33333333333,30,stock,4853717.511660257
RGS,28.5,7456.666666666667,30,stock,212515.0
RGT,15.149999618530273,22270.0,30,stock,337390.4915046692
RGTI,15.199999809265137,18092313.333333332,30,stock,275003159.21583176
RH,147.99000549316406,673573.3333333334,30,stock,99682121.30004883
RHI,42.58000183105469,2066903.3333333333,30,stock,88008747.71794637
RHLD,136.58999633789062,174996.66666666666,30,stock,23902794.059143066
RHP,123.48999786376953,846270.0,30,stock,104505880.49217224
RIBB,10.899999618530273,20440.0,30,stock,222795.9922027588
RICK,29.350000381469727,59026.666666666664,30,stock,1732432.689183553
RIG,5.849999904632568,42677736.666666664,30,stock,249664755.42993385
RIGL,48.66999816894531,295786.6666666667,30,stock,14395936.525065105
RILY,7.03000020980835,561206.6666666666,30,stock,3945282.984412511
RIME,0.2199999988079071,1402386.6666666667,30,stock,308525.0649948915
RIO,103.2699966430664,2335213.3333333335,30,stock,241157473.09417728
RIOT,21.799999237060547,20806850.0,30,stock,453589314.12563324
RITM,10.079999923706055,5262953.333333333,30,stock,53050569.19846852
RITR,0.0860000029206276,136214873.33333334,30,stock,11714479.504499584
RIV,10.869999885559082,159936.66666666666,30,stock,1738511.5483633676
RIVN,15.739999771118164,22051503.333333332,30,stock,347090657.41947806
RJET,17.920000076293945,93753.33333333333,30,stock,1680059.740486145
RJF,178.2899932861328,1061040.0,30,stock,189172814.47631836
RKDA,0.4729999899864197,180070.0,30,stock,85173.10819685459
RKLB,64.26000213623047,17481080.0,30,stock,1123334238.1436157
RKT,14.0600004196167,26238236.666666668,30,stock,368909618.5433356
RKTO,0.6940000057220459,476373.3333333333,30,stock,330603.0960591634
RL,351.20001220703125,635046.6666666666,30,stock,223028397.08536783
RLAY,19.040000915527344,2329530.0,30,stock,44354253.33274841
RLGT,8.4399995803833,122103.33333333333,30,stock,1030552.0820967356
RLI,62.400001525878906,685093.3333333334,30,stock,42749825.04536947
RLJ,10.930000305175781,1779670.0,30,stock,19451793.643112183
RLMD,4.429999828338623,1091000.0,30,stock,4833129.812717438
RLTY,15.420000076293945,44436.666666666664,30,stock,685213.4033902485
RLYB,16.924999237060547,17393.333333333332,30,stock,294382.15339660645
RM,33.68000030517578,104030.0,30,stock,3503730.4317474365
RMBI,16.010000228881836,49103.333333333336,30,stock,786144.3779055278
RMBS,85.45999908447266,2289760.0,30,stock,195682887.5036621
RMCF,0.9900000095367432,7107626.666666667,30,stock,7036550.46778361
RMCO,2.8399999141693115,15480.0,30,stock,43963.19867134094
RMD,228.35000610351562,1454513.3333333333,30,stock,332138128.5443115
RMI,14.970000267028809,20456.666666666668,30,stock,306236.30546251935
RMIX,16.700000762939453,320383.3333333333,30,stock,5350401.9110997515
RMM,14.170000076293945,43523.333333333336,30,stock,616725.6366539001
RMMZ,14.515000343322754,11056.666666666666,30,stock,160487.5204626719
RMNI,5.010000228881836,481626.6666666667,30,stock,2412949.7102355957
RMR,19.549999237060547,130866.66666666667,30,stock,2558443.2334899902
RMSG,0.35100001096725464,969173.3333333334,30,stock,340179.8506291708
RMT,13.930000305175781,101420.0,30,stock,1412780.6309509277
RMTI,7.989999771118164,27656.666666666668,30,stock,220976.76033655804
RNA,14.1899995803833,143166.66666666666,30,stock,2031534.9399248757
RNAC,9.270000457763672,120396.66666666667,30,stock,1116077.1551132202
RNAZ,2.059999942779541,64033.333333333336,30,stock,131908.66300264996
RNG,73.38999938964844,1847373.3333333333,30,stock,135578727.80578613
RNGR,16.780000686645508,229803.33333333334,30,stock,3856100.09112676
RNGT,10.180000305175781,5130.0,30,stock,52223.40156555176
RNR,330.3800048828125,262186.6666666667,30,stock,86621232.21354167
RNST,41.400001525878906,562826.6666666666,30,stock,23301024.858805336
RNTX,0.8889999985694885,466706.6666666667,30,stock,414902.22599903744
RNW,6.869999885559082,2955953.3333333335,30,stock,20307399.061717987
RNXT,2.390000104904175,1019456.6666666666,30,stock,2436501.5402785935
ROAD,104.68000030517578,699236.6666666666,30,stock,73196094.48005676
ROC,4.230000019073486,35770.0,30,stock,151307.1006822586
ROCK,47.25,303653.3333333333,30,stock,14347620.0
ROG,127.81999969482422,217726.66666666666,30,stock,27829822.466888428
ROIV,34.93000030517578,6932500.0,30,stock,242152227.1156311
ROK,433.80999755859375,817920.0,30,stock,354821873.203125
ROKU,155.58999633789062,2468240.0,30,stock,384033452.56103516
ROL,35.86000061035156,5029116.666666667,30,stock,180344126.7361959
ROLR,6.400000095367432,60390.0,30,stock,386496.0057592392
ROMA,8.795000076293945,5183.333333333333,30,stock,45587.41706212361
ROOT,56.59000015258789,262370.0,30,stock,14847518.340034485
ROP,407.2799987792969,742190.0,30,stock,302279142.29400635
ROST,230.69000244140625,2594023.3333333335,30,stock,598415249.0997314
RPAY,3.880000114440918,464183.3333333333,30,stock,1801031.3864549
RPC,8.5,566593.3333333334,30,stock,4816043.333333334
RPD,11.0,2191670.0,30,stock,24108370.0
RPGL,1.3300000429153442,391960.0,30,stock,521306.8168210983
RPID,1.309999942779541,209976.66666666666,30,stock,275069.4213183721
RPM,105.5199966430664,1388596.6666666667,30,stock,146524715.60523987
RPRX,63.959999084472656,2728490.0,30,stock,174514217.9019928
RPT,12.9399995803833,51596.666666666664,30,stock,667660.8450158436
RQI,12.109999656677246,513926.6666666667,30,stock,6223651.756890615
RR,1.75,6008026.666666667,30,stock,10514046.666666668
RRBI,103.36000061035156,62356.666666666664,30,stock,6445185.104726155
RRC,42.0,2407250.0,30,stock,101104500.0
RREV,9.90999984741211,22456.666666666668,30,stock,222545.56324005127
RRGB,8.470000267028809,382433.3333333333,30,stock,3239210.4354540505
RRR,57.150001525878906,784010.0,30,stock,44806172.69630432
RRX,162.86000061035156,1360676.6666666667,30,stock,221599802.76382446
RS,400.510009765625,339883.3333333333,30,stock,136126677.1525065
RSF,14.529999732971191,7683.333333333333,30,stock,111638.83128166199
RSG,222.7100067138672,1479840.0,30,stock,329575176.3354492
RSI,26.68000030517578,2482006.6666666665,30,stock,66219938.62411498
RSKD,6.510000228881836,1805223.3333333333,30,stock,11752004.31318283
RSSS,2.2300000190734863,29440.0,30,stock,65651.20056152344
RSVR,9.739999771118164,42170.0,30,stock,410735.790348053
RTAC,10.550000190734863,89490.0,30,stock,944119.5170688629
RTB,11.4399995803833,68643.33333333333,30,stock,785279.7045294443
RTX,200.7899932861328,4619226.666666667,30,stock,927494491.3871257
RUBI,1.8250000476837158,385470.0,30,stock,703482.7683806419
RUM,8.600000381469727,3826003.3333333335,30,stock,32903630.126171112
RUN,8.890000343322754,8558826.666666666,30,stock,76087972.0051066
RUSHA,50.95000076293945,676145.0,30,stock,34449588.2658577
RUSHB,51.81999969482422,106673.33333333333,30,stock,5527812.100779215
RVI,27.3700008392334,209443.33333333334,30,stock,5732464.209105174
RVII,25.0,429200.0,17,stock,10730000.0
RVLV,21.350000381469727,914873.3333333334,30,stock,19532546.015663147
RVMD,210.02000427246094,1778113.3333333333,30,stock,373439369.8635864
RVP,0.7099999785423279,29900.0,30,stock,21228.999358415604
RVSB,5.320000171661377,53866.666666666664,30,stock,286570.6759134928
RVSN,4.059999942779541,30123.333333333332,30,stock,122300.73160966237
RVT,18.469999313354492,188786.66666666666,30,stock,3486889.6037038164
RVTY,130.22000122070312,1638203.3333333333,30,stock,213326840.06642658
RWAY,6.650000095367432,574850.0,30,stock,3822752.554821968
RWT,4.510000228881836,1717073.3333333333,30,stock,7744001.12634023
RXO,20.65999984741211,1871390.0,30,stock,38662917.11444855
RXRX,3.630000114440918,15963726.666666666,30,stock,57948329.626903534
RXST,6.375,869516.6666666666,30,stock,5543168.75
RXT,3.190000057220459,7074100.0,30,stock,22566379.40478325
RY,210.58999633789062,1291860.0,30,stock,272052792.6690674
RYAM,8.5,899756.6666666666,30,stock,7647931.666666666
RYAN,41.90999984741211,1889053.3333333333,30,stock,79170224.91175333
RYDE,0.718999981880188,204636.66666666666,30,stock,147133.7596253554
RYET,0.8479999899864197,425923.3333333333,30,stock,361182.9824016491
RYM,26.25,11363.333333333334,30,stock,298287.5
RYN,20.459999084472656,3277420.0,30,stock,67056010.19943237
RYOJ,5.159999847412109,107370.0,30,stock,554029.1836166382
RYTM,102.73999786376953,620556.6666666666,30,stock,63755990.60768127
RYZ,26.309999465942383,505766.6666666667,30,stock,13306720.72989146
RZLT,4.579999923706055,1256696.6666666667,30,stock,5755670.637454987
RZLV,2.2100000381469727,17321253.333333332,30,stock,38279970.527420044
S,19.8799991607666,7658793.333333333,30,stock,152256805.0391515
SA,31.829999923706055,769103.3333333334,30,stock,24480559.041322075
SAAQ,10.100000381469727,15783.333333333334,30,stock,159411.67268753052
SABA,8.210000038146973,42863.333333333336,30,stock,351907.9683017731
SABR,2.130000114440918,3617460.0,30,stock,7705190.213985443
SABS,3.7200000286102295,349590.0,30,stock,1300474.8100018501
SAC,10.100000381469727,12236.666666666666,30,stock,123590.33800125122
SACH,0.8949999809265137,124296.66666666667,30,stock,111245.5142958959
SAFE,15.119999885559082,265713.3333333333,30,stock,4017585.5695915218
SAFT,103.1500015258789,256606.66666666666,30,stock,26468978.058217365
SAFX,0.3930000066757202,3756166.6666666665,30,stock,1476173.5250751176
SAGT,0.609000027179718,1028296.6666666666,30,stock,626232.6979488134
SAGU,10.039999961853027,54260.0,30,stock,544770.3979301453
SAH,81.0,285780.0,30,stock,23148180.0
SAIA,357.94000244140625,500390.0,30,stock,179109597.82165527
SAIC,126.75,470660.0,30,stock,59656155.0
SAIH,25.940000534057617,17910.0,30,stock,464585.4095649719
SAIL,18.81999969482422,3134533.3333333335,30,stock,58991916.37674968
SAM,168.77999877929688,195930.0,30,stock,33069065.160827637
SAMG,10.170000076293945,60450.0,30,stock,614776.504611969
SAN,14.930000305175781,16886236.666666668,30,stock,252111518.58660382
SANA,3.8499999046325684,2487186.6666666665,30,stock,9575668.429470062
SANG,3.7100000381469727,6673.333333333333,30,stock,24758.06692123413
SANM,198.47000122070312,760146.6666666666,30,stock,150866309.86124673
SAP,215.11000061035156,2803086.6666666665,30,stock,602971974.5775349
SAR,17.639999389648438,135786.66666666666,30,stock,2395276.7171223955
SARO,24.809999465942383,3328323.3333333335,30,stock,82575700.12248358
SATL,4.639999866485596,5216833.333333333,30,stock,24206105.97014427
SB,9.170000076293945,778486.6666666666,30,stock,7138722.792727152
SBAC,189.44000244140625,997070.0,30,stock,188884943.23425293
SBC,4.119999885559082,161023.33333333334,30,stock,663416.1149056753
SBCF,34.599998474121094,885910.0,30,stock,30652484.64820862
SBET,8.680000305175781,8655750.0,30,stock,75131912.64152527
SBFG,29.989999771118164,16760.0,30,stock,502632.39616394043
SBFM,1.1399999856948853,990353.3333333334,30,stock,1129002.785832882
SBGI,13.8100004196167,483060.0,30,stock,6671058.802700043
SBH,16.700000762939453,1347980.0,30,stock,22511267.028427124
SBI,7.579999923706055,44736.666666666664,30,stock,339103.92992019653
SBLK,32.41999816894531,1512046.6666666667,30,stock,49020550.1646932
SBMT,8.529999732971191,86043.33333333333,30,stock,733949.6103572845
SBR,74.70999908447266,36023.333333333336,30,stock,2691303.200352987
SBRA,20.780000686645508,2318616.6666666665,30,stock,48180855.92540105
SBSI,32.83000183105469,127726.66666666667,30,stock,4193266.7005411787
SBSW,12.789999961853027,5304130.0,30,stock,67839822.4976635
SBUX,104.47000122070312,6969766.666666667,30,stock,728131532.1746826
SBXD,10.869999885559082,52096.666666666664,30,stock,566290.7607046763
SBXE,10.100000381469727,14536.666666666666,30,stock,146820.3388786316
SCCO,198.75999450683594,1112885.6,30,stock,221197135.74273685
SCD,15.609999656677246,72756.66666666667,30,stock,1135731.5416876476
SCHL,35.65999984741211,335220.0,30,stock,11953945.148849487
SCHW,109.29000091552734,7386730.0,30,stock,807295728.4627533
SCI,82.20999908447266,919453.3333333334,30,stock,75588257.69154868
SCII,10.140000343322754,12943.333333333334,30,stock,131245.40444374084
SCKT,0.6100000143051147,9174486.666666666,30,stock,5596436.997908751
SCL,63.41999816894531,135710.0,30,stock,8606727.951507568
SCLX,5.414999961853027,54153.333333333336,30,stock,293240.2979342143
SCM,8.779999732971191,198756.66666666666,30,stock,1745083.4802595773
SCNX,0.37299999594688416,2415736.6666666665,30,stock,901069.766875406
SCOR,5.170000076293945,34830.0,30,stock,180071.10265731812
SCPQ,10.029999732971191,12233.333333333334,30,stock,122700.33006668091
SCSC,58.47999954223633,292236.6666666667,30,stock,17090000.13289134
SCTX,28.670000076293945,226643.33333333334,30,stock,6497864.383958181
SCWO,3.319999933242798,61326.666666666664,30,stock,203604.52923933664
SCYX,5.300000190734863,198660.0,30,stock,1052898.037891388
SCZM,9.9399995803833,516283.3333333333,30,stock,5131856.1166922245
SD,14.329999923706055,310930.0,30,stock,4455626.876277924
SDA,0.5770000219345093,88243.33333333333,30,stock,50916.40526890755
SDEV,0.8899999856948853,861280.0,30,stock,766539.1876792908
SDGR,20.09000015258789,1086836.6666666667,30,stock,21834548.799171448
SDHC,11.210000038146973,47073.333333333336,30,stock,527692.0684623718
SDHI,10.510000228881836,42850.0,30,stock,450353.50980758667
SDHY,15.949999809265137,58206.666666666664,30,stock,928396.3222312927
SDOT,12.770000457763672,1975513.3333333333,30,stock,25227306.1709849
SDRL,49.08000183105469,642556.6666666666,30,stock,31536682.376556393
SDST,0.17000000178813934,2073983.3333333333,30,stock,352577.1703752378
SEAT,6.039999961853027,59816.666666666664,30,stock,361292.6643848419
SEB,4323.580078125,17576.666666666668,30,stock,75994125.83984375
SECZ,7.420000076293945,1695096.6666666667,30,stock,12577617.395992279
SEDG,34.20000076293945,3482430.0,30,stock,119099108.65688324
SEED,1.0099999904632568,293986.6666666667,30,stock,296926.530529658
SEER,1.9500000476837158,653830.0,30,stock,1274968.531177044
SEG,26.260000228881836,71270.0,30,stock,1871550.2163124084
SEGG,2.7300000190734863,98688.53333333334,30,stock,269419.6978823344
SEI,55.0,2962993.3333333335,30,stock,162964633.33333334
SEIC,110.38999938964844,627993.3333333334,30,stock,69324183.68336996
SELF,5.21999979019165,30403.333333333332,30,stock,158705.3936211268
SENEA,195.7100067138672,93586.66666666667,30,stock,18315847.161661785
SENEB,208.52999877929688,200.0,30,stock,41705.999755859375
SENS,9.630000114440918,723353.3333333334,30,stock,6965892.6827812195
SEPN,36.75,391476.6666666667,30,stock,14386767.5
SER,2.7300000190734863,49200.0,30,stock,134316.00093841553
SERA,2.0199999809265137,29880.0,30,stock,60357.59943008423
SERV,4.945000171661377,4534136.666666667,30,stock,22421306.59500281
SES,0.503000020980835,14242420.0,30,stock,7163937.558817863
SEV,2.299999952316284,274530.0,30,stock,631418.9869093895
SEVN,7.539999961853027,144960.0,30,stock,1092998.3944702148
SEZL,120.58000183105469,703380.0,30,stock,84813561.68792725
SF,81.48999786376953,1016750.0,30,stock,82854955.32798767
SFBC,47.75,12070.0,30,stock,576342.5
SFBS,43.130001068115234,451273.3333333333,30,stock,19463419.34867859
SFD,21.969999313354492,1500566.6666666667,30,stock,32967448.636309307
SFHG,2.109999895095825,377026.6666666667,30,stock,795526.2271149954
SFIX,3.049999952316284,1503700.0,30,stock,4586284.9282979965
SFL,12.859999656677246,1283710.0,30,stock,16508510.159273148
SFM,81.4000015258789,1768090.0,30,stock,143922528.69789124
SFNC,23.690000534057617,1190666.6666666667,30,stock,28206893.969217937
SFST,63.68000030517578,99560.0,30,stock,6339980.830383301
SFWL,0.949999988079071,19216.666666666668,30,stock,18255.833104252815
SG,6.840000152587891,5765743.333333333,30,stock,39437685.27978261
SGA,9.180000305175781,16313.333333333334,30,stock,149756.40497843426
SGC,12.729999542236328,55166.666666666664,30,stock,702271.6414133707
SGHC,13.989999771118164,2337206.6666666665,30,stock,32697520.73172251
SGHT,8.350000381469727,259476.66666666666,30,stock,2166630.2656491594
SGI,69.87000274658203,3620070.0,30,stock,252934300.8428192
SGLY,1.3799999952316284,2440990.0,30,stock,3368566.1883604527
SGML,12.390000343322754,1657586.6666666667,30,stock,20537499.36908722
SGMT,10.9399995803833,1221183.3333333333,30,stock,13359745.154237747
SGP,28.940000534057617,76496.66666666667,30,stock,2213813.574186961
SGRX,2.0999999046325684,864477.3333333334,30,stock,1815402.317557017
SGRY,14.260000228881836,2351366.6666666665,30,stock,33530489.204851784
SGU,12.739999771118164,22173.333333333332,30,stock,282488.2615915934
SHAK,69.4000015258789,1560103.3333333333,30,stock,108271173.71386209
SHAZ,55.939998626708984,2080293.3333333333,30,stock,116371606.20981851
SHBI,23.6299991607666,196873.33333333334,30,stock,4652116.701443991
SHC,18.899999618530273,2684600.0,30,stock,50738938.97590637
SHEN,12.59000015258789,455510.0,30,stock,5734870.96950531
SHFS,0.1589999943971634,313780.0,30,stock,49891.01824194193
SHIM,3.7699999809265137,150866.66666666666,30,stock,568767.33045578
SHIP,18.920000076293945,325500.0,30,stock,6158460.024833679
SHLS,7.130000114440918,5309800.0,30,stock,37858874.607658386
SHMD,3.1500000953674316,646223.3333333334,30,stock,2035603.5616286597
SHO,11.0600004196167,2398890.0,30,stock,26531724.406614304
SHOE,14.069999694824219,679523.3333333334,30,stock,9560893.092625936
SHOO,43.68000030517578,1025393.3333333334,30,stock,44789181.11292522
SHOP,145.08999633789062,9673093.333333334,30,stock,1403469076.3094077
SHOT,9.84000015258789,51273.333333333336,30,stock,504529.6078236898
SHPH,3.5,231436.66666666666,30,stock,810028.3333333333
SHW,333.7099914550781,1824110.0,30,stock,608723732.5131226
SI,20.31999969482422,112423.33333333333,30,stock,2284442.0990244546
SIBN,18.5,549140.0,30,stock,10159090.0
SID,1.2200000286102295,4365270.0,30,stock,5325629.5248913765
SIDU,2.069999933242798,4924466.666666667,30,stock,10193645.671256384
SIEB,2.5299999713897705,119123.33333333333,30,stock,301382.0299251874
SIF,21.350000381469727,148940.0,30,stock,3179869.056816101
SIG,85.30000305175781,663020.0,30,stock,56555608.023376465
SIGA,3.2899999618530273,826733.3333333334,30,stock,2719952.635129293
SIGI,92.19000244140625,422593.3333333333,30,stock,38958880.431722
SII,129.5,199766.66666666666,30,stock,25869783.333333332
SILC,40.869998931884766,203703.33333333334,30,stock,8325355.0157547
SILO,2.4000000953674316,109916.66666666667,30,stock,263800.0104824702
SIMA,11.130000114440918,1990.0,30,stock,22148.700227737427
SIND,16.56999969482422,153880.0,30,stock,2549791.553039551
SINT,1.6299999952316284,173830.0,30,stock,283342.89917111397
SION,7.179999828338623,3343123.3333333335,30,stock,24003624.95944818
SIRI,28.989999771118164,4149706.6666666665,30,stock,120299995.31687418
SITC,2.869999885559082,937570.4333333333,30,stock,2690827.0363702457
SITE,100.58000183105469,861730.0,30,stock,86672804.97787476
SITM,612.0900268554688,440850.0,30,stock,269839888.3392334
SJ,1.0479999780654907,41520.0,30,stock,43512.959089279175
SJM,126.08000183105469,1324306.6666666667,30,stock,166968586.95821127
SJT,2.9600000381469727,181276.66666666666,30,stock,536578.9402484894
SKE,33.09000015258789,568860.0,30,stock,18823577.486801147
SKIL,6.809999942779541,51170.0,30,stock,348467.6970720291
SKIN,0.6850000023841858,511416.6666666667,30,stock,350320.41788597906
SKK,4.5,277923.3333333333,30,stock,1250655.0
SKM,38.70000076293945,2159460.0,30,stock,83571103.64753723
SKT,37.33000183105469,886050.0,30,stock,33076248.122406006
SKWD,57.34000015258789,480963.3333333333,30,stock,27578437.60672251
SKY,87.76000213623047,652163.3333333334,30,stock,57233855.52650452
SKYA,1.3799999952316284,332440.0,30,stock,458767.19841480255
SKYE,1.8600000143051147,131271.03333333333,30,stock,244164.1238778472
SKYH,10.479999542236328,184800.0,30,stock,1936703.9154052734
SKYQ,2.5899999141693115,1854880.0,30,stock,4804139.040794373
SKYW,99.05999755859375,331243.3333333333,30,stock,32812963.791300453
SKYX,1.3700000047683716,898936.6666666666,30,stock,1231543.2376197972
SLAB,220.5800018310547,284586.6666666667,30,stock,62774127.454427086
SLB,57.5099983215332,11807130.0,30,stock,679028026.4821243
SLBT,2.880000114440918,59486.666666666664,30,stock,171321.60680770874
SLDB,10.25,879143.3333333334,30,stock,9011219.166666668
SLDE,24.670000076293945,1019920.0,30,stock,25161426.47781372
SLDP,2.515000104904175,3220280.0,30,stock,8099004.537820816
SLE,3.9200000762939453,2602380.0,30,stock,10201329.798545837
SLF,80.97000122070312,1001020.0,30,stock,81052590.62194824
SLG,55.560001373291016,814620.0,30,stock,45260288.31871033
SLGB,0.460999995470047,4746620.0,30,stock,2188191.7984980345
SLGL,69.5199966430664,66663.33333333333,30,stock,4634434.70954895
SLGN,41.18000030517578,1248706.6666666667,30,stock,51421740.91440837
SLI,2.4200000762939453,1728610.0,30,stock,4183236.331882477
SLM,27.079999923706055,2059663.3333333333,30,stock,55775682.909526825
SLMT,3.8499999046325684,52946.666666666664,30,stock,203844.66161727905
SLN,14.59000015258789,1500516.6666666667,30,stock,21892538.395627342
SLND,0.6470000147819519,297180.0,30,stock,192275.46439290047
SLNG,5.989999771118164,41460.0,30,stock,248345.39051055908
SLNH,1.2000000476837158,9832240.0,30,stock,11798688.468837738
SLP,18.43000030517578,200263.33333333334,30,stock,3690853.2944488525
SLQT,0.5360000133514404,1156263.3333333333,30,stock,619757.1621044476
SLRC,12.569999694824219,393146.6666666667,30,stock,4941853.480021159
SLS,13.859999656677246,6825123.333333333,30,stock,94596207.05677986
SLSN,0.8500000238418579,20353.333333333332,30,stock,17300.333818594612
SLSR,8.140000343322754,149576.66666666666,30,stock,1217554.1180197396
SLVM,35.970001220703125,254650.0,30,stock,9159760.81085205
SLXN,0.35199999809265137,477306.6666666667,30,stock,168011.94575627646
SM,36.439998626708984,3663310.0,30,stock,133491011.36920929
SMA,32.58000183105469,694640.0,30,stock,22631372.471923828
SMBC,74.16999816894531,94610.0,30,stock,7017223.526763916
SMBK,51.869998931884766,114376.66666666667,30,stock,5932717.5778325405
SMC,34.20000076293945,54706.666666666664,30,stock,1870968.0417378743
SMCI,39.59000015258789,48624470.0,30,stock,1925042774.7195053
SMG,59.470001220703125,969150.0,30,stock,57635351.68304443
SMHI,9.760000228881836,117996.66666666667,30,stock,1151647.4936739604
SMID,26.030000686645508,14903.333333333334,30,stock,387933.77689997357
SMJF,1.100000023841858,1678560.0,30,stock,1846416.040019989
SMMT,17.604999542236328,5498583.333333333,30,stock,96802557.06628163
SMP,41.529998779296875,164003.33333333334,30,stock,6811058.233133952
SMPL,11.449999809265137,2005296.6666666667,30,stock,22960646.450853348
SMR,9.699999809265137,32126516.666666668,30,stock,311627205.53901994
SMRT,1.3300000429153442,1296516.6666666667,30,stock,1724367.2223071258
SMSI,2.8499999046325684,26883.333333333332,30,stock,76617.49743620554
SMTC,147.88999938964844,2884460.0,30,stock,426582787.63946533
SMTI,34.72999954223633,423876.6666666667,30,stock,14721236.439297995
SMTK,2.3399999141693115,406898.26666666666,30,stock,952141.9090756417
SMWB,8.84000015258789,923033.3333333334,30,stock,8159614.807510376
SMX,19.479999542236328,20873.333333333332,30,stock,406612.5237782796
SMXT,2.630000114440918,20152.266666666666,30,stock,53000.46363957723
SN,173.3800048828125,1686243.3333333333,30,stock,292360877.36694336
SNA,383.0,295906.6666666667,30,stock,113332253.33333334
SNAL,2.5299999713897705,142290.0,30,stock,359993.69592905045
SNAP,5.46999979019165,40351776.666666664,30,stock,220724209.900527
SND,5.320000171661377,282816.6666666667,30,stock,1504584.7152153652
SNDA,37.689998626708984,499630.0,30,stock,18831054.01386261
SNDK,1740.0,15419663.333333334,30,stock,26830214200.0
SNDL,1.434999942779541,1720926.6666666667,30,stock,2469529.668194453
SNDR,35.040000915527344,689250.0,30,stock,24151320.63102722
SNDX,20.559999465942383,1356283.3333333333,30,stock,27885184.608999886
SNES,1.0,111236.66666666667,30,stock,111236.66666666667
SNEX,69.45999908447266,917703.3333333334,30,stock,63743672.69315084
SNFCA,9.029999732971191,28436.666666666668,30,stock,256783.0924065908
SNGX,0.3799999952316284,233413.33333333334,30,stock,88697.06555366516
SNN,28.8700008392334,1777620.0,30,stock,51319890.891838074
SNOA,1.3300000429153442,178196.66666666666,30,stock,237001.57431403795
SNOW,337.17999267578125,5597213.333333333,30,stock,1887268350.7381184
SNPS,393.8399963378906,1804236.6666666667,30,stock,710580562.192688
SNSC,1.0700000524520874,795811.1111111111,18,stock,851517.9306308428
SNT,1.659999966621399,10106.666666666666,30,stock,16777.06632932027
SNTG,1.7000000476837158,30976.666666666668,30,stock,52660.33481041591
SNTI,0.3330000042915344,205333.33333333334,30,stock,68376.00088119507
SNWV,4.380000114440918,88026.66666666667,30,stock,385556.81007385254
SNX,262.6400146484375,605470.0,30,stock,159020649.66918945
SNY,44.2400016784668,2731763.3333333335,30,stock,120853214.45184073
SNYR,0.10300000011920929,9792756.666666666,30,stock,1008653.9378340541
SO,88.11000061035156,5769656.666666667,30,stock,508364452.421519
SOAR,0.23999999463558197,50242380.0,30,stock,12058170.93047887
SOBO,37.04999923706055,531113.3333333334,30,stock,19677748.594792686
SOBR,0.42800000309944153,308296.6666666667,30,stock,131950.97428888083
SOC,4.739999771118164,8766433.333333334,30,stock,41552891.993522644
SOCA,10.350000381469727,1610.0,30,stock,16663.50061416626
SOFI,18.219999313354492,54390630.0,30,stock,990997241.2529182
SOLS,63.72999954223633,3201216.6666666665,30,stock,204013536.70126596
SOLV,91.69000244140625,1179586.6666666667,30,stock,108156304.34651694
SON,51.95000076293945,991503.3333333334,30,stock,51508598.92312368
SONM,3.240000009536743,11756.666666666666,30,stock,38091.60011212031
SONO,15.359999656677246,1697563.3333333333,30,stock,26074572.21718788
SOPH,8.09000015258789,515170.0,30,stock,4167725.3786087036
SOR,46.470001220703125,10956.666666666666,30,stock,509156.3133748372
SORA,2.3499999046325684,138980.0,30,stock,326602.98674583435
SORN,9.960000038146973,40.0,30,stock,398.4000015258789
SOS,0.7879999876022339,113366.66666666667,30,stock,89332.93192783992
SOTK,5.019999980926514,34706.666666666664,30,stock,174227.46600468952
SOUL,10.460000038146973,77790.0,30,stock,813683.402967453
SOUN,6.739999771118164,30721656.666666668,30,stock,207063958.90170416
SOWG,3.0399999618530273,14840.0,30,stock,45113.599433898926
SPAI,4.900000095367432,397646.6666666667,30,stock,1948468.7045892081
SPB,88.5,365010.0,30,stock,32303385.0
SPCB,9.920000076293945,99203.33333333333,30,stock,984097.0742352803
SPCE,3.0399999618530273,7709496.666666667,30,stock,23436869.572572708
SPCX,147.9499969482422,99895506.66666667,30,stock,14779539906.47644
SPE,13.5600004196167,27266.666666666668,30,stock,369736.0114415487
SPEG,10.350000381469727,6960.0,30,stock,72036.0026550293
SPFI,45.630001068115234,113283.33333333333,30,stock,5169118.620999654
SPG,209.44000244140625,1263603.3333333333,30,stock,264649085.2183024
SPGI,443.510009765625,2087243.3333333333,30,stock,925713311.1499023
SPH,17.520000457763672,206730.0,30,stock,3621909.694633484
SPHL,2.509999990463257,20256.666666666668,30,stock,50844.23314015071
SPHR,142.4199981689453,774696.6666666666,30,stock,110332297.8481547
SPIR,11.979999542236328,570460.0,30,stock,6834110.538864136
SPKL,11.585000038146973,21880.0,30,stock,253479.80083465576
SPMC,9.800000190734863,29820.0,30,stock,292236.0056877136
SPNT,24.479999542236328,632420.0,30,stock,15481641.310501099
SPOK,10.710000038146973,165800.0,30,stock,1775718.006324768
SPOT,542.4299926757812,1912956.6666666667,30,stock,1037645070.6890869
SPPL,1.809999942779541,113810.0,30,stock,205996.09348773956
SPRB,57.93000030517578,67173.33333333333,30,stock,3891351.2204996743
SPRC,5.289999961853027,353790.0,30,stock,1871549.0865039825
SPRO,1.2100000381469727,620556.6666666666,30,stock,750873.5903390248
SPRU,1.7799999713897705,64253.333333333336,30,stock,114370.93149503073
SPRY,5.619999885559082,1903173.3333333333,30,stock,10695833.915532429
SPSC,83.0,563013.3333333334,30,stock,46730106.66666667
SPT,11.359999656677246,1350793.3333333333,30,stock,15345011.802908579
SPTX,24.860000610351562,118273.33333333333,30,stock,2940275.1388549805
SPWH,1.2999999523162842,531800.0,30,stock,691339.9746417999
SPWR,0.36000001430511475,16021576.666666666,30,stock,5767767.829190493
SPXC,196.3699951171875,447733.3333333333,30,stock,87921392.48046875
SPXX,19.09000015258789,212656.66666666666,30,stock,4059615.7991154986
SQFT,1.3200000524520874,384023.3333333333,30,stock,506910.8201428254
SQM,76.43000030517578,966250.0,30,stock,73850487.7948761
SR,82.68000030517578,468806.6666666667,30,stock,38760935.34306844
SRAD,12.899999618530273,2581423.3333333335,30,stock,33300360.015265148
SRBK,19.760000228881836,21920.0,30,stock,433139.20501708984
SRCE,87.2300033569336,122873.33333333333,30,stock,10718241.279144287
SRE,84.04000091552734,4171140.0,30,stock,350542609.4187927
SRFM,0.6700000166893005,1861190.0,30,stock,1246997.3310619593
SRG,2.0799999237060547,143350.0,30,stock,298167.98906326294
SRI,7.480000019073486,137566.66666666666,30,stock,1028998.6692905425
SRL,5.699999809265137,20666.666666666668,30,stock,117799.99605814616
SRPT,22.5,3087856.6666666665,30,stock,69476775.0
SRRK,55.33000183105469,1064010.0,30,stock,58871675.2482605
SRTA,5.320000171661377,1037780.0,30,stock,5520989.778146744
SRTS,3.190000057220459,37450.0,30,stock,119465.50214290619
SRV,45.90999984741211,55416.666666666664,30,stock,2544179.1582107544
SRXH,1.5099999904632568,980316.6666666666,30,stock,1480278.1573176384
SRZN,22.760000228881836,252613.33333333334,30,stock,5749479.5244852705
SSAC,10.100000381469727,51313.333333333336,30,stock,518264.6862411499
SSB,107.9800033569336,792766.6666666666,30,stock,85602947.32793172
SSBI,12.65999984741211,4090.0,30,stock,51779.39937591553
SSD,180.97000122070312,245653.33333333334,30,stock,44455884.033203125
SSEA,10.300000190734863,13830.0,30,stock,142449.00263786316
SSII,3.4100000858306885,51530.0,30,stock,175717.30442285538
SSM,3.0999999046325684,1583300.0,30,stock,4908229.8490047455
SSMR,17.450000762939453,226656.66666666666,30,stock,3955159.0062586465
SSNC,83.6500015258789,1716120.0,30,stock,143553440.6185913
SSP,3.299999952316284,605380.0,30,stock,1997753.9711332321
SSRM,37.150001525878906,2988000.0,30,stock,111004204.55932617
SST,3.8299999237060547,752726.6666666666,30,stock,2882943.075904846
SSTI,6.114999771118164,154606.66666666666,30,stock,945419.7312800089
SSTK,5.739999771118164,1083270.0,30,stock,6217969.552059174
SSYS,8.0,729493.3333333334,30,stock,5835946.666666667
ST,43.08000183105469,1559696.6666666667,30,stock,67191735.2558899
STAA,23.469999313354492,946050.0,30,stock,22203792.850399017
STAG,37.68000030517578,1655876.6666666667,30,stock,62393433.30533346
STAK,1.2000000476837158,2417406.6666666665,30,stock,2900888.115270932
STBA,50.63999938964844,231566.66666666666,30,stock,11726535.858662922
STC,67.52999877929688,207066.66666666666,30,stock,13983211.747233072
STDN,14.699999809265137,906153.3333333334,30,stock,13320453.827164968
STE,224.58999633789062,695926.6666666666,30,stock,156298167.5181071
STEM,5.570000171661377,119813.33333333333,30,stock,667360.2872339884
STEP,50.91999816894531,1233673.3333333333,30,stock,62818643.87440999
STEW,18.450000762939453,71493.33333333333,30,stock,1319052.0545450845
STEX,0.7149999737739563,884636.6666666666,30,stock,632515.1934661467
STFS,4.199999809265137,1083276.6666666667,30,stock,4549761.793381373
STGW,8.770000457763672,1454243.3333333333,30,stock,12753714.6990331
STHO,9.930000305175781,15243.333333333334,30,stock,151366.30465189618
STI,7.690000057220459,98170.0,30,stock,754927.3056173325
STIM,2.880000114440918,2325206.6666666665,30,stock,6696595.466098785
STK,52.560001373291016,62326.666666666664,30,stock,3275889.6855926514
STKE,1.2400000095367432,200990.0,30,stock,249227.60191679
STKS,1.6299999952316284,20060.0,30,stock,32697.799904346466
STLA,5.559999942779541,22377790.0,30,stock,124420511.11953259
STLD,242.05999755859375,1182823.3333333333,30,stock,286314213.17891437
STLN,5.929999828338623,1447896.6666666667,30,stock,8586026.984785398
STM,52.2400016784668,8591016.666666666,30,stock,448794725.08640283
STN,73.5199966430664,386186.6666666667,30,stock,28392442.43693034
STNE,10.109999656677246,5614073.333333333,30,stock,56758279.47256088
STNG,82.3499984741211,781443.3333333334,30,stock,64351857.307612106
STOK,29.809999465942383,891336.6666666666,30,stock,26570745.557308197
STRA,81.58999633789062,289840.0,30,stock,23648044.53857422
STRL,486.489990234375,745170.0,30,stock,362517746.0229492
STRO,20.06999969482422,245170.0,30,stock,4920561.825180054
STRR,10.619999885559082,3753.3333333333335,30,stock,39860.39957046509
STRT,75.83999633789062,96773.33333333333,30,stock,7339289.245605469
STRW,13.619999885559082,46950.0,30,stock,639458.9946269989
STRZ,26.889999389648438,198283.33333333334,30,stock,5331838.712310791
STT,194.25999450683594,1433536.6666666667,30,stock,278478824.9920146
STTK,6.789999961853027,829590.0,30,stock,5632916.068353653
STUB,6.599999904632568,6391553.333333333,30,stock,42184251.39045397
STVN,20.510000228881836,443483.3333333333,30,stock,9095843.268171946
STWD,16.079999923706055,4437313.333333333,30,stock,71351998.06145985
STX,849.280029296875,4498510.0,30,stock,3820494704.592285
STXS,1.3899999856948853,647800.0,30,stock,900441.9907331467
STZ,128.17999267578125,1826053.3333333333,30,stock,234063502.8922526
SU,67.33000183105469,4684530.0,30,stock,315409413.4776306
SUGP,0.6399999856948853,2977930.0,30,stock,1905875.1574003696
SUI,119.44000244140625,2063570.0,30,stock,246472805.8380127
SUIG,0.9800000190734863,514503.3333333333,30,stock,504213.27648003894
SUJA,10.510000228881836,884093.3333333334,30,stock,9291821.13568624
SUMA,9.930000305175781,6990.0,30,stock,69410.70213317871
SUNB,68.58999633789062,4673490.0,30,stock,320554661.98516846
SUNE,2.359999895095825,160510.0,30,stock,378803.5831618309
SUNS,7.480000019073486,73556.66666666667,30,stock,550203.8680696487
SUPN,43.529998779296875,866850.0,30,stock,37733979.441833496
SUPX,8.119999885559082,385753.3333333333,30,stock,3132317.022520701
SURG,0.16599999368190765,23527776.666666668,30,stock,3905610.778016001
SVAQ,10.0600004196167,64696.666666666664,30,stock,650848.4938144684
SVC,7.610000133514404,1557840.0,30,stock,11855162.60799408
SVCC,10.670000076293945,16826.666666666668,30,stock,179540.53461710614
SVCO,6.539999961853027,389500.0,30,stock,2547329.985141754
SVIV,10.180000305175781,19743.333333333332,30,stock,200987.1393585205
SVM,12.479999542236328,2577493.3333333335,30,stock,32167115.62011719
SVRA,5.369999885559082,1552520.0,30,stock,8337032.222328186
SVRN,9.069999694824219,40550.0,30,stock,367788.48762512207
SVV,10.449999809265137,1800686.6666666667,30,stock,18817175.323212944
SW,45.83000183105469,4823526.666666667,30,stock,221062235.96547446
SWAG,1.7300000190734863,37450.0,30,stock,64788.50071430206
SWBI,12.890000343322754,524970.0,30,stock,6766863.480234146
SWIM,7.099999904632568,891660.0,30,stock,6330785.914964676
SWK,97.36000061035156,1949583.3333333333,30,stock,189811434.52326456
SWKS,74.0199966430664,5976510.0,30,stock,442381250.1372528
SWMR,32.2400016784668,285043.3333333333,30,stock,9189797.545102436
SWVL,4.929999828338623,2901786.6666666665,30,stock,14305807.768541971
SWX,88.05999755859375,440436.6666666667,30,stock,38784851.791381836
SWZ,5.989999771118164,26346.666666666668,30,stock,157816.5273030599
SXC,10.329999923706055,1622073.3333333333,30,stock,16756017.409578959
SXI,275.7799987792969,132000.0,30,stock,36402959.83886719
SXT,134.83999633789062,339786.6666666667,30,stock,45816832.8889974
SXTC,2.2300000190734863,2003970.4333333333,30,stock,4468854.104556036
SXTP,0.9190000295639038,98053.33333333333,30,stock,90111.01623217264
SY,2.759999990463257,736683.3333333334,30,stock,2033245.9929744403
SYBT,79.48999786376953,162950.0,30,stock,12952895.151901245
SYF,79.91999816894531,3246910.0,30,stock,259493041.25473022
SYK,303.1300048828125,2339490.0,30,stock,709169615.123291
SYM,42.939998626708984,1716503.3333333333,30,stock,73706650.77607472
SYNA,98.98999786376953,709833.3333333334,30,stock,70266400.15029907
SYNX,0.8669999837875366,34660.0,30,stock,30050.21943807602
SYPR,1.8700000047683716,29546.666666666668,30,stock,55252.26680755615
SYRE,88.9800033569336,1025466.6666666666,30,stock,91246027.4424235
SYY,80.05000305175781,3127466.6666666665,30,stock,250353716.2109375
SZZL,10.449999809265137,105216.66666666667,30,stock,1099514.1465981803
T,25.68000030517578,39957490.0,30,stock,1026108355.3940582
TAC,11.960000038146973,1928533.3333333333,30,stock,23065258.740234375
TACH,10.5,27236.666666666668,30,stock,285985.0
TACO,10.489999771118164,35406.666666666664,30,stock,371415.92522939044
TACT,5.139999866485596,18383.333333333332,30,stock,94490.33087889352
TALO,16.84000015258789,1925340.0,30,stock,32422725.89378357
TANH,21.8700008392334,89980.46666666666,30,stock,1967872.8815146126
TAOP,0.800000011920929,322640.0,30,stock,258112.00384616852
TAOX,3.884999990463257,116300.0,30,stock,451825.49889087677
TAP,40.5,2798043.3333333335,30,stock,113320755.0
TARA,3.940000057220459,364723.3333333333,30,stock,1437009.9542029698
TARS,90.77999877929688,769446.6666666666,30,stock,69850367.46073404
TASK,7.909999847412109,718276.6666666666,30,stock,5681568.323733011
TATT,39.970001220703125,169190.0,30,stock,6762524.506530762
TAVI,10.720000267028809,6183.333333333333,30,stock,66285.33498446146
TAYD,62.18000030517578,38326.666666666664,30,stock,2383152.1450297036
TBBB,49.77000045776367,739390.0,30,stock,36799440.63846588
TBBK,66.87000274658203,345140.0,30,stock,23079512.747955322
TBCH,12.479999542236328,398550.0,30,stock,4973903.817558289
TBI,9.850000381469727,297883.3333333333,30,stock,2934150.946966807
TBLA,3.859999895095825,2834226.6666666665,30,stock,10940114.636011124
TBLD,22.06999969482422,46706.666666666664,30,stock,1030816.1190795898
TBN,39.43000030517578,122346.66666666667,30,stock,4824129.104003906
TBPH,17.079999923706055,487976.6666666667,30,stock,8334641.429437002
TCBI,98.63999938964844,405980.0,30,stock,40045866.95220947
TCBK,54.400001525878906,233103.33333333334,30,stock,12680821.689020794
TCBS,17.5,1103.3333333333333,30,stock,19308.333333333332
TCBX,46.04999923706055,110440.0,30,stock,5085761.915740967
TCGX,14.050000190734863,130633.33333333333,24,stock,1835398.3582496643
TCI,37.689998626708984,82400.0,30,stock,3105655.8868408203
TCMD,21.8700008392334,345573.3333333333,30,stock,7557689.090016683
TCPC,4.070000171661377,767210.0,30,stock,3122544.831700325
TCRT,1.6299999952316284,10833.333333333334,30,stock,17658.333281675976
TCRX,0.3919999897480011,787740.0,30,stock,308794.0719240904
TCX,10.729999542236328,108510.0,30,stock,1164312.250328064
TD,121.62999725341797,2037793.3333333333,30,stock,247856797.53636676
TDAC,10.845000267028809,50866.666666666664,30,stock,551649.0135828654
TDAY,6.329999923706055,2726860.0,30,stock,17261023.591957092
TDC,28.049999237060547,2774733.3333333335,30,stock,77831267.88304648
TDF,10.680000305175781,48163.333333333336,30,stock,514384.4146982829
TDG,1162.050048828125,409223.3333333333,30,stock,475537994.48160803
TDIC,2.190000057220459,152386.66666666666,30,stock,333726.808719635
TDOC,6.28000020980835,5016223.333333333,30,stock,31501883.58577887
TDS,37.83000183105469,1151716.6666666667,30,stock,43569443.6088562
TDTH,1.8899999856948853,72296.66666666667,30,stock,136640.6989657879
TDUP,2.7200000286102295,3026680.0,30,stock,8232569.686594009
TDW,94.26000213623047,656583.3333333334,30,stock,61889546.40261333
TDWD,10.100000381469727,5406.666666666667,30,stock,54607.33539581299
TDY,610.6500244140625,290580.0,30,stock,177442684.09423828
TE,4.599999904632568,31559183.333333332,30,stock,145172240.32361507
TEAD,0.5040000081062317,195320.0,30,stock,98441.28158330917
TEAM,189.5800018310547,5126623.333333333,30,stock,971905260.9204609
TECH,72.43000030517578,3071610.0,30,stock,222476713.23738098
TECK,69.0999984741211,2968066.6666666665,30,stock,205093402.13775635
TECX,30.75,217973.33333333334,30,stock,6702680.0
TEI,6.739999771118164,140126.66666666666,30,stock,944453.7012608845
TEL,208.64999389648438,2174103.3333333335,30,stock,453626647.23032635
TELA,0.8220000267028809,252380.0,30,stock,207456.36673927307
TELO,1.159999966621399,56273.333333333336,30,stock,65277.06478834152
TEM,64.62000274658203,6931006.666666667,30,stock,447881669.83657837
TEN,43.7400016784668,214653.33333333334,30,stock,9388937.160288494
TENB,34.25,3785623.3333333335,30,stock,129657599.16666667
TENX,1.940000057220459,8815636.666666666,30,stock,17102335.63776811
TEO,13.029999732971191,235860.0,30,stock,3073255.737018585
TER,357.0299987792969,3107453.3333333335,30,stock,1109454059.8067222
TEX,63.22999954223633,1180256.6666666667,30,stock,74627628.49305472
TFC,51.650001525878906,6139673.333333333,30,stock,317114137.0350647
TFII,137.11000061035156,298990.0,30,stock,40994519.08248901
TFIN,69.5999984741211,178510.0,30,stock,12424295.727615356
TFPM,33.91999816894531,575710.0,30,stock,19528082.145843506
TFSL,17.56999969482422,942186.6666666666,30,stock,16554219.445800781
TFX,138.36000061035156,610553.3333333334,30,stock,84476159.57265219
TG,7.760000228881836,163993.33333333334,30,stock,1272588.304201762
TGB,8.449999809265137,6148583.333333333,30,stock,51955527.993917465
TGE,0.8999999761581421,28746.666666666668,30,stock,25871.99931462606
TGEN,3.130000114440918,211146.66666666666,30,stock,660889.090830485
TGHL,0.8370000123977661,1077276.6666666667,30,stock,901680.5833558242
TGL,2.4200000762939453,423870.0,30,stock,1025765.4323387146
TGLS,40.84000015258789,257416.66666666666,30,stock,10512896.705945332
TGS,29.049999237060547,203590.0,30,stock,5914289.344673157
TGT,164.44000244140625,4399723.333333333,30,stock,723490515.6748453
TGTX,55.98500061035156,2205736.6666666665,30,stock,123488168.62960814
TH,19.520000457763672,1259920.0,30,stock,24593638.976745605
THC,265.04998779296875,909446.6666666666,30,stock,241048827.8983561
THCH,1.350000023841858,9886.666666666666,30,stock,13347.000235716501
THEO,9.869999885559082,446700.0,16,stock,4408928.948879242
THFF,79.33999633789062,93250.0,30,stock,7398454.658508301
THG,228.3800048828125,292153.3333333333,30,stock,66721979.69319661
THH,1.6699999570846558,163895.33333333334,30,stock,273705.19963304204
THM,2.509999990463257,1191936.6666666667,30,stock,2991761.02196614
THO,76.94000244140625,538816.6666666666,30,stock,41456555.64880371
THQ,19.770000457763672,142146.66666666666,30,stock,2810239.66506958
THRM,40.70000076293945,378173.3333333333,30,stock,15391654.955190022
THRY,2.0799999237060547,909930.0,30,stock,1892654.3305778503
THW,14.180000305175781,118460.0,30,stock,1679762.836151123
TIC,9.359999656677246,2027630.0,30,stock,18978616.103868484
TIGO,94.83000183105469,1243256.6666666667,30,stock,117898031.97647095
TII,3.240000009536743,438796.6666666667,30,stock,1421701.2041846912
TIL,7.579999923706055,7770.0,30,stock,58896.599407196045
TILE,37.2400016784668,476076.6666666667,30,stock,17729095.865745544
TIPT,18.489999771118164,214413.33333333334,30,stock,3964502.484258016
TISI,27.90999984741211,29146.666666666668,30,stock,813483.4622192383
TITN,26.219999313354492,278450.0,30,stock,7300958.808803558
TJGC,10.40999984741211,1590186.6666666667,30,stock,16553842.957356771
TJX,132.0800018310547,6754473.333333333,30,stock,892130850.2344767
TK,13.630000114440918,535433.3333333334,30,stock,7297956.394608816
TKC,5.099999904632568,2505320.0,30,stock,12777131.761074066
TKNO,6.920000076293945,231950.0,30,stock,1605094.0176963806
TKO,186.00999450683594,1054366.6666666667,30,stock,196122737.8748576
TKR,123.16000366210938,966310.0,30,stock,119010743.13873291
TLF,2.619999885559082,30056.666666666668,30,stock,78748.46322695415
TLIH,5.730000019073486,2900.0,30,stock,16617.00005531311
TLK,14.850000381469727,643766.6666666666,30,stock,9559935.245577494
TLN,317.0,848380.0,30,stock,268936460.0
TLNC,10.270000457763672,18270.0,30,stock,187632.90836334229
TLPH,1.2000000476837158,255760.0,30,stock,306912.01219558716
TLRY,4.5,4360976.666666667,30,stock,19624395.0
TLS,4.800000190734863,513620.0,30,stock,2465376.0979652405
TLSA,1.0199999809265137,910436.6666666666,30,stock,928645.3826347986
TLSI,5.0,168543.33333333334,30,stock,842716.6666666667
TLYS,4.400000095367432,808153.3333333334,30,stock,3555874.7437381744
TM,197.11000061035156,384533.3333333333,30,stock,75795365.56803384
TMC,4.440000057220459,6392986.666666667,30,stock,28384861.16580963
TMCI,4.809999942779541,374313.3333333333,30,stock,1800447.1119149525
TMCR,5.75,83706.66666666667,30,stock,481313.3333333334
TMDE,0.7139999866485596,130296.66666666667,30,stock,93031.81826035182
TMDX,89.9800033569336,858946.6666666666,30,stock,77288023.95009358
TMO,613.780029296875,1765413.3333333333,30,stock,1083575447.454427
TMP,99.56999969482422,103903.33333333333,30,stock,10345654.868291218
TMQ,3.299999952316284,1234250.0,30,stock,4073024.9411463737
TMS,6.170000076293945,89996.66666666667,30,stock,555279.4401995342
TMTS,10.0600004196167,61613.333333333336,30,stock,619830.1591873169
TMUS,181.52000427246094,4447186.666666667,30,stock,807253342.7337646
TNC,71.97000122070312,232910.0,30,stock,16762532.984313965
TNDM,19.899999618530273,1937480.0,30,stock,38555851.260910034
TNET,69.05999755859375,400780.0,30,stock,27677865.821533203
TNGX,22.520000457763672,2193020.0,30,stock,49386811.40388489
TNK,93.37000274658203,459483.3333333333,30,stock,42901960.095341995
TNL,66.33000183105469,673060.0,30,stock,44644071.03240967
TNMG,0.43700000643730164,16664680.0,30,stock,7282465.267275572
TNON,3.7200000286102295,2459363.8,30,stock,9148833.406362962
TNXP,13.140000343322754,466643.3333333333,30,stock,6131693.560209274
TNYA,0.6830000281333923,1872560.0,30,stock,1278958.5326814651
TOL,141.72999572753906,834733.3333333334,30,stock,118306751.76696777
TOMZ,1.7000000476837158,22966.666666666668,30,stock,39043.334428469345
TONT,10.880000114440918,96613.33333333333,30,stock,1051153.077723185
TONX,3.319999933242798,380190.0,30,stock,1262230.7746195793
TOON,0.6600000262260437,231593.33333333334,30,stock,152851.6060737769
TOP,14.989999771118164,114102.0,30,stock,1710388.9538841248
TOPP,0.1379999965429306,1345266.6666666667,30,stock,185646.7953493198
TOPS,0.7300000190734863,175070.0,30,stock,127801.10333919525
TORO,6.355000019073486,24430.0,30,stock,155252.65046596527
TOST,33.95000076293945,9583760.0,30,stock,325368659.3118286
TOVX,0.25,553893.3333333334,30,stock,138473.33333333334
TOWN,37.599998474121094,570016.6666666666,30,stock,21432625.79689026
TOYO,4.449999809265137,901643.3333333334,30,stock,4012312.6613585157
TP,8.989999771118164,74871.42857142857,21,stock,673094.1257204327
TPB,75.22000122070312,321070.0,30,stock,24150885.791931152
TPC,88.20999908447266,540820.0,30,stock,47705731.7048645
TPCS,5.800000190734863,55310.0,30,stock,320798.0105495453
TPET,1.7599999904632568,169306.33333333334,30,stock,297979.1450520357
TPG,52.650001525878906,2999596.6666666665,30,stock,157928769.07702127
TPL,362.4200134277344,375170.0,30,stock,135969116.4376831
TPR,122.13999938964844,3237656.6666666665,30,stock,395447383.29055786
TPST,1.0299999713897705,233676.66666666666,30,stock,240686.9599811236
TPVG,5.230000019073486,201863.33333333334,30,stock,1055745.2371835709
TR,38.779998779296875,142660.0,30,stock,5532354.625854492
TRAD,10.039999961853027,2893.3333333333335,30,stock,29049.06655629476
TRAK,7.920000076293945,70020.0,30,stock,554558.405342102
TRAW,0.550000011920929,94396.66666666667,30,stock,51918.16779196262
TRAX,40.459999084472656,697613.3333333334,30,stock,28225434.827982586
TRC,16.43000030517578,174233.33333333334,30,stock,2862653.7198384604
TRDA,7.130000114440918,329043.3333333333,30,stock,2346079.0043226876
TREE,28.350000381469727,497910.0,30,stock,14115748.689937592
TREX,45.630001068115234,1816963.3333333333,30,stock,82908038.84072621
TRGP,290.04998779296875,1252260.0,30,stock,363217997.71362305
TRGS,9.960000038146973,17283.333333333332,30,stock,172142.00065930682
TRI,105.68000030517578,2083246.6666666667,30,stock,220157508.36908978
TRIN,18.219999313354492,1006893.3333333334,30,stock,18345595.84195455
TRIP,9.329999923706055,3474956.6666666665,30,stock,32421345.434881844
TRLV,12.109999656677246,1136286.6666666667,30,stock,13760431.143220266
TRMB,59.470001220703125,3570543.3333333335,30,stock,212340216.39190674
TRMD,35.18000030517578,631530.0,30,stock,22217225.59272766
TRMK,46.619998931884766,327640.0,30,stock,15274576.450042725
TRN,28.31999969482422,685800.0,30,stock,19421855.79071045
TRNO,65.6500015258789,653663.3333333334,30,stock,42912998.83074443
TRNR,2.9000000953674316,19796.666666666668,30,stock,57410.33522129059
TRNS,85.4800033569336,131733.33333333334,30,stock,11260565.775553387
TRON,1.4800000190734863,1173860.0,30,stock,1737312.8223896027
TROO,2.240000009536743,315690.0,30,stock,707145.6030106544
TROW,109.77999877929688,1662643.3333333333,30,stock,182524983.1037394
TROX,4.809999942779541,2732046.6666666665,30,stock,13141144.310337702
TRP,62.61000061035156,2069733.3333333333,30,stock,129586005.26326497
TRS,39.47999954223633,437463.3333333333,30,stock,17271052.19974518
TRSG,1.4500000476837158,3116.6666666666665,30,stock,4519.166815280914
TRST,57.91999816894531,128476.66666666667,30,stock,7441368.298085531
TRT,10.510000228881836,217556.66666666666,30,stock,2286520.616461436
TRTX,7.889999866485596,863733.3333333334,30,stock,6814855.884679159
TRU,79.87999725341797,2103733.3333333335,30,stock,168046212.8885905
TRUG,0.3799999952316284,5306193.333333333,30,stock,2016353.441364765
TRUP,27.799999237060547,544080.0,30,stock,15125423.584899902
TRV,369.3500061035156,1711560.0,30,stock,632164696.4465332
TRVI,17.260000228881836,1512463.3333333333,30,stock,26105117.479508717
TRX,1.149999976158142,2835250.0,30,stock,3260537.4324023724
TSAT,44.900001525878906,246723.33333333334,30,stock,11077878.043136597
TSBK,46.45000076293945,37990.0,30,stock,1764635.5289840698
TSCO,34.9900016784668,10337686.666666666,30,stock,361715673.8181305
TSEM,222.33999633789062,1808833.3333333333,30,stock,402175996.7091878
TSHA,5.599999904632568,2515123.3333333335,30,stock,14084690.426805815
TSI,4.369999885559082,166196.66666666666,30,stock,726279.4143136342
TSLA,354.0799865722656,37424326.666666664,30,stock,13251205083.609415
TSLX,18.3799991607666,455453.3333333333,30,stock,8371231.884435018
TSM,428.9100036621094,11041706.666666666,30,stock,4735898446.8359375
TSN,51.41999816894531,3345410.0,30,stock,172020976.07437134
TSQ,5.619999885559082,82220.0,30,stock,462076.3905906677
TSSI,8.420000076293945,904973.3333333334,30,stock,7619875.535710653
TT,447.8999938964844,1125020.0,30,stock,503896451.13342285
TTAM,15.470000267028809,273593.3333333333,30,stock,4232488.9397239685
TTAN,87.91999816894531,1206693.3333333333,30,stock,106092475.65714517
TTC,93.33000183105469,680443.3333333334,30,stock,63505777.545928955
TTD,14.430000305175781,26681790.0,30,stock,385018237.8426361
TTE,88.58999633789062,1471733.3333333333,30,stock,130380850.61035156
TTEC,1.3799999952316284,519366.6666666667,30,stock,716725.9975234668
TTEK,35.90999984741211,2889213.3333333335,30,stock,103751650.35914104
TTGT,4.050000190734863,372646.6666666667,30,stock,1509219.0710767112
TTI,6.909999847412109,1989806.6666666667,30,stock,13749563.763046265
TTMI,125.5999984741211,3002013.3333333335,30,stock,377052870.0859579
TTRX,9.800000190734863,56233.333333333336,30,stock,551086.6773923239
TTWO,214.69000244140625,2565463.3333333335,30,stock,550779329.2966716
TU,9.670000076293945,8165510.0,30,stock,78960482.32297897
TULP,3.4700000286102295,1860.0,30,stock,6454.200053215027
TUSK,3.119999885559082,208513.33333333334,30,stock,650561.5761375427
TV,2.630000114440918,833150.0,30,stock,2191184.595346451
TVA,10.539999961853027,296410.0,30,stock,3124161.388692856
TVAI,10.385000228881836,21686.666666666668,30,stock,225216.03829701743
TVC,23.8700008392334,12536.666666666666,30,stock,299250.2438545227
TVE,23.389999389648438,9426.666666666666,30,stock,220489.7275797526
TVGN,7.340000152587891,8990.0,30,stock,65986.60137176514
TVIV,9.920000076293945,7160.0,30,stock,71027.20054626465
TVRD,1.909999966621399,264160.0,30,stock,504545.59118270874
TVTX,65.27999877929688,1545456.6666666667,30,stock,100887409.31345622
TW,106.19999694824219,1514673.3333333333,30,stock,160858303.3775838
TWAV,1.399999976158142,41820.0,30,stock,58547.9990029335
TWFG,28.889999389648438,163950.0,30,stock,4736515.399932861
TWG,0.4429999887943268,951270.0,30,stock,421412.59934037924
TWI,8.329999923706055,594766.6666666666,30,stock,4954406.287956238
TWIN,23.850000381469727,95840.0,30,stock,2285784.0365600586
TWLO,232.97999572753906,2286006.6666666665,30,stock,532593823.4331258
TWLV,10.069999694824219,31780.0,30,stock,320024.5903015137
TWN,103.47000122070312,31236.666666666668,30,stock,3232057.938130697
TWST,124.72000122070312,1679156.6666666667,30,stock,209424421.51641846
TXG,62.650001525878906,2925690.0,30,stock,183294482.96424866
TXMD,2.2100000381469727,28456.666666666668,30,stock,62889.23441886902
TXN,258.44000244140625,6369923.333333333,30,stock,1646243001.8182373
TXNM,58.0,1025153.3333333334,30,stock,59458893.333333336
TXRH,189.55999755859375,783626.6666666666,30,stock,148544269.02018228
TXT,79.06999969482422,1722853.3333333333,30,stock,136226012.54089355
TY,35.59000015258789,27013.333333333332,30,stock,961404.5374552408
TYG,42.459999084472656,120606.66666666667,30,stock,5120958.956247966
TYGO,1.0700000524520874,1373730.0,30,stock,1469891.172055006
TYL,364.0299987792969,996033.3333333334,30,stock,362586013.11747235
TYRA,28.649999618530273,604173.3333333334,30,stock,17309565.769526165
TZOO,6.25,87210.0,30,stock,545062.5
U,41.65999984741211,11697563.333333334,30,stock,487320486.6817602
UA,5.119999885559082,2642543.7333333334,30,stock,13529823.612251537
UAA,5.25,8240943.333333333,30,stock,43264952.5
UAC,9.970000267028809,11133.333333333334,30,stock,110999.33630625407
UAL,111.37999725341797,3202646.6666666665,30,stock,356710776.9370015
UAMY,5.199999809265137,7129490.0,30,stock,37073346.6401577
UAVS,1.059999942779541,2227866.6666666665,30,stock,2361538.5391871133
UBCP,15.880000114440918,2316.6666666666665,30,stock,36788.666931788124
UBER,75.76000213623047,18068573.333333332,30,stock,1368875154.3319702
UBS,55.380001068115234,1696413.3333333333,30,stock,93947372.21196492
UBSI,47.83000183105469,794740.0,30,stock,38012415.6552124
UCAR,0.47099998593330383,483380.0,30,stock,227671.9732004404
UCB,35.63999938964844,764863.3333333334,30,stock,27259728.73316447
UCTT,72.43000030517578,1217623.3333333333,30,stock,88192458.40492249
UDR,36.380001068115234,3223160.0,30,stock,117258564.2427063
UE,20.979999542236328,798020.0,30,stock,16742459.234695435
UEC,11.539999961853027,8162410.0,30,stock,94194211.08862877
UEIC,4.710000038146973,88120.0,30,stock,415045.20336151123
UFCS,55.97999954223633,139573.33333333334,30,stock,7813315.136108399
UFG,0.6029999852180481,699516.6666666666,30,stock,421808.53965977824
UFI,7.119999885559082,148770.0,30,stock,1059242.3829746246
UFPI,84.37999725341797,423060.0,30,stock,35697801.638031006
UFPT,288.7900085449219,169136.66666666666,30,stock,48844979.41192627
UG,7.139999866485596,10366.666666666666,30,stock,74017.99861590067
UGI,37.939998626708984,2178956.6666666665,30,stock,82669612.94099171
UHAL,67.19000244140625,155196.66666666666,30,stock,10427664.412231445
UHS,169.64999389648438,795873.3333333334,30,stock,135019906.1423747
UHT,40.83000183105469,99436.66666666667,30,stock,4059999.2820739746
UI,579.6599731445312,143710.0,30,stock,83302934.74060059
UIS,2.619999885559082,673193.3333333334,30,stock,1763766.4562924705
UK,2.015000104904175,40796.666666666664,30,stock,82205.28761307398
ULBI,6.130000114440918,43546.666666666664,30,stock,266941.07165018714
ULCC,5.960000038146973,3138070.0,30,stock,18702897.31970787
ULH,19.010000228881836,45936.666666666664,30,stock,873256.0438474019
ULS,73.83000183105469,840870.0,30,stock,62081433.639678955
ULTA,564.1199951171875,663820.0,30,stock,374474135.1586914
UMAC,23.760000228881836,4437603.333333333,30,stock,105437456.2156868
UMBF,143.75999450683594,537920.0,30,stock,77331376.24511719
UMC,20.770000457763672,13048630.0,30,stock,271020051.0731888
UMH,15.949999809265137,699910.0,30,stock,11163564.366502762
UNB,23.780000686645508,6720.0,30,stock,159801.6046142578
UNCY,5.159999847412109,749100.0,30,stock,3865355.885696411
UNF,275.1700134277344,190770.0,30,stock,52494183.46160889
UNFI,43.93000030517578,515420.0,30,stock,22642400.7572937
UNH,397.1400146484375,4264543.333333333,30,stock,1693620801.8688962
UNIT,10.170000076293945,2133556.6666666665,30,stock,21698271.462777454
UNM,95.8499984741211,1455103.3333333333,30,stock,139471652.2796885
UNP,289.6199951171875,2563920.0,30,stock,742562497.8808594
UNTY,59.959999084472656,53796.666666666664,30,stock,3225648.0840810137
UONE,4.730000019073486,4986.666666666667,30,stock,23586.933428446453
UONEK,4.150000095367432,14653.333333333334,30,stock,60811.3347307841
UP,4.360000133514404,98186.66666666667,30,stock,428093.879776001
UPB,6.010000228881836,620660.0,30,stock,3730166.7420578003
UPBD,18.979999542236328,982546.6666666666,30,stock,18648735.283559162
UPC,4.03000020980835,1594580.0,30,stock,6426157.734556198
UPLD,3.700000047683716,30306.666666666668,30,stock,112134.66811180115
UPS,102.29000091552734,5024656.666666667,30,stock,513972135.03354394
UPST,28.049999237060547,4490456.666666667,30,stock,125957306.07405345
UPWK,8.789999961853027,3667346.6666666665,30,stock,32235977.060101826
UPXI,1.0700000524520874,2666613.3333333335,30,stock,2853276.4065361023
URBN,80.97000122070312,1149550.0,30,stock,93079064.90325928
URG,1.399999976158142,5825596.666666667,30,stock,8155835.194440286
URGN,44.09000015258789,889766.6666666666,30,stock,39229812.46910095
URI,1009.8599853515625,435193.3333333333,30,stock,439484333.22509766
UROY,4.440000057220459,2890116.6666666665,30,stock,12832118.165373802
USA,5.96999979019165,1200980.0,30,stock,7169850.348024368
USAR,17.610000610351562,12732196.666666666,30,stock,224213991.07111612
USAS,5.360000133514404,4842613.333333333,30,stock,25956408.1132253
USAU,16.149999618530273,220090.0,30,stock,3554453.416042328
USB,63.369998931884766,6439816.666666667,30,stock,408091175.2882004
USBC,0.49000000953674316,359713.3333333333,30,stock,176259.536763827
USCB,23.479999542236328,57460.0,30,stock,1349160.7736968994
USDE,7.929999828338623,6363083.333333333,30,stock,50459249.74103768
USEA,3.0399999618530273,75483.33333333333,30,stock,229469.33045387265
USFD,104.04000091552734,2076453.3333333333,30,stock,216034206.7010498
USGO,8.449999809265137,82783.33333333333,30,stock,699519.1508769989
USIO,2.75,486000.0,30,stock,1336500.0
USLM,116.69000244140625,155623.33333333334,30,stock,18159687.146606445
USNA,14.960000038146973,226826.66666666666,30,stock,3393326.941986084
USPH,79.3499984741211,210510.0,30,stock,16703968.178787231
UTF,26.780000686645508,240656.66666666666,30,stock,6444785.698579152
UTG,38.29999923706055,283153.3333333333,30,stock,10844772.450637817
UTHR,487.6099853515625,535126.6666666666,30,stock,260933106.09456378
UTI,22.200000762939453,1730483.3333333333,30,stock,38416731.320254005
UTL,53.709999084472656,111490.0,30,stock,5988127.797927856
UTMD,71.0999984741211,33803.333333333336,30,stock,2403416.948420207
UTSI,2.319999933242798,7806.666666666667,30,stock,18111.466145515442
UTZ,14.210000038146973,2520053.3333333335,30,stock,35809957.96279907
UUU,5.28000020980835,38990.0,30,stock,205867.20818042755
UUUU,14.470000267028809,6813186.666666667,30,stock,98586812.8859838
UVE,44.13999938964844,198660.0,30,stock,8768852.278747559
UVSP,42.349998474121094,225610.0,30,stock,9554583.15574646
UVV,45.61000061035156,319783.3333333333,30,stock,14585318.02851359
UWMC,1.4700000286102295,19956326.666666668,30,stock,29335800.770955086
UXIN,1.159999966621399,225726.66666666666,30,stock,261842.92579889297
UYSC,10.989999771118164,1950.0,30,stock,21430.49955368042
UZX,0.11900000274181366,5281763.333333333,30,stock,628529.8511482775
V,375.07000732421875,6894616.666666667,30,stock,2585963923.6643476
VABK,46.939998626708984,5916.666666666667,30,stock,277728.3252080282
VAC,106.62000274658203,548500.0,30,stock,58481071.506500244
VACI,7.059999942779541,251583.33333333334,30,stock,1776178.3189376197
VAI,2.25,1302663.3333333333,30,stock,2930992.5
VAL,86.73999786376953,1071996.6666666667,30,stock,92984988.57663473
VALU,38.61000061035156,3400.0,30,stock,131274.0020751953
VANI,1.4900000095367432,182656.66666666666,30,stock,272158.43507528305
VATE,7.440000057220459,707270.0,30,stock,5262088.840470314
VBIO,2.7699999809265137,767862.1333333333,30,stock,2126978.094687525
VBNK,22.40999984741211,116923.33333333333,30,stock,2620251.882158915
VC,102.63999938964844,405113.3333333333,30,stock,41580832.28607178
VCEL,40.189998626708984,485640.0,30,stock,19517870.93307495
VCIG,1.8200000524520874,863689.7,30,stock,1571915.2993023274
VCTR,113.7300033569336,594436.6666666666,30,stock,67605284.0954844
VCV,10.229999542236328,94503.33333333333,30,stock,966769.0567398071
VCX,36.880001068115234,736366.6666666666,30,stock,27157203.45319112
VCYT,42.529998779296875,1387113.3333333333,30,stock,58993928.373413086
VECA,10.020000457763672,10583.333333333334,30,stock,106045.00484466553
VECO,44.66999816894531,739350.0,30,stock,33026763.146209717
VEEA,1.7000000476837158,151396.5,30,stock,257374.05721914768
VEEE,9.899999618530273,229170.0,30,stock,2268782.9125785828
VEEV,275.0899963378906,1935603.3333333333,30,stock,532465113.8782755
VEL,18.43000030517578,105296.66666666667,30,stock,1940617.5988006592
VELO,11.609999656677246,1505656.6666666667,30,stock,17480673.383073807
VENU,2.0,433516.6666666667,30,stock,867033.3333333334
VEON,64.20999908447266,93320.0,30,stock,5992077.114562988
VERA,35.88999938964844,2101170.0,30,stock,75410990.0175476
VERI,0.9070000052452087,3990036.6666666665,30,stock,3618963.2775952416
VERU,2.640000104904175,237190.0,30,stock,626181.6248822212
VERX,13.770000457763672,2239470.0,30,stock,30837502.92514801
VET,12.84000015258789,1374726.6666666667,30,stock,17651490.609766643
VFC,13.449999809265137,7734153.333333333,30,stock,104024360.85816064
VFF,2.9200000762939453,1046986.6666666666,30,stock,3057201.14654541
VFS,3.0799999237060547,332363.3333333333,30,stock,1023679.0413093566
VG,14.420000076293945,13140963.333333334,30,stock,189492692.2692426
VGAS,1.340000033378601,334270.0,30,stock,447921.811157465
VGI,7.320000171661377,39106.666666666664,30,stock,286260.80671310425
VGM,10.100000381469727,121290.0,30,stock,1225029.0462684631
VGNT,50.220001220703125,808220.0,30,stock,40588809.38659668
VGZ,2.240000009536743,1155663.3333333333,30,stock,2588685.877687931
VHC,11.649999618530273,65020.0,30,stock,757482.9751968384
VHCP,10.069999694824219,8663.333333333334,30,stock,87239.76402282715
VHI,17.829999923706055,17523.333333333332,30,stock,312441.03199640906
VHUB,0.8299999833106995,57963.333333333336,30,stock,48109.56569929918
VIA,28.1299991607666,720403.3333333334,30,stock,20264945.16208013
VIAV,34.86000061035156,4778383.333333333,30,stock,166574445.9164937
VICI,25.420000076293945,9929573.333333334,30,stock,252409754.8908997
VICR,188.5500030517578,800800.0,30,stock,150990842.44384766
VIDA,2.0,104023.33333333333,30,stock,208046.66666666666
VII,9.84000015258789,31020.0,30,stock,305236.80473327637
VIK,85.80999755859375,3296026.6666666665,30,stock,282832040.21972656
VINP,9.510000228881836,39016.666666666664,30,stock,371048.5089302063
VIP,1.8899999856948853,205610.0,30,stock,388602.89705872536
VIR,11.385000228881836,1744956.6666666667,30,stock,19866332.049388885
VIRC,6.519999980926514,25393.333333333332,30,stock,165564.53284899393
VIRT,64.43000030517578,1383413.3333333333,30,stock,89133321.4888509
VISN,6.400000095367432,9687680.0,30,stock,62001152.92388916
VITL,9.920000076293945,1423246.6666666667,30,stock,14118607.041918438
VIVK,0.823199987411499,7509786.666666667,30,stock,6182056.289463043
VIVO,3.890000104904175,480446.6666666667,30,stock,1868937.5837341945
VIVS,0.2800000011920929,4915470.0,30,stock,1376331.6058596969
VKI,8.670000076293945,65683.33333333333,30,stock,569474.5050112406
VKQ,9.579999923706055,159886.66666666666,30,stock,1531714.254468282
VKTX,34.869998931884766,1846970.0,30,stock,64403841.927223206
VLGEA,43.369998931884766,57516.666666666664,30,stock,2494497.7718989053
VLN,1.7100000381469727,864366.6666666666,30,stock,1478067.0329729714
VLO,370.7200012207031,2515013.3333333335,30,stock,932365746.003418
VLOS,10.720000267028809,59990.0,30,stock,643092.8160190582
VLT,9.829999923706055,26980.0,30,stock,265213.39794158936
VLTO,96.30999755859375,1595973.3333333333,30,stock,153708187.83691406
VLY,14.029999732971191,6063013.333333333,30,stock,85064075.44766743
VMAR,8.6850004196167,371009.0,30,stock,3222213.320681572
VMC,262.6300048828125,1033026.6666666666,30,stock,271303798.5107422
VMD,9.079999923706055,433736.6666666667,30,stock,3938328.900241852
VMET,10.149999618530273,360993.3333333333,30,stock,3664082.195625305
VMI,481.4599914550781,179366.66666666666,30,stock,86357873.80065918
VMO,9.529999732971191,174930.0,30,stock,1667082.8532886505
VMRK,65.3499984741211,4831626.666666667,30,stock,315746795.29418945
VNCE,6.400000095367432,88803.33333333333,30,stock,568341.3418022791
VNDA,5.429999828338623,920873.3333333334,30,stock,5000342.041921616
VNME,10.279999732971191,24193.333333333332,30,stock,248707.46020634967
VNO,36.59000015258789,1350530.0,30,stock,49415892.906074524
VNOM,44.38999938964844,1528196.6666666667,30,stock,67836649.10059611
VNRX,0.3499999940395355,15604040.0,30,stock,5461413.906992674
VNT,33.29999923706055,1529720.0,30,stock,50939674.83291626
VNTG,0.5899999737739563,20116.666666666668,30,stock,11868.832805752754
VOGX,31.729999542236328,249361.11111111112,18,stock,7912227.941407098
VOR,25.049999237060547,756433.3333333334,30,stock,18948654.42288717
VOXR,5.760000228881836,451036.6666666667,30,stock,2597971.3032341003
VOYA,104.08999633789062,934460.0,30,stock,97267937.97790527
VOYG,33.939998626708984,1509420.0,30,stock,51229712.727127075
VPG,63.0099983215332,627736.6666666666,30,stock,39553686.31303151
VPV,11.149999618530273,28860.0,30,stock,321788.9889907837
VRA,3.3499999046325684,99796.66666666667,30,stock,334318.82381598157
VRAX,2.625,686006.6666666666,30,stock,1800767.5
VRCA,5.300000190734863,87513.33333333333,30,stock,463820.6833585103
VRDN,22.920000076293945,1553853.3333333333,30,stock,35614318.5185496
VREX,18.510000228881836,1169736.6666666667,30,stock,21651825.967731476
VRM,10.829999923706055,34740.0,30,stock,376234.19734954834
VRME,0.6039999723434448,47836.666666666664,30,stock,28893.345343669254
VRNS,46.09000015258789,1834353.3333333333,30,stock,84545345.41323343
VRRM,4.070000171661377,4901970.0,30,stock,19951018.74147892
VRSK,185.7899932861328,1430036.6666666667,30,stock,265686502.69892377
VRSN,292.0799865722656,728603.3333333334,30,stock,212810451.816508
VRT,280.5299987792969,5663540.0,30,stock,1588792869.286499
VRTS,159.42999267578125,126316.66666666667,30,stock,20138665.24149577
VRTX,546.1199951171875,1208866.6666666667,30,stock,660186258.0973308
VRXA,1.7599999904632568,324413.3333333333,30,stock,570967.46357282
VS,1.2000999450683594,10150.0,30,stock,12181.014442443848
VSAT,75.31999969482422,1901280.0,30,stock,143204409.0197754
VSEC,203.91000366210938,367013.3333333333,30,stock,74837690.14404297
VSH,31.799999237060547,4634976.666666667,30,stock,147392254.46379346
VSME,1.031000018119812,68833.33333333333,30,stock,70967.16791391373
VSNT,38.61000061035156,1677243.3333333333,30,stock,64758366.123708084
VST,149.3000030517578,4600070.0,30,stock,686790465.0382996
VSTM,8.199999809265137,1996230.0,30,stock,16369085.619249344
VSTS,13.260000228881836,1291870.0,30,stock,17130196.495685577
VSXY,75.55999755859375,1822320.0,30,stock,137694494.75097656
VTAK,0.20999999344348907,5361450.0,30,stock,1125904.4648475945
VTEX,3.609999895095825,840873.3333333334,30,stock,3035552.6451222105
VTGN,0.23999999463558197,5028780.0,30,stock,1206907.173023522
VTIX,1.25,1088256.6666666667,30,stock,1360320.8333333335
VTN,10.4399995803833,24790.0,30,stock,258807.58959770203
VTOL,43.31999969482422,237633.33333333334,30,stock,10294275.927480062
VTR,90.2699966430664,3296953.3333333335,30,stock,297615966.3323466
VTRS,16.8799991607666,9546783.333333334,30,stock,161149694.65468726
VTS,17.780000686645508,479070.0,30,stock,8517864.928951263
VTSI,3.0899999141693115,35353.333333333336,30,stock,109241.79696559907
VTVT,33.349998474121094,80673.33333333333,30,stock,2690455.5435689287
VUZI,2.440000057220459,966993.3333333334,30,stock,2359463.788665136
VVOS,0.1860000044107437,21637203.333333332,30,stock,4024519.9154361584
VVR,2.9200000762939453,631750.0,30,stock,1844710.0481987
VVV,32.029998779296875,2077313.3333333333,30,stock,66536343.53088379
VVX,74.18000030517578,619570.0,30,stock,45959702.78907776
VWAV,0.5809999704360962,2306113.3333333335,30,stock,1339851.778488954
VYGR,3.509999990463257,458113.3333333333,30,stock,1607977.7956310906
VYX,9.140000343322754,2387700.0,30,stock,21823578.81975174
VZ,50.13999938964844,20516196.666666668,30,stock,1028682088.3445741
VZLA,4.0,5453080.0,30,stock,21812320.0
W,99.43000030517578,3247230.0,30,stock,322872079.89097595
WAB,282.8599853515625,894843.3333333334,30,stock,253115372.15861005
WABC,59.38999938964844,123066.66666666667,30,stock,7308929.258219401
WAFD,36.29999923706055,483533.3333333333,30,stock,17552259.63109334
WAFU,1.3600000143051147,1853370.0,30,stock,2520583.2265126705
WAL,80.94999694824219,938870.0,30,stock,76001523.63479614
WALD,1.3700000047683716,263630.0,30,stock,361173.1012570858
WASH,40.2599983215332,136653.33333333334,30,stock,5501662.970631918
WAT,409.3800048828125,774536.6666666666,30,stock,317079824.3819173
WATR,1.9199999570846558,153700.0,30,stock,295103.9934039116
WATT,10.729999542236328,189350.0,30,stock,2031725.4133224487
WAY,25.06999969482422,2723290.0,30,stock,68272879.46891785
WBD,28.25,19906063.333333332,30,stock,562346289.1666666
WBI,32.209999084472656,535810.0,30,stock,17258439.609451294
WBTN,9.970000267028809,423663.3333333333,30,stock,4223923.546463648
WBUY,0.8999999761581421,1547426.6666666667,30,stock,1392683.9631064734
WBX,3.319999933242798,18286.666666666668,30,stock,60711.732112566635
WCC,351.4599914550781,587866.6666666666,30,stock,206611613.6433919
WCN,164.8699951171875,1159936.6666666667,30,stock,191238752.56958008
WCT,1.440000057220459,2007086.6666666667,30,stock,2890204.9148464203
WD,42.61000061035156,451783.3333333333,30,stock,19250488.109079994
WDAY,195.7899932861328,4955513.333333333,30,stock,970239922.2626749
WDC,467.4599914550781,7570120.0,30,stock,3538728230.513916
WDFC,207.57000732421875,103503.33333333333,30,stock,21484187.658081055
WDI,12.640000343322754,231973.33333333334,30,stock,2932143.012975057
WEAV,7.329999923706055,4297666.666666667,30,stock,31501896.338780724
WEC,105.94000244140625,2348403.3333333335,30,stock,248789854.86673993
WELL,236.1699981689453,2969796.6666666665,30,stock,701376873.3288065
WEN,8.029999732971191,9191456.666666666,30,stock,73807394.5789496
WENC,10.0,5756.666666666667,30,stock,57566.66666666667
WENN,10.38599967956543,36563.333333333336,30,stock,379746.768283844
WERN,40.040000915527344,1080163.3333333333,30,stock,43249740.85558573
WEST,7.75,374930.0,30,stock,2905707.5
WETH,1.2599999904632568,94433.33333333333,30,stock,118985.99909941354
WETO,2.549999952316284,7486480.833333333,30,stock,19090525.768016774
WEX,193.91000366210938,640353.3333333334,30,stock,124170917.21171062
WEYS,45.369998931884766,24733.333333333332,30,stock,1122151.3069152832
WFC,89.97000122070312,12694726.666666666,30,stock,1142144573.6964924
WFCF,13.8100004196167,5290.0,30,stock,73054.90221977234
WFF,2.0399999618530273,5393783.333333333,30,stock,11003317.794243494
WFG,68.72000122070312,222860.0,30,stock,15314939.472045898
WFRD,95.87999725341797,902266.6666666666,30,stock,86509325.52185059
WGO,31.030000686645508,466936.6666666667,30,stock,14489045.087286633
WGS,85.98999786376953,708700.0,30,stock,60941111.48605347
WH,71.80000305175781,1186350.0,30,stock,85179933.62045288
WHD,70.16000366210938,811426.6666666666,30,stock,56929697.90486653
WHF,7.099999904632568,54020.0,30,stock,383541.99484825134
WHG,18.850000381469727,21256.666666666668,30,stock,400688.1747754415
WHK,27.84000015258789,102673.33333333333,30,stock,2858425.615666707
WHLR,0.4180000126361847,2341647.8333333335,30,stock,978808.823922828
WHR,39.29999923706055,2291096.6666666665,30,stock,90040097.25203195
WHWK,4.599999904632568,360190.0,30,stock,1656873.9656496048
WIA,7.909999847412109,27020.0,30,stock,213728.1958770752
WIMI,1.2100000381469727,133686.66666666666,30,stock,161760.87176640827
WINA,318.1700134277344,48453.333333333336,30,stock,15416397.717285156
WING,109.20500183105469,1287113.3333333333,30,stock,140559213.92344156
WIT,1.809999942779541,7448803.333333333,30,stock,13482333.607109386
WIW,8.279999732971191,247390.0,30,stock,2048389.133939743
WIX,76.20999908447266,1808416.6666666667,30,stock,137819432.51101178
WK,76.55000305175781,805013.3333333334,30,stock,61623773.1233724
WKC,35.400001525878906,1067730.0,30,stock,37797643.629226685
WKHS,3.0899999141693115,115920.0,30,stock,358192.7900505066
WKSP,0.5600000023841858,6994533.333333333,30,stock,3916938.6833429337
WLCO,9.8100004196167,27230.0,20,stock,267126.3114261627
WLDN,85.77999877929688,256936.66666666666,30,stock,22040026.953023273
WLDS,1.8300000429153442,1533326.6666666667,30,stock,2805987.8658032417
WLFC,56.220001220703125,234436.66666666666,30,stock,13180029.68617757
WLII,10.260000228881836,23173.333333333332,30,stock,237758.40530395508
WLK,74.79000091552734,1007980.0,30,stock,75386825.12283325
WLTH,9.579999923706055,1056870.0,30,stock,10124814.519367218
WLY,48.189998626708984,481933.86666666664,30,stock,23224392.372831218
WLYB,48.68000030517578,2416.4,30,stock,117630.35273742676
WM,218.99000549316406,2116626.6666666665,30,stock,463520085.36031085
WMB,74.1500015258789,7095316.666666667,30,stock,526117741.65992737
WMG,28.780000686645508,2087360.0,30,stock,60074222.23327637
WMK,71.9800033569336,158680.0,30,stock,11421786.932678223
WMS,135.75999450683594,673273.3333333334,30,stock,91403584.03493246
WMT,107.13999938964844,26482323.333333332,30,stock,2837316105.769806
WNC,14.3100004196167,939470.0,30,stock,13443816.0942173
WNEB,13.890000343322754,55143.333333333336,30,stock,765940.9189319611
WNW,2.3399999141693115,1047613.3333333334,30,stock,2451415.1100826263
WOK,2.0999999046325684,376606.6666666667,30,stock,790873.9640839895
WOLF,28.350000381469727,4160113.3333333335,30,stock,117939214.5869573
WOOF,2.700000047683716,2114883.3333333335,30,stock,5710185.100845496
WOR,62.4900016784668,232180.0,30,stock,14508928.58970642
WPAC,10.050000190734863,11806.666666666666,30,stock,118657.00225194295
WPC,70.37999725341797,1216420.0,30,stock,85611636.25900269
WPM,154.97999572753906,2310770.0,30,stock,358123124.72732544
WPRT,1.909999966621399,68170.0,30,stock,130204.69772458076
WRAP,1.6699999570846558,770573.3333333334,30,stock,1286857.4335972469
WRB,69.13999938964844,1643110.0,30,stock,113604624.39712524
WRBY,24.350000381469727,2480750.0,30,stock,60406263.446331024
WRLD,190.5399932861328,95633.33333333333,30,stock,18221974.691263832
WRN,2.4000000953674316,967020.0,30,stock,2320848.0922222137
WS,36.16999816894531,236280.0,30,stock,8546247.167358398
WSBC,41.33000183105469,813160.0,30,stock,33607904.28894043
WSBF,21.520000457763672,61573.333333333336,30,stock,1325058.1615193686
WSBK,12.989999771118164,9786.666666666666,30,stock,127128.79776000975
WSC,19.979999542236328,3059223.3333333335,30,stock,61123280.799598694
WSE,12.779999732971191,1065923.3333333333,30,stock,13622499.915367762
WSFS,79.37000274658203,338683.3333333333,30,stock,26881297.09688822
WSHP,5.039999961853027,519020.0,30,stock,2615860.7802009583
WSM,227.4199981689453,1054373.3333333333,30,stock,239785581.53605142
WSO,315.1300048828125,562553.3333333334,30,stock,177277434.68017578
WSO-B,316.04998779296875,166.66666666666666,30,stock,52674.99796549479
WST,339.9700012207031,551123.3333333334,30,stock,187365400.3060913
WSTN,10.180000305175781,14930.0,30,stock,151987.4045562744
WT,24.889999389648438,2520963.3333333335,30,stock,62746775.82799276
WTBA,29.290000915527344,66916.66666666667,30,stock,1959989.2279307048
WTF,2.7300000190734863,4743.333333333333,30,stock,12949.300090471903
WTFC,154.1199951171875,514690.0,30,stock,79324020.28686523
WTG,10.585000038146973,58806.666666666664,30,stock,622468.5689099629
WTI,3.819999933242798,3716793.3333333335,30,stock,14198150.28521061
WTM,2103.489990234375,21393.333333333332,30,stock,45000662.52441406
WTRG,41.70000076293945,2125536.6666666665,30,stock,88634880.62165578
WTS,363.1300048828125,200293.33333333334,30,stock,72732519.11132812
WTTR,20.059999465942383,1600250.0,30,stock,32101014.145374298
WTW,334.739990234375,545556.6666666666,30,stock,182619633.27229816
WU,7.179999828338623,11233703.333333334,30,stock,80657988.00494036
WULF,16.510000228881836,31669103.333333332,30,stock,522856903.2818158
WVE,4.860000133514404,3370513.3333333335,30,stock,16380695.250012081
WVVI,2.2300000190734863,22180.0,30,stock,49461.40042304993
WW,18.020000457763672,218736.66666666666,30,stock,3941634.8334630327
WWD,346.2200012207031,631303.3333333334,30,stock,218569840.83730063
WWR,0.5600000023841858,6403243.333333333,30,stock,3585816.2819331884
WWW,20.760000228881836,845773.3333333334,30,stock,17558254.593582153
WXM,4.510000228881836,1510520.0,30,stock,6812445.545730591
WY,23.020000457763672,5265886.666666667,30,stock,121220713.47719829
WYFI,19.540000915527344,2605200.0,30,stock,50905610.385131836
WYNN,91.54000091552734,1582636.6666666667,30,stock,144874561.91561383
WYY,10.920000076293945,131653.33333333334,30,stock,1437654.4100443523
XAIR,3.5299999713897705,401166.6666666667,30,stock,1416118.321855863
XBIO,4.670000076293945,61426.666666666664,30,stock,286862.53801981604
XBIT,2.200000047683716,42530.0,30,stock,93566.00202798843
XBP,3.0999999046325684,19046.666666666668,30,stock,59044.66485023499
XCBE,10.0,31296.666666666668,30,stock,312966.6666666667
XCUR,1.25,39976.666666666664,30,stock,49970.83333333333
XE,17.709999084472656,5823546.666666667,30,stock,103135006.13505046
XEL,75.72000122070312,4937056.666666667,30,stock,373833936.82668054
XELB,0.910099983215332,95376.66666666667,30,stock,86802.30273246765
XENE,59.75,638016.6666666666,30,stock,38121495.83333333
XERS,8.529999732971191,1559290.0,30,stock,13300743.283624649
XFLH,9.960000038146973,3283.3333333333335,30,stock,32702.00012524923
XFLT,19.450000762939453,74473.33333333333,30,stock,1448506.3901519775
XFOR,4.039999961853027,617743.3333333334,30,stock,2495683.043101629
XGN,7.579999923706055,393700.0,30,stock,2984245.9699630737
XHLD,9.239999771118164,7039666.666666667,30,stock,65046518.38874817
XHR,17.969999313354492,712406.6666666666,30,stock,12801947.310829163
XLAB,4.389999866485596,354310.0,30,stock,1555420.8526945114
XLO,9.0,13993.333333333334,30,stock,125940.0
XMAX,8.630000114440918,558310.0,30,stock,4818215.363893509
XMTR,92.52999877929688,579416.6666666666,30,stock,53613423.459370926
XNCR,26.610000610351562,1275713.3333333333,30,stock,33946732.57863362
XNDU,9.720000267028809,1253203.3333333333,30,stock,12181136.734641392
XOM,159.47000122070312,14182200.0,30,stock,2261635451.312256
XOS,3.049999952316284,5880540.0,30,stock,17935646.719594
XP,19.860000610351562,4790156.666666667,30,stock,95132514.32367961
XPEL,51.45000076293945,214590.0,30,stock,11040655.663719177
XPER,5.789999961853027,483976.6666666667,30,stock,2802224.8815377555
XPL,0.5899999737739563,167903.33333333334,30,stock,99062.96226322651
XPO,193.10000610351562,965440.0,30,stock,186426469.89257812
XPOF,4.909999847412109,951780.0,30,stock,4673239.654769897
XPON,5.860000133514404,5244946.666666667,30,stock,30735388.166942596
XPRO,17.959999084472656,869033.3333333334,30,stock,15607837.871042889
XRAY,11.380000114440918,4256993.333333333,30,stock,48444584.62050755
XRN,36.959999084472656,89226.66666666667,30,stock,3297817.518310547
XRPN,10.550000190734863,57373.333333333336,30,stock,605288.6776097616
XRTX,2.309999942779541,10653.333333333334,30,stock,24609.199390411377
XRX,3.319999933242798,3499956.6666666665,30,stock,11619855.899686018
XSLL,9.989999771118164,27836.666666666668,30,stock,278088.2936286926
XTIA,1.059999942779541,825133.3333333334,30,stock,874641.2861188253
XTNT,0.3799999952316284,3382663.3333333335,30,stock,1285412.050536871
XWEL,0.9800000190734863,34706.666666666664,30,stock,34012.53399531046
XXI,6.099999904632568,1455763.3333333333,30,stock,8880156.194500923
XXII,2.450000047683716,33556.666666666664,30,stock,82213.83493343988
XYL,105.69000244140625,1824713.3333333333,30,stock,192853956.65486652
XYZ,82.76000213623047,4719716.666666667,30,stock,390603761.4157359
XZO,16.549999237060547,177413.33333333334,30,stock,2936190.531311035
YAAS,1.5800000429153442,1118310.0,30,stock,1766929.8479926586
YARW,30.209999084472656,33913.333333333336,30,stock,1024521.7689514161
YCBD,0.47600001096725464,224236.66666666666,30,stock,106736.65579259396
YCY,10.260000228881836,34233.333333333336,30,stock,351234.0078353882
YDDL,1.649999976158142,1240493.3333333333,30,stock,2046813.970424334
YDES,3.5399999618530273,132393.33333333334,30,stock,468672.39494959515
YDKG,0.8799999952316284,22300.0,30,stock,19623.999893665314
YELP,21.65999984741211,1076963.3333333333,30,stock,23327025.635668434
YETI,40.81999969482422,1723133.3333333333,30,stock,70338302.1408081
YEXT,6.510000228881836,945080.0,30,stock,6152471.0163116455
YHC,1.4299999475479126,217580.0,30,stock,311139.3885874748
YHGJ,2.880000114440918,3710.0,30,stock,10684.800424575806
YHNA,11.029999732971191,23063.333333333332,30,stock,254388.56050809223
YIBO,1.159999966621399,74830.0,30,stock,86802.79750227928
YICC,9.949999809265137,68246.66666666667,30,stock,679054.3203163147
YJ,2.0299999713897705,6908713.333333333,30,stock,14024687.869006792
YMAT,1.690000057220459,56826.666666666664,30,stock,96037.0699183146
YORW,34.04999923706055,115336.66666666667,30,stock,3927213.412005107
YOU,44.33000183105469,1751976.6666666667,30,stock,77665128.84129843
YSS,8.960000038146973,3202843.3333333335,30,stock,28697476.388845444
YSWY,24.790000915527344,335253.3333333333,30,stock,8310930.440266927
YSXT,1.559999942779541,53533.333333333336,30,stock,83511.9969367981
YTRA,0.9900000095367432,37823.333333333336,30,stock,37445.10036071142
YUM,150.7100067138672,2367556.6666666665,30,stock,356814481.1287943
YUMC,43.599998474121094,1577536.6666666667,30,stock,68780596.25953674
YXT,2.630000114440918,2524193.3333333335,30,stock,6638628.755537669
YYAI,0.8420000076293945,3373653.3333333335,30,stock,2840616.132405599
Z,34.59000015258789,3671306.6666666665,30,stock,126990498.16019693
ZBAO,0.16599999368190765,25189993.333333332,30,stock,4181538.7341806293
ZBH,98.06999969482422,2138463.3333333335,30,stock,209719098.4473928
ZBIO,32.880001068115234,691376.6666666666,30,stock,22732465.538469948
ZBRA,362.739990234375,774040.0,30,stock,280775262.0410156
ZCMD,0.8510000109672546,4030953.3333333335,30,stock,3430341.3308751583
ZD,55.70000076293945,574680.0,30,stock,32009676.438446045
ZDAI,1.659999966621399,41410.0,30,stock,68740.59861779213
ZDGE,2.9800000190734863,94600.0,30,stock,281908.0018043518
ZENA,1.6799999475479126,5124203.333333333,30,stock,8608661.331224838
ZEO,0.24400000274181366,2552720.0,30,stock,622863.6869990826
ZETA,31.350000381469727,9113896.666666666,30,stock,285720663.9766756
ZG,35.31999969482422,1213336.6666666667,30,stock,42855050.696385704
ZGN,12.5600004196167,1014353.3333333334,30,stock,12740278.292306265
ZIM,28.579999923706055,1782590.0,30,stock,50946422.063999176
ZION,69.37000274658203,1311576.6666666667,30,stock,90984076.96901958
ZIP,4.21999979019165,1048673.3333333333,30,stock,4425401.246646245
ZJK,2.2699999809265137,111273.33333333333,30,stock,252590.46454429626
ZJYL,2.0799999237060547,1445916.6666666667,30,stock,3007506.5563519797
ZKIN,1.1399999856948853,20660.0,30,stock,23552.39970445633
ZKP,10.029999732971191,7476.666666666667,30,stock,74990.96467018127
ZM,101.33000183105469,3292673.3333333335,30,stock,333646594.8957316
ZNB,1.600000023841858,1093236.6666666667,30,stock,1749178.69273146
ZNTL,3.990000009536743,1049900.0,30,stock,4189101.0100126266
ZONE,0.15399999916553497,10666023.333333334,30,stock,1642567.58443291
ZOOZ,7.739999771118164,26116.666666666668,30,stock,202142.99402236938
ZS,169.8000030517578,2682510.0,30,stock,455490206.18637085
ZSQR,2.950000047683716,357553.3333333333,30,stock,1054782.3503828049
ZSTK,4.300000190734863,949373.3333333334,30,stock,4082305.5144119263
ZTG,0.7599999904632568,2040403.3333333333,30,stock,1550706.5138745308
ZTR,6.769999980926514,99250.0,30,stock,671922.4981069565
ZTS,75.80999755859375,5956230.0,30,stock,451541781.75842285
ZUMZ,18.030000686645508,227550.0,30,stock,4102726.6562461853
ZURA,6.230000019073486,1257896.6666666667,30,stock,7836696.2573258085
ZVIA,1.3700000047683716,389596.6666666667,30,stock,533747.4351910751
ZVRA,12.399999618530273,1048503.3333333334,30,stock,13001440.933361053
ZWS,47.61000061035156,863243.3333333334,30,stock,41099015.62688192
ZYBT,1.6100000143051147,3147820.0,30,stock,5067990.245029926
ZYME,29.190000534057617,632173.3333333334,30,stock,18453139.937616985
BASG,28.400999069213867,12280.0,30,etf,348764.2685699463
BASV,31.902000427246094,14466.666666666666,30,etf,461515.6061808268
BATT,15.53600025177002,37696.666666666664,30,etf,585655.4228242238
BAUG,55.45600128173828,55740.0,30,etf,3091117.511444092
BBAG,44.91999816894531,140103.33333333334,30,etf,6293441.476796469
BBAX,65.69000244140625,187356.66666666666,30,etf,12307459.89074707
BBB,31.88800048828125,3080.0,30,etf,98215.04150390625
BBBI,50.154998779296875,16430.0,30,etf,824046.6299438477
BBBL,45.733001708984375,1086.6666666666667,30,etf,49696.52852376302
BBBS,50.494998931884766,25526.666666666668,30,etf,1288969.0060679119
BBC,53.709999084472656,15980.0,30,etf,858285.785369873
BBCA,106.9800033569336,219310.0,30,etf,23461784.536209106
BBCB,44.20500183105469,11416.666666666666,30,etf,504673.770904541
BBEM,78.8280029296875,43643.333333333336,30,etf,3440316.807861328
BBEU,80.01000213623047,248190.0,30,etf,19857682.43019104
BBH,241.1199951171875,10170.0,30,etf,2452190.350341797
BBHL,17.260000228881836,26640.0,30,etf,459806.4060974121
BBHM,11.817999839782715,137883.33333333334,30,etf,1629505.2112420402
BBHY,45.5,49140.0,30,etf,2235870.0
BBIB,96.05999755859375,1676.6666666666667,30,etf,161060.59590657553
BBIN,81.37200164794922,214193.33333333334,30,etf,17429340.272979736
BBJP,79.30000305175781,1464676.6666666667,30,etf,116148864.13650513
BBLB,77.66600036621094,1750.0,30,etf,135915.50064086914
BBLU,17.3700008392334,73480.0,30,etf,1276347.6616668701
BBMC,126.81099700927734,16183.333333333334,30,etf,2052224.6349334717
BBP,108.3270034790039,9533.333333333334,30,etf,1032717.433166504
BBRE,105.62000274658203,50183.333333333336,30,etf,5300363.804499309
BBSB,97.76499938964844,1003.3333333333334,30,etf,98090.88272094727
BBSC,90.19200134277344,5880.0,30,etf,530328.9678955078
BBUL,10.3100004196167,10096.666666666666,30,etf,104096.63757006326
BBUS,138.97999572753906,168960.0,30,etf,23482060.078125
BBYY,8.887999534606934,3053.3333333333335,30,etf,27138.025245666504
BCCC,13.213000297546387,13343.333333333334,30,etf,176305.46730359396
BCD,38.650001525878906,46826.666666666664,30,etf,1809850.7381184895
BCDF,34.0099983215332,963.3333333333334,30,etf,32762.965049743652
BCEM,27.209999084472656,11473.333333333334,30,etf,312189.3894958496
BCFN,23.565000534057617,2063.3333333333335,30,etf,48622.45110193889
BCGD,26.649999618530273,1430.0,30,etf,38109.49945449829
BCGS,27.920000076293945,1083.3333333333333,30,etf,30246.66674931844
BCI,25.93000030517578,1352463.3333333333,30,etf,35069374.64607239
BCIL,29.819000244140625,3846.6666666666665,30,etf,114703.75427246094
BCKT,39.43000030517578,146.66666666666666,30,etf,5783.066711425781
BCLO,49.65999984741211,14506.666666666666,30,etf,720401.064453125
BCOR,27.003999710083008,2020.0,30,etf,54548.079414367676
BCPL,24.389999389648438,70850.0,30,etf,1728031.4567565918
BCSM,24.658000946044922,7026.666666666667,30,etf,173263.55331420898
BCTK,30.06800079345703,72173.33333333333,30,etf,2170107.8439331055
BCUS,35.40599822998047,8930.0,30,etf,316175.5641937256
BD,24.639999389648438,283.3333333333333,30,etf,6981.33316040039
BDBT,24.71500015258789,46783.333333333336,30,etf,1156250.0904719036
BDCX,20.94300079345703,1916.6666666666667,30,etf,40140.75152079265
BDCZ,15.513999938964844,1120.0,30,etf,17375.679931640625
BDEC,54.73500061035156,8546.666666666666,30,etf,467801.8052164713
BDGS,37.125999450683594,3270.0,30,etf,121402.01820373535
BDIV,24.860000610351562,3180.0,30,etf,79054.80194091797
BDRY,16.559999465942383,45620.0,30,etf,755467.1756362915
BDVG,15.159000396728516,17646.666666666668,30,etf,267505.8270009359
BDVL,26.80699920654297,228926.66666666666,30,etf,6136836.971689859
BDYN,28.229999542236328,389660.0,30,etf,11000101.621627808
BEDY,29.886999130249023,109280.0,30,etf,3266051.2649536133
BEEX,27.94099998474121,8350.0,30,etf,233307.3498725891
BEEZ,34.81800079345703,286.6666666666667,30,etf,9981.160227457684
BEG,44.779998779296875,437626.6666666667,30,etf,19596921.599121094
BEMB,52.53499984741211,1236.6666666666667,30,etf,64968.28314463298
BENJ,53.15999984741211,66053.33333333333,30,etf,3511395.189921061
BERZ,19.170000076293945,75386.66666666667,30,etf,1445162.4057515464
BESF,41.439998626708984,1576.6666666666667,30,etf,65337.0645014445
BESO,33.31999969482422,283.3333333333333,30,etf,9440.666580200195
BETE,38.720001220703125,2216.6666666666665,30,etf,85829.33603922525
BETH,44.20899963378906,1410.0,30,etf,62334.68948364258
BETZ,19.368999481201172,7000.0,30,etf,135582.9963684082
BEX,32.04999923706055,3045190.0,30,etf,97598337.1767044
BEZ,7.210000038146973,1797640.0,30,etf,12960984.468574524
BFAP,15.65999984741211,683.3333333333334,30,etf,10700.99989573161
BFEB,54.073001861572266,5346.666666666667,30,etf,289110.31661987305
BFEW,21.829999923706055,1093.3333333333333,30,etf,23867.466583251953
BFIX,24.90999984741211,1633.3333333333333,30,etf,40686.333084106445
BFJA,18.80299949645996,1020.0,30,etf,19179.05948638916
BFJL,18.6299991607666,310.0,30,etf,5775.2997398376465
BFLB,55.59600067138672,16013.333333333334,30,etf,890277.2907511394
BFLX,26.059999465942383,787910.0,30,etf,20532934.179210663
BFOC,17.000999450683594,14026.666666666666,30,etf,238467.35229492188
BFOR,24.100000381469727,46200.0,30,etf,1113420.0176239014
BFRZ,27.059999465942383,56520.0,30,etf,1529431.1698150635
BFXU,23.81999969482422,533.3333333333334,30,etf,12703.999837239584
BGCG,28.3700008392334,13430.0,30,etf,381009.11127090454
BGDV,31.011999130249023,14390.0,30,etf,446262.66748428345
BGEG,24.020000457763672,1590.0,30,etf,38191.80072784424
BGFI,25.030000686645508,127.58620689655173,29,etf,3193.4828462271857
BGGG,35.84000015258789,51526.666666666664,30,etf,1846715.7411956787
BGIA,25.889999389648438,790.0,30,etf,20453.099517822266
BGIG,36.540000915527344,114616.66666666667,30,etf,4188093.1049346924
BGLD,16.969999313354492,32580.0,30,etf,552882.5776290894
BGRN,46.6619987487793,23360.0,30,etf,1090024.2907714844
BGRO,43.52799987792969,826.6666666666666,30,etf,35983.1465657552
BGUS,26.829999923706055,12417.241379310344,29,etf,333154.5852595362
BHDG,22.280000686645508,8550.0,30,etf,190494.0058708191
BHYB,53.72999954223633,312933.3333333333,30,etf,16813907.85675049
BIB,120.0,11076.666666666666,30,etf,1329200.0
BIBL,55.310001373291016,40253.333333333336,30,etf,2226411.921946208
BIDD,31.209999084472656,53433.333333333336,30,etf,1667654.2844136558
BIDG,8.043000221252441,65693.33333333333,30,etf,528371.4945348103
BIGY,52.19900131225586,8053.333333333333,30,etf,420375.9572347005
BIL,91.44999694824219,9237046.666666666,30,etf,844727889.4774373
BILD,29.388999938964844,336.6666666666667,30,etf,9894.296646118164
BILS,99.19000244140625,295340.0,30,etf,29294775.321044922
BILT,27.56100082397461,16100.0,30,etf,443732.1132659912
BILZ,100.71499633789062,177110.0,30,etf,17837633.00140381
BINC,51.68000030517578,1944640.0,30,etf,100498995.79345703
BINT,33.380001068115234,35846.666666666664,30,etf,1196561.771621704
BINV,45.37200164794922,29796.666666666668,30,etf,1351934.4091033936
BIOY,21.170000076293945,2070.0,30,etf,43821.90015792847
BIS,10.970000267028809,8346.666666666666,30,etf,91562.93556213379
BITA,60.400001525878906,26693.333333333332,30,etf,1612277.3740641274
BITB,43.310001373291016,1343096.6666666667,30,etf,58169518.47779592
BITC,41.23400115966797,4836.666666666667,30,etf,199435.11894226074
BITI,18.559999465942383,1382830.0,30,etf,25665324.061489105
BITO,10.739999771118164,87140730.0,30,etf,935891420.2550697
BITQ,26.6200008392334,97040.0,30,etf,2583204.881439209
BITS,67.0790023803711,1810.0,30,etf,121412.99430847168
BITU,14.140000343322754,4847073.333333333,30,etf,68537618.5974439
BITW,51.95399856567383,32093.333333333332,30,etf,1667376.993967692
BITX,18.25,11366616.666666666,30,etf,207440754.16666666
BITY,28.350000381469727,3523.3333333333335,30,etf,99886.50134404501
BIV,74.94000244140625,1398196.6666666667,30,etf,104780861.61356609
BIZD,13.329999923706055,2954243.3333333335,30,etf,39380063.40794246
BJAN,60.54499816894531,5610.0,30,etf,339657.4397277832
BJUL,55.68000030517578,9610.0,30,etf,535084.8029327393
BJUN,49.854000091552734,69696.66666666667,30,etf,3474657.626380921
BKAG,41.099998474121094,440280.0,30,etf,18095507.328186035
BKCG,39.119998931884766,1956.6666666666667,30,etf,76544.79791005453
BKCH,74.91000366210938,66763.33333333333,30,etf,5001241.544494629
BKCI,53.67100143432617,4153.333333333333,30,etf,222913.55929056802
BKDV,34.78499984741211,337823.3333333333,30,etf,11751184.59845225
BKEM,31.315000534057617,28296.666666666668,30,etf,886110.131778717
BKF,40.970001220703125,3540.0,30,etf,145033.80432128906
BKFI,23.389999389648438,21993.333333333332,30,etf,514424.0532430013
BKGI,44.34000015258789,433466.6666666667,30,etf,19219912.066141766
BKHY,47.02000045776367,25860.0,30,etf,1215937.2118377686
BKIE,34.880001068115234,122640.0,30,etf,4277683.330993652
BKLC,49.25,427766.6666666667,30,etf,21067508.333333336
BKLG,25.75,136.66666666666666,30,etf,3519.1666666666665
BKLN,20.610000610351562,6616543.333333333,30,etf,136366962.13841754
BKMC,40.72700119018555,22180.0,30,etf,903324.8863983154
BKMI,25.704999923706055,136553.33333333334,30,etf,3510103.422915141
BKMS,25.364999771118164,45650.0,30,etf,1157912.2395515442
BKSE,44.29399871826172,5083.333333333333,30,etf,225161.16015116373
BKUI,49.57500076293945,36870.0,30,etf,1827830.2781295776
BLCR,49.869998931884766,378856.6666666667,30,etf,18893581.56200409
BLCV,43.26900100708008,9670.0,30,etf,418411.23973846436
BLDG,26.854999542236328,25810.0,30,etf,693127.5381851196
BLDX,25.770000457763672,2566.6666666666665,30,etf,66143.00117492676
BLES,49.8650016784668,10873.333333333334,30,etf,542198.7849171957
BLGR,32.53099822998047,24783.333333333332,30,etf,806226.5727996826
BLOK,65.2300033569336,202453.33333333334,30,etf,13206031.61295573
BLOX,14.300000190734863,363253.3333333333,30,etf,5194522.735951741
BLSG,3.513000011444092,168236.66666666666,30,etf,591015.4119253159
BLST,24.764999389648438,16110.0,30,etf,398964.1401672363
BLTD,24.329999923706055,18623.333333333332,30,etf,453105.6985791524
BLUC,32.02299880981445,28690.0,30,etf,918739.8358535767
BLUI,25.6200008392334,13180.0,30,etf,337671.6110610962
BLUX,32.5890007019043,41006.666666666664,30,etf,1336366.2887827554
BLV,65.83000183105469,692420.0,30,etf,45582009.86785889
BMAR,59.165000915527344,35060.0,30,etf,2074324.9320983887
BMAY,48.599998474121094,5873.333333333333,30,etf,285443.9910380045
BMED,34.029998779296875,2026.6666666666667,30,etf,68967.46419270834
BMNG,26.457000732421875,496166.6666666667,30,etf,13127081.86340332
BMNU,19.489999771118164,4327980.0,30,etf,84352329.20940399
BMNZ,5.360000133514404,2187820.0,30,etf,11726715.492105484
BMOP,24.375,109966.66666666667,30,etf,2680437.5
BMVP,54.439998626708984,833.3333333333334,30,etf,45366.66552225749
BND,71.94999694824219,7912696.666666667,30,etf,569318501.0190328
BNDC,21.709999084472656,10796.666666666666,30,etf,234395.62344868976
BNDD,96.63899993896484,3706.6666666666665,30,etf,358208.559773763
BNDI,46.255001068115234,27403.333333333332,30,etf,1267541.212603251
BNDP,72.72200012207031,5236.666666666667,30,etf,380820.8739725749
BNDS,50.26499938964844,25970.0,30,etf,1305382.03414917
BNDW,67.13999938964844,118010.0,30,etf,7923191.327972412
BNDX,47.45000076293945,4000366.6666666665,30,etf,189817401.38537088
BNDY,24.600000381469727,257673.33333333334,30,etf,6338764.098294577
BNGE,32.52299880981445,350.0,30,etf,11383.049583435059
BNKD,26.0049991607666,323.3333333333333,30,etf,8408.283061981201
BNKU,46.237998962402344,5466.666666666667,30,etf,252767.7276611328
BNMC,62.650001525878906,286.6666666666667,30,etf,17959.66710408529
BNO,56.11000061035156,1687366.6666666667,30,etf,94678144.69655356
BNOV,49.209999084472656,16870.0,30,etf,830172.6845550537
BOAT,50.849998474121094,41833.333333333336,30,etf,2127224.9361673994
BOBP,30.270000457763672,2323.3333333333335,30,etf,70327.3010635376
BOCT,54.75,5946.666666666667,30,etf,325580.0
BOEG,12.392000198364258,41700.0,30,etf,516746.40827178955
BOEU,31.268999099731445,32623.333333333332,30,etf,1020098.9806302388
BOIL,20.389999389648438,4630133.333333333,30,etf,94408415.84065755
BOND,90.04000091552734,571876.6666666666,30,etf,51491775.59023539
BOTT,42.65800094604492,21340.0,30,etf,910321.7401885986
BOTZ,35.95000076293945,683936.6666666666,30,etf,24587523.688468933
BOUT,44.66999816894531,2213.3333333333335,30,etf,98869.59594726562
BOXA,104.7229995727539,1293.3333333333333,30,etf,135441.74611409503
BOXX,118.12999725341797,3232313.3333333335,30,etf,381833165.18885297
BPAY,27.81100082397461,3263.3333333333335,30,etf,90756.56602223715
BPH,68.4540023803711,823.3333333333334,30,etf,56360.46195983887
BPI,24.875,1593.3333333333333,30,etf,39634.166666666664
BPRO,21.775999069213867,5863.333333333333,30,etf,127679.9412091573
BRAZ,32.46200180053711,303.3333333333333,30,etf,9846.80721282959
BRCE,30.520000457763672,1136.6666666666667,30,etf,34691.06718699138
BREE,27.84000015258789,1003.3333333333334,30,etf,27932.80015309652
BREM,50.71099853515625,1423.3333333333333,30,etf,72178.65458170572
BRES,27.149999618530273,7923.333333333333,30,etf,215118.4969774882
BRF,16.829999923706055,6176.666666666667,30,etf,103953.29952875774
BRHY,50.73500061035156,14823.333333333334,30,etf,752061.8257141113
BRIB,24.649999618530273,57023.333333333336,30,etf,1405625.1449139914
BRIE,31.520000457763672,147143.33333333334,30,etf,4637957.93402354
BRIF,37.50299835205078,9186.666666666666,30,etf,344527.54486083984
BRKC,39.736000061035156,4853.333333333333,30,etf,192852.05362955728
BRKL,24.290000915527344,550.0,30,etf,13359.500503540039
BRKU,22.959999084472656,113060.0,30,etf,2595857.4964904785
BRKW,38.939998626708984,3750.0,30,etf,146024.9948501587
BRLN,50.88999938964844,6100.0,30,etf,310428.99627685547
BRNY,58.8650016784668,22790.0,30,etf,1341533.3882522583
BROL,26.110000610351562,2823.3333333333335,30,etf,73717.23505655925
BRRR,22.510000228881836,49253.333333333336,30,etf,1108692.5446065268
BRTR,49.23099899291992,94420.0,30,etf,4648390.924911499
BRZU,104.69000244140625,31233.333333333332,30,etf,3269817.742919922
BRZX,27.270000457763672,140.0,30,etf,3817.800064086914
BSCA,19.639999389648438,22460.0,30,etf,441114.3862915039
BSCQ,19.540000915527344,1017183.3333333334,30,etf,19875763.26459249
BSCR,19.625,607600.0,30,etf,11924150.0
BSCS,20.299999237060547,761990.0,30,etf,15468396.418647766
BSCT,18.46500015258789,573110.0,30,etf,10582476.237449646
BSCU,16.454999923706055,685356.6666666666,30,etf,11277543.897711435
BSCV,16.145000457763672,443286.6666666667,30,etf,7156863.436253866
BSCW,20.1200008392334,351123.3333333333,30,etf,7064601.761341095
BSCX,20.625,171700.0,30,etf,3541312.5
BSCY,20.19499969482422,148030.0,30,etf,2989465.804824829
BSCZ,19.934999465942383,147710.0,30,etf,2944598.7711143494
BSEP,54.310001373291016,81520.0,30,etf,4427351.311950684
BSGR,25.030000686645508,6093.333333333333,30,etf,152516.13751729327
BSGT,24.920000076293945,5366.666666666667,30,etf,133737.33374277753
BSJQ,22.920000076293945,289576.6666666667,30,etf,6637097.222092947
BSJR,22.364999771118164,175350.0,30,etf,3921702.70986557
BSJS,21.760000228881836,134306.66666666666,30,etf,2922513.097407023
BSJT,21.114999771118164,140256.66666666666,30,etf,2961519.484564463
BSJU,25.635000228881836,68516.66666666667,30,etf,1756424.7656822207
BSJV,25.875,46120.0,30,etf,1193355.0
BSJW,25.190000534057617,17620.0,30,etf,443847.8094100952
BSJX,24.992000579833984,7943.333333333333,30,etf,198519.79127248126
BSJY,24.889999389648438,990.0,30,etf,24641.099395751953
BSMC,40.44499969482422,10750.0,30,etf,434783.74671936035
BSMQ,23.489999771118164,29080.0,30,etf,683089.1933441162
BSMR,23.584999084472656,52656.666666666664,30,etf,1241907.435124715
BSMS,23.274999618530273,63680.0,30,etf,1482151.9757080078
BSMT,22.770000457763672,48990.0,30,etf,1115502.3224258423
BSMU,21.552000045776367,45730.0,30,etf,985572.9620933533
BSMV,20.6299991607666,47290.0,30,etf,975592.6603126526
BSMW,24.459999084472656,34026.666666666664,30,etf,832292.2355143229
BSMY,23.6200008392334,25853.333333333332,30,etf,610655.7550303141
BSMZ,24.46299934387207,21323.333333333332,30,etf,521632.6893424987
BSOL,13.949999809265137,3287710.0,30,etf,45863553.87291908
BSR,30.804000854492188,850.0,30,etf,26183.40072631836
BSSX,24.9689998626709,24350.0,30,etf,607995.1466560364
BSTP,40.314998626708984,3460.0,30,etf,139489.8952484131
BSTS,24.979999542236328,4463.333333333333,30,etf,111494.0646235148
BSTU,24.860000610351562,3196.6666666666665,30,etf,79469.13528442383
BSTV,24.81999969482422,4980.0,30,etf,123603.59848022461
BSV,77.22000122070312,2512996.6666666665,30,etf,194053605.66762286
BSVO,29.8799991607666,123066.66666666667,30,etf,3677231.8967183433
BTAL,12.069999694824219,627440.0,30,etf,7573200.608520508
BTC,35.310001373291016,1870636.6666666667,30,etf,66052183.26892853
BTCC,13.720000267028809,22466.666666666668,30,etf,308242.67266591394
BTCI,32.880001068115234,505706.6666666667,30,etf,16627635.740152996
BTCL,18.579999923706055,83103.33333333333,30,etf,1544059.926993052
BTCO,79.41999816894531,54290.0,30,etf,4311711.700592041
BTCW,84.4000015258789,21653.333333333332,30,etf,1827541.3663736978
BTCZ,3.319999933242798,12533856.666666666,30,etf,41612403.29660813
BTDL,19.389999389648438,36370.0,30,etf,705214.2778015137
BTF,21.86400032043457,5116.666666666667,30,etf,111870.80163955688
BTGD,27.865999221801758,30440.0,30,etf,848241.0163116455
BTOT,48.654998779296875,1013.3333333333334,30,etf,49303.73209635417
BTR,28.354999542236328,1026.6666666666667,30,etf,29111.132863362633
BTRN,26.673999786376953,363.3333333333333,30,etf,9691.553255716959
BUCK,23.25,218403.33333333334,30,etf,5077877.5
BUFB,40.34000015258789,27416.666666666668,30,etf,1105988.3375167847
BUFC,43.36000061035156,32943.333333333336,30,etf,1428422.9534403484
BUFD,30.399999618530273,273653.3333333333,30,etf,8319061.22894287
BUFE,22.06999969482422,4093.3333333333335,30,etf,90339.86541748047
BUFF,53.880001068115234,102426.66666666667,30,etf,5518748.909403483
BUFG,29.979999542236328,38293.333333333336,30,etf,1148034.1158040366
BUFH,21.665000915527344,21140.0,30,etf,457998.11935424805
BUFI,43.540000915527344,14523.333333333334,30,etf,632345.9466298422
BUFM,41.22999954223633,21086.666666666668,30,etf,869403.2570139568
BUFP,32.88999938964844,44766.666666666664,30,etf,1472375.6393432617
BUFQ,39.849998474121094,139800.0,30,etf,5571029.786682129
BUFR,37.5,1368233.3333333333,30,etf,51308750.0
BUFS,25.323999404907227,28330.0,30,etf,717428.9031410217
BUFT,26.389999389648438,20473.333333333332,30,etf,540291.2541707356
BUFX,22.610000610351562,4520.0,30,etf,102197.20275878906
BUFY,24.086000442504883,49666.666666666664,30,etf,1196271.3553110757
BUFZ,28.540000915527344,159123.33333333334,30,etf,4541380.079015097
BUG,41.369998931884766,1266553.3333333333,30,etf,52397310.04717509
BUL,64.05999755859375,8240.0,30,etf,527854.3798828125
BULD,34.981998443603516,2470.0,30,etf,86405.53615570068
BULG,64.6259994506836,8136.666666666667,30,etf,525840.2155303955
BULZ,39.47999954223633,695676.6666666666,30,etf,27465314.481544495
BUSA,42.41999816894531,20050.0,30,etf,850520.9632873535
BUSM,17.1200008392334,6863.333333333333,30,etf,117500.27242660522
BUXX,20.200000762939453,208616.66666666666,30,etf,4214056.825828552
BUYB,42.810001373291016,3380.0,30,etf,144697.80464172363
BUYO,33.28099822998047,893.3333333333334,30,etf,29731.02508544922
BUYW,14.630000114440918,405070.0,30,etf,5926174.146356583
BUYZ,36.10300064086914,390.0,30,etf,14080.170249938965
BUZZ,37.59000015258789,36376.666666666664,30,etf,1367398.9055506387
BVAL,32.220001220703125,25396.666666666668,30,etf,818280.6310017904
BWET,505.1700134277344,268773.3333333333,30,etf,135776228.4090169
BWOW,13.862000465393066,2730.0,30,etf,37843.26127052307
FEOE,56.13999938964844,326690.0,30,etf,18340376.400604248
FEP,60.349998474121094,13280.0,30,etf,801447.9797363281
FEPI,42.52000045776367,176213.33333333334,30,etf,7492591.013997396
FESM,47.36000061035156,876616.6666666666,30,etf,41516565.868377686
FEUS,84.39700317382812,3010.0,30,etf,254034.97955322266
FEUZ,68.6259994506836,3013.3333333333335,30,etf,206793.0116780599
FEX,138.13999938964844,22873.333333333332,30,etf,3159722.2527058916
FEZ,70.6500015258789,727933.3333333334,30,etf,51428491.11073812
FFDI,32.88800048828125,3346.6666666666665,30,etf,110065.1749674479
FFEB,62.61000061035156,12476.666666666666,30,etf,781164.107615153
FFEM,43.1609992980957,15240.0,30,etf,657773.6293029785
FFF,26.954999923706055,2410.0,30,etf,64961.54981613159
FFGX,35.01599884033203,11093.333333333334,30,etf,388444.1471354167
FFIU,21.42099952697754,3633.3333333333335,30,etf,77829.63161468506
FFLC,60.40999984741211,88030.0,30,etf,5317892.286567688
FFLG,33.459999084472656,66886.66666666667,30,etf,2238027.8054300947
FFLS,23.009000778198242,6686.666666666667,30,etf,153853.5185368856
FFLV,29.1200008392334,4906.666666666667,30,etf,142882.13745117188
FFND,32.92900085449219,8936.666666666666,30,etf,294275.5043029785
FFOG,50.08000183105469,32186.666666666668,30,etf,1611908.3256022136
FFOX,29.170000076293945,17890.0,30,etf,521851.3013648987
FFSM,36.47999954223633,271693.3333333333,30,etf,9911372.675628662
FFTY,36.279998779296875,18940.0,30,etf,687143.1768798828
FFUT,62.492000579833984,38143.333333333336,30,etf,2383653.2087834678
FGD,36.02000045776367,148200.0,30,etf,5338164.067840576
FGDL,59.05799865722656,17410.0,30,etf,1028199.7566223145
FGM,64.2699966430664,1686.6666666666667,30,etf,108402.06100463867
FGRU,12.1899995803833,56036.666666666664,30,etf,683086.9431527455
FGSI,20.704999923706055,623.3333333333334,30,etf,12906.116619110107
FGSM,35.92100143432617,3180.0,30,etf,114228.78456115723
FHDG,37.20500183105469,7430.0,30,etf,276433.1636047363
FHEQ,34.20000076293945,73340.0,30,etf,2508228.0559539795
FHLC,83.13999938964844,190673.33333333334,30,etf,15852580.816955566
FHYS,22.95199966430664,25760.0,30,etf,591243.5113525391
FIAT,16.299999237060547,57916.666666666664,30,etf,944041.6224797566
FIAX,17.270000457763672,10850.0,30,etf,187379.50496673584
FICS,42.45000076293945,8673.333333333334,30,etf,368183.0066172282
FID,23.219999313354492,11736.666666666666,30,etf,272525.39194107056
FIDI,29.565000534057617,74676.66666666667,30,etf,2207815.689881643
FIDU,93.13999938964844,99273.33333333333,30,etf,9246318.206075031
FIGB,42.029998779296875,152916.66666666666,30,etf,6427087.3133341465
FIGG,20.8700008392334,140920.0,30,etf,2941000.5182647705
FIIG,20.309999465942383,144983.33333333334,30,etf,2944611.4225705466
FINA,25.809999465942383,1044010.0,30,etf,26945897.542438507
FINT,37.43600082397461,7396.666666666667,30,etf,276901.6194279989
FINX,27.450000762939453,56840.0,30,etf,1560258.0433654785
FINY,25.700000762939453,1573.3333333333333,30,etf,40434.667867024735
FISR,25.1200008392334,238440.0,30,etf,5989613.0001068115
FITE,108.01100158691406,7760.0,30,etf,838165.3723144531
FITZ,25.239999771118164,43846.666666666664,30,etf,1106689.856630961
FIVA,40.36000061035156,94260.0,30,etf,3804333.6575317383
FIW,108.87000274658203,56486.666666666664,30,etf,6149703.555145264
FIXD,42.72999954223633,273180.0,30,etf,11672981.27494812
FIXP,19.73200035095215,3903.3333333333335,30,etf,77020.57470321655
FIXT,37.08000183105469,20690.0,30,etf,767185.2378845215
FIYY,24.65999984741211,150.0,30,etf,3698.9999771118164
FJAN,56.59000015258789,13080.0,30,etf,740197.2019958496
FJP,78.29000091552734,9323.333333333334,30,etf,729923.7752024333
FJUL,61.38999938964844,42633.333333333336,30,etf,2617260.3073120117
FJUN,61.380001068115234,33436.666666666664,30,etf,2052342.635714213
FKU,56.540000915527344,1870.0,30,etf,105729.80171203613
FLAG,28.52400016784668,270.0,30,etf,7701.4800453186035
FLAO,28.65999984741211,370.0,30,etf,10604.19994354248
FLAU,36.14500045776367,37290.0,30,etf,1347847.0670700073
FLAX,37.37099838256836,9280.0,30,etf,346802.8649902344
FLBL,23.079999923706055,139946.66666666666,30,etf,3229969.055989583
FLBR,23.386999130249023,186446.66666666666,30,etf,4360428.031171163
FLCA,55.40999984741211,52946.666666666664,30,etf,2933774.7919209795
FLCB,20.959999084472656,493736.6666666667,30,etf,10348720.081303915
FLCC,36.86899948120117,25736.666666666668,30,etf,948885.1499811809
FLCE,31.95599937438965,2976.6666666666665,30,etf,95122.35813776651
FLCG,35.25600051879883,53866.666666666664,30,etf,1899123.2279459634
FLCH,21.739999771118164,84620.0,30,etf,1839638.780632019
FLCO,20.84000015258789,49313.333333333336,30,etf,1027689.8741912842
FLCV,37.59299850463867,22740.0,30,etf,854864.7859954834
FLDB,50.28499984741211,10430.0,30,etf,524472.5484085083
FLDR,50.0,302313.3333333333,30,etf,15115666.666666666
FLDZ,29.41900062561035,3536.6666666666665,30,etf,104045.19887924194
FLEE,39.904998779296875,10323.333333333334,30,etf,411952.6040649414
FLEU,36.4900016784668,5046.666666666667,30,etf,184152.8751373291
FLGB,37.380001068115234,200350.0,30,etf,7489083.213996887
FLGR,34.165000915527344,3100.0,30,etf,105911.50283813477
FLGV,19.889999389648438,115116.66666666667,30,etf,2289670.429738363
FLHY,24.049999237060547,217903.33333333334,30,etf,5240575.000419617
FLIA,20.25,88166.66666666667,30,etf,1785375.0
FLIN,35.849998474121094,240536.66666666666,30,etf,8623239.132970173
FLJH,46.28099822998047,35440.0,30,etf,1640198.5772705078
FLJJ,34.45500183105469,820.0,30,etf,28253.101501464844
FLJP,41.81999969482422,748033.3333333334,30,etf,31282753.771718346
FLKR,62.11000061035156,684596.6666666666,30,etf,42520299.38451131
FLLA,28.290000915527344,23350.0,30,etf,660571.5213775635
FLMB,23.030000686645508,13973.333333333334,30,etf,321805.87626139325
FLMI,24.219999313354492,676203.3333333334,30,etf,16377644.269021353
FLMX,37.215999603271484,10123.333333333334,30,etf,376749.96931711835
FLN,26.489999771118164,11250.0,30,etf,298012.49742507935
FLOT,50.900001525878906,1946840.0,30,etf,99094158.97064209
FLOW,44.59400177001953,4860.0,30,etf,216726.84860229492
FLQL,78.9800033569336,81956.66666666667,30,etf,6472937.808456421
FLQM,60.779998779296875,81153.33333333333,30,etf,4932499.500935872
FLQS,49.4900016784668,3920.0,30,etf,194000.80657958984
FLRG,42.47999954223633,10670.0,30,etf,453261.5951156616
FLRN,30.760000228881836,1309046.6666666667,30,etf,40266275.766283676
FLRT,46.75,138960.0,30,etf,6496380.0
FLSA,33.209999084472656,526.6666666666666,30,etf,17490.599517822266
FLSP,28.639999389648438,90123.33333333333,30,etf,2581132.211659749
FLSW,43.66699981689453,9163.333333333334,30,etf,400135.27498881024
FLTB,49.869998931884766,74170.0,30,etf,3698857.820777893
FLTR,25.520000457763672,1304226.6666666667,30,etf,33283865.130360924
FLTW,107.87999725341797,400716.6666666667,30,etf,43229312.8993988
FLUD,24.959999084472656,110353.33333333333,30,etf,2754419.098968506
FLV,87.15499877929688,6950.0,30,etf,605727.2415161133
FLXI,48.66999816894531,330.0,30,etf,16061.099395751953
FLXN,24.795000076293945,48390.0,30,etf,1199830.053691864
FLXR,38.65999984741211,418736.6666666667,30,etf,16188359.46943919
FLYD,47.340999603271484,1386.6666666666667,30,etf,65646.18611653647
FLYT,5.025000095367432,170850.0,30,etf,858521.2662935257
FLYU,41.64099884033203,660.0,30,etf,27483.05923461914
FMAG,35.9640007019043,19290.0,30,etf,693745.5735397339
FMAR,53.54499816894531,12160.0,30,etf,651107.177734375
FMAT,60.2400016784668,36556.666666666664,30,etf,2202173.661359151
FMAY,57.569000244140625,20440.0,30,etf,1176710.3649902344
FMB,49.650001525878906,146113.33333333334,30,etf,7254527.222951254
FMCE,28.89299964904785,260.0,30,etf,7512.179908752441
FMCX,37.025001525878906,156.66666666666666,30,etf,5800.583572387695
FMDE,42.130001068115234,828900.0,30,etf,34921557.88536072
FMED,31.784000396728516,5296.666666666667,30,etf,168349.25543467206
FMET,38.56999969482422,3476.6666666666665,30,etf,134095.03227233887
FMF,51.099998474121094,32426.666666666668,30,etf,1657002.6171875
FMHI,46.83000183105469,132343.33333333334,30,etf,6197638.542327881
FMKT,22.947999954223633,2676.6666666666665,30,etf,61424.14654413859
FMNY,25.815000534057617,6586.666666666667,30,etf,170034.80351765951
FMQQ,13.008999824523926,14783.333333333334,30,etf,192316.38073921204
FMTL,37.82600021362305,4506.666666666667,30,etf,170469.17429606122
FMTM,38.91999816894531,213116.66666666666,30,etf,8294500.276438395
FMUB,50.03799819946289,55236.666666666664,30,etf,2763932.2272109985
FMUN,48.755001068115234,12393.333333333334,30,etf,604236.9799041748
FNCL,82.73999786376953,92280.0,30,etf,7635247.002868652
FNDA,37.20000076293945,816473.3333333334,30,etf,30372808.62291972
FNDB,31.799999237060547,439453.3333333333,30,etf,13974615.664723713
FNDC,51.65999984741211,85740.0,30,etf,4429328.386917114
FNDE,43.08000183105469,1220930.0,30,etf,52597666.6355896
FNDF,56.310001373291016,1626453.3333333333,30,etf,91585589.43359375
FNDX,32.63999938964844,2513706.6666666665,30,etf,82047384.0657552
FNG,4.96999979019165,146073.33333333334,30,etf,725984.4360192617
FNGD,26.299999237060547,381733.3333333333,30,etf,10039586.375427246
FNGG,266.5889892578125,5110.0,30,etf,1362269.7351074219
FNGO,152.36099243164062,6526.666666666667,30,etf,994409.4106038412
FNGS,80.83999633789062,22263.333333333332,30,etf,1799767.7851359048
FNGU,33.02000045776367,4130840.0,30,etf,136400338.6909485
FNK,64.87999725341797,4253.333333333333,30,etf,275956.2549845377
FNOV,60.08000183105469,13846.666666666666,30,etf,831907.7586873372
FNX,144.86000061035156,9516.666666666666,30,etf,1378584.3391418457
FNY,102.91000366210938,13663.333333333334,30,etf,1406093.6833699546
FOCT,53.86000061035156,23660.0,30,etf,1274327.614440918
FOMG,4.860000133514404,10813.333333333334,30,etf,52552.80144373576
FOPC,25.184999465942383,2000.0,30,etf,50369.998931884766
FORH,24.726999282836914,996.6666666666666,30,etf,24644.575951894123
FOTO,17.420000076293945,349896.6666666667,30,etf,6095199.960028331
FOWF,34.749000549316406,613.3333333333334,30,etf,21312.720336914062
FOXY,27.760000228881836,76960.0,30,etf,2136409.617614746
FPA,51.029998779296875,3540.0,30,etf,180646.19567871094
FPAA,25.75,12143.333333333334,30,etf,312690.8333333334
FPAG,42.64500045776367,39670.0,30,etf,1691727.1681594849
FPAS,24.3700008392334,636.6666666666666,30,etf,15515.567200978596
FPE,17.639999389648438,1006470.0,30,etf,17754130.185699463
FPEI,18.969999313354492,451840.0,30,etf,8571404.489746094
FPFD,21.1200008392334,13363.333333333334,30,etf,282233.6112149557
FPRO,24.73900032043457,3350.0,30,etf,82875.65107345581
FPSX,3.25,78496.66666666667,30,etf,255114.1666666667
FPWR,36.7599983215332,6643.333333333333,30,etf,244208.9221827189
FPX,183.52999877929688,38823.333333333336,30,etf,7125246.319274902
FPXE,33.130001068115234,443.3333333333333,30,etf,14687.63380686442
FPXI,70.91600036621094,17133.333333333332,30,etf,1215027.4729410806
FQAL,84.66000366210938,40266.666666666664,30,etf,3408976.1474609375
FRDM,71.16000366210938,258370.0,30,etf,18385610.1461792
FREL,29.139999389648438,307393.3333333333,30,etf,8957441.545715332
FRGN,32.220001220703125,75586.66666666667,30,etf,2435402.4922688804
FRI,31.239999771118164,37740.0,30,etf,1178997.5913619995
FRIZ,27.283000946044922,156.66666666666666,30,etf,4274.336814880371
FRNW,22.209999084472656,29820.0,30,etf,662302.1726989746
FRTY,22.360000610351562,17040.0,30,etf,381014.4104003906
FRWD,32.09000015258789,32306.666666666668,30,etf,1036720.9382629395
FSCC,35.709999084472656,128453.33333333333,30,etf,4587068.415730794
FSCS,37.5,6290.0,30,etf,235875.0
FSEC,43.220001220703125,321780.0,30,etf,13907331.992797852
FSEP,56.847999572753906,15963.333333333334,30,etf,907483.5665130615
FSGS,33.55500030517578,1083.3333333333333,30,etf,36351.250330607094
FSIG,18.729999542236328,227393.33333333334,30,etf,4259077.029240927
FSMB,19.849000930786133,125643.33333333333,30,etf,2493894.6402804055
FSMD,51.47999954223633,101426.66666666667,30,etf,5221444.753570557
FSML,30.31599998474121,2896.6666666666665,30,etf,87815.34662246704
FSTA,53.22999954223633,126100.0,30,etf,6712302.942276001
FSYD,48.15999984741211,23670.0,30,etf,1139947.1963882446
FSZ,81.06999969482422,333.3333333333333,30,etf,27023.33323160807
FTA,103.04000091552734,26273.333333333332,30,etf,2707204.2907206216
FTAG,31.43000030517578,3310.0,30,etf,104033.30101013184
FTBD,48.308998107910156,3766.6666666666665,30,etf,181963.89287312824
FTBI,21.763999938964844,6463.333333333333,30,etf,140667.9862721761
FTC,177.25999450683594,13540.0,30,etf,2400100.3256225586
FTCA,7.139999866485596,264443.3333333333,30,etf,1888125.3646930058
FTCB,20.459999084472656,582496.6666666666,30,etf,11917881.266708374
FTCE,27.72100067138672,4886.666666666667,30,etf,135463.28994750977
FTCS,99.55999755859375,379040.0,30,etf,37737221.474609375
FTDS,66.27400207519531,1310.0,30,etf,86818.94271850586
FTEC,289.30999755859375,268063.3333333333,30,etf,77553402.31221516
FTGC,30.979999542236328,463453.3333333333,30,etf,14357784.054514566
FTGS,38.67399978637695,100113.33333333333,30,etf,3871783.031946818
FTHB,25.010000228881836,8550.0,30,etf,213835.5019569397
FTHF,50.32699966430664,18946.666666666668,30,etf,953528.8869730632
FTHI,24.010000228881836,587380.0,30,etf,14102993.934440613
FTIF,29.541000366210938,1353.3333333333333,30,etf,39978.82049560547
FTKI,20.13800048828125,7266.666666666667,30,etf,146336.13688151044
FTLS,76.81999969482422,132753.33333333334,30,etf,10198111.026153564
FTMA,8.789999961853027,148360.0,30,etf,1304084.3943405151
FTMH,11.34000015258789,221020.0,30,etf,2506366.8337249756
FTMN,8.555000305175781,505646.6666666667,30,etf,4325807.38764445
FTMS,9.859999656677246,253530.0,30,etf,2499805.712957382
FTMU,7.625,107316.66666666667,30,etf,818289.5833333334
FTNJ,8.539999961853027,136473.33333333334,30,etf,1165482.2614606223
FTNY,7.630000114440918,179000.0,30,etf,1365770.0204849243
FTOH,8.175000190734863,33500.0,30,etf,273862.5063896179
FTPA,8.40999984741211,85123.33333333333,30,etf,715887.2203445435
FTQI,22.1200008392334,234950.0,30,etf,5197094.197177887
FTRB,24.674999237060547,158816.66666666666,30,etf,3918801.128832499
FTRI,18.440000534057617,32106.666666666668,30,etf,592046.9504801433
FTSD,89.76000213623047,30306.666666666668,30,etf,2720326.464742025
FTSL,44.970001220703125,240363.33333333334,30,etf,10809139.393412273
FTSM,59.720001220703125,625886.6666666666,30,etf,37377952.49735514
FTWO,48.090999603271484,6333.333333333333,30,etf,304576.33082071936
FTXG,22.83300018310547,15583.333333333334,30,etf,355814.25285339355
FTXH,41.77399826049805,157906.66666666666,30,etf,6596392.818654378
FTXL,227.85000610351562,188910.0,30,etf,43043144.65301514
FTXN,40.57500076293945,49180.0,30,etf,1995478.5375213623
FTXO,42.584999084472656,77866.66666666667,30,etf,3315951.9287109375
FTXR,43.875999450683594,41666.666666666664,30,etf,1828166.643778483
FUMB,20.059999465942383,56883.333333333336,30,etf,1141079.6362876892
FUSI,50.53799819946289,16040.0,30,etf,810629.4911193848
FUTG,4.954999923706055,1110140.0,30,etf,5500743.61530304
FUTY,55.630001068115234,438556.6666666667,30,etf,24396907.835095726
FV,73.44999694824219,63643.333333333336,30,etf,4674602.639109294
FVAL,83.02999877929688,60196.666666666664,30,etf,4998129.159851074
FVC,42.38800048828125,3893.3333333333335,30,etf,165030.615234375
FVD,50.119998931884766,519576.6666666667,30,etf,26041181.97836558
FWD,128.72000122070312,238253.33333333334,30,etf,30667969.357503258
FXA,71.33999633789062,9423.333333333334,30,etf,672260.5654907227
FXB,129.89999389648438,6350.0,30,etf,824864.9612426758
FXC,70.68000030517578,24703.333333333332,30,etf,1746031.607538859
FXD,68.45999908447266,12953.333333333334,30,etf,886785.1881408691
FXE,107.1500015258789,73510.0,30,etf,7876596.612167358
FXED,17.190000534057617,4293.333333333333,30,etf,73802.40229288736
FXF,108.80999755859375,32503.333333333332,30,etf,3536687.6206461587
FXG,64.05000305175781,11853.333333333334,30,etf,759206.0361735027
FXH,133.4600067138672,57563.333333333336,30,etf,7682402.853139242
FXI,35.880001068115234,16659633.333333334,30,etf,597747661.7944082
FXL,215.2100067138672,29770.0,30,etf,6406801.899871826
FXN,23.860000610351562,368353.3333333333,30,etf,8788910.758158365
FXO,66.52999877929688,46140.0,30,etf,3069694.143676758
FXP,19.969999313354492,3530.0,30,etf,70494.09757614136
FXR,87.13999938964844,19373.333333333332,30,etf,1688192.2548421223
FXU,47.08000183105469,253960.0,30,etf,11956437.265014648
FXY,58.66999816894531,354236.6666666667,30,etf,20783064.584706627
FXZ,86.0199966430664,34426.666666666664,30,etf,2961381.751098633
FYC,119.54000091552734,85110.0,30,etf,10174049.477920532
FYEE,30.420000076293945,112426.66666666667,30,etf,3420019.208577474
FYLD,41.189998626708984,75510.0,30,etf,3110256.7963027954
FYT,72.27999877929688,17176.666666666668,30,etf,1241529.4456990561
FYX,142.47999572753906,33116.666666666664,30,etf,4718462.525177002
GAA,36.25,6896.666666666667,30,etf,250004.1666666667
GABF,46.56100082397461,3933.3333333333335,30,etf,183139.93657430014
GAEM,26.74799919128418,10056.666666666666,30,etf,268995.7118670145
GAL,54.04999923706055,12170.0,30,etf,657788.4907150269
GALX,22.920000076293945,3236.6666666666665,30,etf,74184.40024693806
GAMR,97.79000091552734,1220.0,30,etf,119303.80111694336
GAPR,42.560001373291016,5500.0,30,etf,234080.0075531006
GARA,27.11199951171875,123.33333333333333,30,etf,3343.813273111979
GARP,83.94999694824219,349213.3333333333,30,etf,29316458.267618813
GARY,26.93899917602539,5886.666666666667,30,etf,158580.90848286948
GAUG,42.22999954223633,108503.33333333333,30,etf,4582095.716997782
GAVA,17.969999313354492,2360.0,30,etf,42409.1983795166
GBHI,25.270000457763672,140.0,30,etf,3537.800064086914
GBIL,99.94000244140625,595256.6666666666,30,etf,59489952.71993001
GBND,49.470001220703125,20620.0,30,etf,1020071.4251708984
GBTC,61.72999954223633,2070406.6666666667,30,etf,127806202.58557639
GBUG,51.584999084472656,40243.333333333336,30,etf,2075952.3131561282
GCAD,51.11600112915039,8020.0,30,etf,409950.32905578613
GCAL,49.93600082397461,23903.333333333332,30,etf,1193636.873029073
GCC,26.68000030517578,72810.0,30,etf,1942570.8222198486
GCOR,40.34000015258789,64873.333333333336,30,etf,2616990.2765655518
GCOW,47.090999603271484,256803.33333333334,30,etf,12093125.668118795
GCPB,49.84000015258789,10190.0,20,etf,507869.6015548706
GDEC,40.70000076293945,26826.666666666668,30,etf,1091845.3538004558
GDIV,19.034000396728516,12423.333333333334,30,etf,236465.73159535727
GDLC,36.33000183105469,41066.666666666664,30,etf,1491952.0751953125
GDMA,42.33000183105469,12726.666666666666,30,etf,538719.8233032227
GDOC,37.33599853515625,580.0,30,etf,21654.879150390625
GDOG,9.9399995803833,35290.0,30,etf,350782.5851917267
GDX,99.26000213623047,24889440.0,30,etf,2470525867.56958
GDXD,16.3700008392334,2640320.0,30,etf,43222040.61584473
GDXJ,129.02999877929688,5137026.666666667,30,etf,662830544.5292156
GDXU,161.91000366210938,1739113.3333333333,30,etf,281579846.16882324
GDXW,45.77000045776367,49253.333333333336,30,etf,2254325.0892130537
GDXY,11.369999885559082,810786.6666666666,30,etf,9218644.30721283
GEM,52.43000030517578,113250.0,30,etf,5937697.534561157
GEMD,41.349998474121094,2626.6666666666665,30,etf,108612.6626586914
GEME,42.762001037597656,91330.0,30,etf,3905453.554763794
GEMG,8.609000205993652,37553.333333333336,30,etf,323296.654402415
GEND,13.5600004196167,1053.3333333333333,30,etf,14283.200441996256
GENM,10.177000045776367,10780.0,30,etf,109708.06049346924
GENT,10.104999542236328,29983.333333333332,30,etf,302981.56960805255
LIBD,268.28900146484375,243.33333333333334,30,etf,65283.657023111984
LIFT,21.80299949645996,666.6666666666666,30,etf,14535.332997639973
LIMI,43.17499923706055,326.6666666666667,30,etf,14103.833084106445
LINT,107.16000366210938,117636.66666666667,30,etf,12605945.63079834
LIT,74.18000030517578,259220.0,30,etf,19228939.679107666
LITC,26.06999969482422,2816.6666666666665,30,etf,73430.49914042154
LITG,16.31999969482422,8668.421052631578,19,etf,141468.62893355518
LITL,34.29399871826172,1623.3333333333333,30,etf,55670.59125264485
LITP,11.451000213623047,43810.0,30,etf,501668.3193588257
LITX,29.3700008392334,3383826.6666666665,30,etf,99382992.03982034
LITZ,8.260000228881836,2745796.6666666665,30,etf,22680281.095129646
LJAN,24.739999771118164,813.3333333333334,30,etf,20121.86648050944
LJUL,24.0049991607666,1356.6666666666667,30,etf,32566.782194773357
LKOR,39.895999908447266,5673.333333333333,30,etf,226343.30614725748
LLDR,43.04199981689453,156.66666666666666,30,etf,6743.246637980143
LLYX,24.389999389648438,349423.3333333333,30,etf,8522434.886728922
LMBS,49.4900016784668,418396.6666666667,30,etf,20706451.735598247
LMTL,31.569000244140625,19046.666666666668,30,etf,601284.2246500652
LMUB,48.4900016784668,356316.6666666667,30,etf,17277795.76473236
LNGX,45.52899932861328,14036.666666666666,30,etf,639075.387242635
LNOK,33.290000915527344,80473.33333333333,30,etf,2678957.3403422036
LOCT,23.8700008392334,1353.3333333333333,30,etf,32304.0678024292
LODI,25.114999771118164,20946.666666666668,30,etf,526075.5285390218
LOFF,16.549999237060547,3004443.3333333335,30,etf,49723534.87445831
LOGO,20.78499984741211,2220.0,30,etf,46142.69966125488
LOHA,26.40999984741211,29243.333333333332,30,etf,772316.4288711548
LONZ,49.154998779296875,48800.0,30,etf,2398763.9404296875
LOPP,37.31999969482422,233.33333333333334,30,etf,8707.999928792318
LOTI,26.118000030517578,4550.0,30,etf,118836.90013885498
LOUP,88.66100311279297,12726.666666666666,30,etf,1128359.0329488118
LOWV,83.78099822998047,9726.666666666666,30,etf,814909.84278361
LPRE,29.020000457763672,37516.666666666664,30,etf,1088733.6838404336
LQ,24.34000015258789,613.3333333333334,30,etf,14928.533426920574
LQAI,46.46200180053711,233.33333333333334,30,etf,10841.13375345866
LQD,105.4800033569336,27980466.666666668,30,etf,2951379717.928569
LQDB,84.32499694824219,2936.6666666666665,30,etf,247634.4077046712
LQDH,92.41000366210938,36480.0,30,etf,3371116.93359375
LQDI,25.635000228881836,6360.0,30,etf,163038.60145568848
LQDM,23.670000076293945,8266.666666666666,30,etf,195672.0006306966
LQTI,18.58300018310547,98330.0,30,etf,1827266.4080047607
LRCC,17.350000381469727,2623.3333333333335,30,etf,45514.83433405559
LRCU,49.35900115966797,83566.66666666667,30,etf,4124767.196909587
LRGC,86.61000061035156,37033.333333333336,30,etf,3207457.022603353
LRGE,89.08899688720703,7453.333333333333,30,etf,664009.9901326497
LRGF,78.80999755859375,140310.0,30,etf,11057830.757446289
LRGG,30.079999923706055,25473.333333333332,30,etf,766237.8647232056
LRND,46.632999420166016,27890.0,30,etf,1300594.3538284302
LRNZ,61.81999969482422,2416.6666666666665,30,etf,149398.3325958252
LSAF,56.09000015258789,6136.666666666667,30,etf,344205.63426971436
LSAT,47.09700012207031,2613.3333333333335,30,etf,123080.16031901042
LSCP,24.6200008392334,300.0,30,etf,7386.0002517700195
LSEQ,34.58599853515625,1763.3333333333333,30,etf,60986.64408365885
LSGR,45.529998779296875,48856.666666666664,30,etf,2224443.9736938477
LST,48.279998779296875,70343.33333333333,30,etf,3396176.0474650064
LSTB,24.59000015258789,980.0,30,etf,24098.200149536133
LSVD,36.744998931884766,960.0,30,etf,35275.198974609375
LTAX,24.315000534057617,340.0,30,etf,8267.10018157959
LTCC,12.359999656677246,11680.0,30,etf,144364.79598999023
LTL,24.389999389648438,6076.666666666667,30,etf,148209.89629109701
LTPZ,48.130001068115234,378006.6666666667,30,etf,18193461.27042135
LTTI,17.433000564575195,3620.0,30,etf,63107.46204376221
LULG,4.269999980926514,467096.6666666667,30,etf,1994502.757757505
LUNL,3.819999933242798,1462420.0,30,etf,5586444.302372932
LVDS,60.395999908447266,6610.0,30,etf,399217.5593948364
LVHD,43.970001220703125,47593.333333333336,30,etf,2092678.9247639976
LVHI,42.790000915527344,959516.6666666666,30,etf,41057719.04513041
LVIG,97.87999725341797,2680.0,30,etf,262318.39263916016
LVLN,24.78499984741211,1900.0,30,etf,47091.49971008301
LYLD,33.75600051879883,1406.6666666666667,30,etf,47483.44072977702
MAAY,5.264999866485596,40023.333333333336,30,etf,210722.8446563085
MADE,36.099998474121094,14306.666666666666,30,etf,516470.6448364258
MAGA,57.255001068115234,923.3333333333334,30,etf,52865.4509862264
MAGC,19.065000534057617,6006.666666666667,30,etf,114517.1032079061
MAGG,19.739999771118164,2423.3333333333335,30,etf,47836.59944534302
MAGS,69.44000244140625,3468420.0,30,etf,240847093.26782227
MAGX,57.97999954223633,52160.0,30,etf,3024236.776123047
MAGY,42.13999938964844,36710.0,30,etf,1546959.3775939941
MAKX,65.68900299072266,900.0,30,etf,59120.10269165039
MAMB,23.8700008392334,23600.0,30,etf,563332.0198059082
MANI,26.097999572753906,2956.6666666666665,30,etf,77163.08540344238
MARM,34.5,5800.0,30,etf,200100.0
MARO,4.21999979019165,378020.0,30,etf,1595244.3206882477
MARS,25.299999237060547,31823.333333333332,30,etf,805130.3090540568
MART,43.01499938964844,1436.6666666666667,30,etf,61798.21578979492
MARU,30.21500015258789,783.3333333333334,30,etf,23668.416786193848
MARW,36.779998779296875,2403.3333333333335,30,etf,88394.5970662435
MARZ,37.44300079345703,2296.6666666666665,30,etf,85994.0918223063
MATE,31.45800018310547,16636.666666666668,30,etf,523356.2630462647
MATR,28.229999542236328,1183.3333333333333,30,etf,33405.49945831299
MAVF,139.61700439453125,956.6666666666666,30,etf,133566.93420410156
MAXI,14.3149995803833,27043.333333333332,30,etf,387125.3053188324
MAYM,33.27000045776367,1366.6666666666667,30,etf,45469.00062561035
MAYP,33.263999938964844,3100.0,30,etf,103118.39981079102
MAYT,39.98500061035156,15920.0,30,etf,636561.2097167969
MAYU,34.76100158691406,2540.0,30,etf,88292.94403076172
MAYW,35.494998931884766,29456.666666666668,30,etf,1045564.351870219
MAYZ,36.869998931884766,1313.3333333333333,30,etf,48422.59859720866
MBB,92.72000122070312,2446126.6666666665,30,etf,226804867.5193278
MBBA,48.68000030517578,9083.333333333334,30,etf,442176.66943868005
MBBB,20.81999969482422,2100.0,30,etf,43721.99935913086
MBCE,37.779998779296875,17160.0,30,etf,648304.7790527344
MBND,26.57900047302246,10163.333333333334,30,etf,270131.2414741516
MBOX,42.5260009765625,4380.0,30,etf,186263.88427734375
MBS,8.494999885559082,284636.6666666667,30,etf,2417988.450759252
MBSD,20.350000381469727,6300.0,30,etf,128205.00240325928
MBSF,25.68000030517578,46493.333333333336,30,etf,1193948.8141886394
MBSX,26.790000915527344,2270.0,30,etf,60813.30207824707
MCDS,67.96499633789062,813.3333333333334,30,etf,55278.197021484375
MCH,28.551000595092773,1643.3333333333333,30,etf,46918.81097793579
MCHG,7.409999847412109,10926.666666666666,30,etf,80966.59833272298
MCHI,54.90999984741211,2190596.6666666665,30,etf,120285662.63240813
MCHS,40.76900100708008,5450.0,30,etf,222191.05548858643
MCHU,13.069999694824219,3810.0,30,etf,49796.69883728027
MCOW,21.763999938964844,266.6666666666667,30,etf,5803.733317057292
MCVT,27.959999084472656,6466.666666666667,30,etf,180807.99407958984
MDAA,118.20800018310547,126.66666666666667,30,etf,14973.013356526693
MDEV,20.958999633789062,1683.3333333333333,30,etf,35280.98271687825
MDIV,16.760000228881836,54780.0,30,etf,918112.812538147
MDLV,31.799999237060547,10883.333333333334,30,etf,346089.99169667566
MDPL,30.34000015258789,7780.0,30,etf,236045.2011871338
MDST,29.520000457763672,67383.33333333333,30,etf,1989156.0308456419
MDY,691.52001953125,540680.0,30,etf,373891044.16015625
MDYG,108.31999969482422,84143.33333333333,30,etf,9114405.84098816
MDYV,95.1500015258789,85810.0,30,etf,8164821.630935669
MEAR,50.08000183105469,154550.0,30,etf,7739864.282989502
MEDI,34.36600112915039,3846.6666666666665,30,etf,132194.55101013184
MEDX,36.691001892089844,2200.0,30,etf,80720.20416259766
MEGX,23.239999771118164,300.0,30,etf,6971.999931335449
MEM,44.95000076293945,2180.0,30,etf,97991.00166320801
MEMA,31.69099998474121,7926.666666666667,30,etf,251203.99321238202
MEME,8.149999618530273,143806.66666666666,30,etf,1172024.2784754434
MEMS,31.31800079345703,1423.3333333333333,30,etf,44575.95446268717
MEMX,49.15399932861328,4056.6666666666665,30,etf,199401.3906097412
MEMY,16.489999771118164,370.0,30,etf,6101.299915313721
METD,15.5,541083.3333333334,30,etf,8386791.666666667
METL,28.555999755859375,15676.666666666666,30,etf,447662.8895060221
METU,22.850000381469727,5960406.666666667,30,etf,136195294.60704803
METV,20.399999618530273,47523.333333333336,30,etf,969475.9818712871
METW,25.05900001525879,17663.333333333332,30,etf,442625.47026952106
MFDX,43.06800079345703,10833.333333333334,30,etf,466570.00859578454
MFEM,29.360000610351562,12590.0,30,etf,369642.4076843262
MFIG,21.55500030517578,2170.0,30,etf,46774.350662231445
MFLX,16.639999389648438,3940.0,30,etf,65561.59759521484
MFMO,22.190000534057617,8530.0,30,etf,189280.70455551147
MFSB,24.524999618530273,102290.0,30,etf,2508662.2109794617
MFSG,30.329999923706055,42050.0,30,etf,1275376.4967918396
MFSI,33.84000015258789,197680.0,30,etf,6689491.230163574
MFSM,24.440000534057617,33380.0,30,etf,815807.2178268433
MFSV,29.649999618530273,127210.0,30,etf,3771776.451473236
MFUL,22.559999465942383,280.0,30,etf,6316.799850463867
MFUS,66.61000061035156,12020.0,30,etf,800652.2073364258
MFUT,19.850000381469727,38123.333333333336,30,etf,756748.1812095642
MFVL,22.73900032043457,2170.0,30,etf,49343.63069534302
MGC,282.80999755859375,74940.0,30,etf,21193781.217041016
MGK,90.2300033569336,1127246.6666666667,30,etf,101711470.51742554
MGMT,51.2599983215332,6040.0,30,etf,309610.38986206055
MGNR,55.02000045776367,278726.6666666667,30,etf,15335541.327590944
MGOV,19.854999542236328,14590.0,30,etf,289684.443321228
MGV,167.94000244140625,258023.33333333334,30,etf,43332439.22993978
MHIG,20.280000686645508,120.0,30,etf,2433.600082397461
MHIP,20.969999313354492,106.66666666666667,30,etf,2236.7999267578125
MHX,18.489999771118164,420.0,30,etf,7765.799903869629
MHY,26.084999084472656,2886.6666666666665,30,etf,75298.69735717773
MID,69.22799682617188,2096.6666666666665,30,etf,145148.03334554035
MIDE,38.15700149536133,313.3333333333333,30,etf,11955.860468546549
MIDU,69.3499984741211,13840.0,30,etf,959803.9788818359
MIG,20.7549991607666,16776.666666666668,30,etf,348199.7025871277
MIGO,29.6299991607666,576.6666666666666,30,etf,17086.632849375404
MILK,24.1299991607666,4570.0,30,etf,110274.09616470337
MILN,45.41699981689453,10636.666666666666,30,etf,483085.48805236816
MINO,44.11000061035156,107486.66666666667,30,etf,4741236.932271322
MINT,100.5199966430664,1451493.3333333333,30,etf,145904104.99409992
MINV,49.44200134277344,10220.0,30,etf,505297.25372314453
MISL,43.529998779296875,81216.66666666667,30,etf,3535361.4008585615
MJ,25.760000228881836,37336.666666666664,30,etf,961792.5418790181
MJSC,62.02299880981445,926.6666666666666,30,etf,57474.64556376139
MKAM,32.42100143432617,233.33333333333334,30,etf,7564.900334676107
MKOR,63.53200149536133,6960.0,30,etf,442182.73040771484
MKTN,27.75,29913.333333333332,30,etf,830095.0
MLDR,47.78499984741211,230.0,30,etf,10990.549964904785
MLN,16.979999542236328,199216.66666666666,30,etf,3382698.908805847
MLPA,57.20000076293945,197086.66666666666,30,etf,11273357.483698526
MLPB,31.601999282836914,3660.0,30,etf,115663.3173751831
MLPD,25.204999923706055,19136.666666666668,30,etf,482339.6818733216
MLPI,54.630001068115234,380346.6666666667,30,etf,20778338.80625407
MLPR,79.03500366210938,606.6666666666666,30,etf,47947.90222167969
MLPX,75.61000061035156,408463.3333333333,30,etf,30883912.882639565
MMAX,27.415000915527344,1406.6666666666667,30,etf,38563.76795450847
MMCA,21.239999771118164,18793.333333333332,30,etf,399170.39569854736
MMID,27.28499984741211,423.3333333333333,30,etf,11550.649935404459
MMIN,23.200000762939453,96400.0,30,etf,2236480.0735473633
MMIT,23.65999984741211,333466.6666666667,30,etf,7889821.282450358
MMK,100.06999969482422,1660.0,30,etf,166116.1994934082
MMKT,100.18499755859375,4953.333333333333,30,etf,496249.687906901
MMMA,24.739999771118164,2946.6666666666665,30,etf,72900.53265889485
MMSC,27.679000854492188,3400.0,30,etf,94108.60290527344
MMSD,25.209999084472656,12056.666666666666,30,etf,303948.5556284586
MMTM,305.6199951171875,733.3333333333334,30,etf,224121.3297526042
MNA,36.68000030517578,30926.666666666668,30,etf,1134390.142771403
MNBD,25.399999618530273,4673.333333333333,30,etf,118702.66488393147
MNRS,35.85900115966797,6256.666666666667,30,etf,224357.81725565594
MNVT,29.729999542236328,16650.0,30,etf,495004.49237823486
MNZL,60.29800033569336,6846.666666666667,30,etf,412840.30896504724
MOAT,111.7300033569336,578173.3333333334,30,etf,64599308.474222824
MODL,53.0629997253418,42420.0,30,etf,2250932.448348999
MOO,87.83000183105469,335026.6666666667,30,etf,29425392.746785484
MOOD,44.560001373291016,22673.333333333332,30,etf,1010323.7644704182
MORT,9.8100004196167,885340.0,30,etf,8685185.771503448
MOTG,40.209999084472656,646.6666666666666,30,etf,26002.46607462565
MOTI,36.42499923706055,5313.333333333333,30,etf,193538.16261291504
MOTO,62.52199935913086,156.66666666666666,30,etf,9795.1132329305
MPG,4.999000072479248,310533.3333333333,30,etf,1552356.1558405557
MPLY,32.560001373291016,4330.0,30,etf,140984.8059463501
MPRO,32.380001068115234,21530.0,30,etf,697141.422996521
MPWC,19.3700008392334,316.6666666666667,30,etf,6133.833599090576
MPWX,12.369999885559082,17043.333333333332,30,etf,210826.0313828786
MQQQ,228.875,48856.666666666664,30,etf,11182069.583333332
MRA,22.260000228881836,940.0,30,etf,20924.400215148926
MRAL,37.970001220703125,145396.66666666666,30,etf,5520711.610819498
MRCP,35.23500061035156,3370.0,30,etf,118741.95205688477
MRGR,45.47999954223633,1220.0,30,etf,55485.59944152832
MRNX,84.1500015258789,416236.6666666667,30,etf,35026316.135126755
MRNY,33.470001220703125,358640.0,30,etf,12003681.237792969
MRSK,39.66999816894531,16563.333333333332,30,etf,657067.4030049641
MRVU,108.2699966430664,206603.33333333334,30,etf,22368942.20644633
MRVX,22.84000015258789,12623.333333333334,30,etf,288316.93525950116
MSFD,10.3100004196167,1955216.6666666667,30,etf,20158284.6537749
MSFL,25.222000122070312,976660.0,30,etf,24633318.63922119
MSFO,12.199999809265137,133356.66666666666,30,etf,1626951.3078975675
MSFU,37.939998626708984,5119286.666666667,30,etf,194225729.10306296
MSFW,32.5629997253418,14156.666666666666,30,etf,460983.532778422
MSFX,25.065000534057617,196793.33333333334,30,etf,4932625.005098979
MSFY,20.46500015258789,11353.333333333334,30,etf,232345.96839904785
MSLC,60.8489990234375,64153.333333333336,30,etf,3903666.1173502607
MSMR,34.555999755859375,11230.0,30,etf,388063.8772583008
MSOS,5.110000133514404,4287566.666666667,30,etf,21909466.239118576
MSOX,3.180000066757202,1651866.6666666667,30,etf,5252936.110273997
MSR,15.289999961853027,256.6666666666667,30,etf,3924.4333235422773
MSSM,59.974998474121094,11490.0,30,etf,689112.7324676514
MSSS,35.85499954223633,12816.666666666666,30,etf,459541.5774663289
MSST,30.440000534057617,3030.0,30,etf,92233.20161819458
MST,14.08899974822998,119296.66666666667,30,etf,1680770.7066313426
MSTB,44.16400146484375,8190.0,30,etf,361703.1719970703
MSTI,20.084999084472656,803.3333333333334,30,etf,16134.949264526367
MSTP,25.770000457763672,72013.33333333333,30,etf,1855783.6329650877
MSTQ,38.89400100708008,2283.3333333333335,30,etf,88807.96896616618
MSTU,36.459999084472656,11497186.666666666,30,etf,419187415.34067786
MSTW,4.849999904632568,744956.6666666666,30,etf,3613039.762288729
MSTX,16.790000915527344,8726160.0,30,etf,146512234.3890381
MSTY,16.059999465942383,1830703.3333333333,30,etf,29401094.55563227
MSTZ,3.7249999046325684,18681253.333333332,30,etf,69587666.88508351
MTAW,25.170000076293945,3182.3529411764707,17,etf,80099.82377220603
MTBA,48.310001373291016,179023.33333333334,30,etf,8648617.47918447
MTGP,43.47999954223633,6956.666666666667,30,etf,302475.8634821574
MTRA,27.011999130249023,8830.0,30,etf,238515.95232009888
MTSG,5.869999885559082,7810.0,30,etf,45844.69910621643
MTUM,304.8599853515625,1361446.6666666667,30,etf,415050610.8569336
MTYY,18.225000381469727,1166.6666666666667,30,etf,21262.500445048016
MUB,104.02999877929688,4798900.0,30,etf,499229561.1419678
MUD,9.800000190734863,9380676.666666666,30,etf,91930633.1225554
MULL,23.860000610351562,6737256.666666667,30,etf,160750948.1787618
MULT,24.815000534057617,186.66666666666666,30,etf,4632.133433024088
MUNA,99.68499755859375,613.3333333333334,30,etf,61140.13183593751
MUNB,99.4749984741211,163.33333333333334,30,etf,16247.583084106447
MUNC,99.5199966430664,1613.3333333333333,30,etf,160558.92791748047
MUND,99.80000305175781,670.0,30,etf,66866.00204467773
MUNI,51.119998931884766,348953.3333333333,30,etf,17838494.027277626
MUNX,24.31599998474121,1256.6666666666667,30,etf,30557.10664749146
MUNY,100.30500030517578,66323.33333333333,30,etf,6652561.970240274
MUSE,49.38999938964844,186.66666666666666,30,etf,9219.466552734375
MUSI,42.89500045776367,26703.333333333332,30,etf,1145439.4955571492
MUSQ,25.67099952697754,2470.0,30,etf,63407.36883163452
MUST,19.90999984741211,125946.66666666667,30,etf,2507598.1141153974
MUU,34.25,37802843.333333336,30,etf,1294747384.1666667
MUYY,19.719999313354492,37253.333333333336,30,etf,734635.7077534994
MVAL,38.74599838256836,230.0,30,etf,8911.579627990723
MVFD,31.702999114990234,9680.0,30,etf,306885.03143310547
MVFG,35.375999450683594,11093.333333333334,30,etf,392437.75390625
MVLL,26.489999771118164,4206973.333333333,30,etf,111442722.6371002
MVPA,37.85499954223633,1043.3333333333333,30,etf,39495.38285573323
MVPL,44.53799819946289,5183.333333333333,30,etf,230855.29066721597
MVRL,12.979999542236328,4236.666666666667,30,etf,54991.931393941246
MVV,87.83000183105469,6846.666666666667,30,etf,601342.7458699545
MXI,115.29000091552734,38686.666666666664,30,etf,4460185.835418701
MXLL,11.390000343322754,13189.473684210527,19,etf,150228.10979140433
MYCF,25.010000228881836,12123.333333333334,30,etf,303204.5694414775
MYCG,24.905000686645508,14006.666666666666,30,etf,348836.04295094806
MYCH,24.7549991607666,253076.66666666666,30,etf,6264912.670942942
MYCI,24.53499984741211,5583.333333333333,30,etf,136987.08248138428
MYCJ,24.309999465942383,7470.0,30,etf,181595.6960105896
MYCK,24.344999313354492,4606.666666666667,30,etf,112149.29683685304
MYCL,24.138999938964844,1270.0,30,etf,30656.52992248535
MYCM,24.075000762939453,1730.0,30,etf,41649.751319885254
MYCN,23.860000610351562,3840.0,30,etf,91622.40234375
MYCO,23.80500030517578,536.6666666666666,30,etf,12775.350163777668
MYHA,24.829999923706055,260.0,30,etf,6455.799980163574
MYHB,24.950000762939453,146.66666666666666,30,etf,3659.3334452311196
MYHC,24.979999542236328,586.6666666666666,30,etf,14654.933064778645
MYHD,24.899999618530273,3006.6666666666665,30,etf,74865.99885304768
MYHE,24.670000076293945,2686.6666666666665,30,etf,66280.06687164307
MYLD,34.00400161743164,15283.333333333334,30,etf,519694.4913864136
MYMF,24.885000228881836,576.6666666666666,30,etf,14350.350131988524
MYMG,24.78499984741211,853.3333333333334,30,etf,21149.866536458336
MYMH,24.520000457763672,1013.3333333333334,30,etf,24846.933797200523
MYMI,24.315000534057617,1270.0,30,etf,30880.050678253174
MYMJ,24.559999465942383,1063.3333333333333,30,etf,26115.466098785397
SFEB,26.52400016784668,5516.666666666667,30,etf,146324.06759262085
SFGV,36.733001708984375,15170.0,30,etf,557239.635925293
SFLO,39.93000030517578,202360.0,30,etf,8080234.861755371
SFLR,39.130001068115234,189483.33333333334,30,etf,7414483.035723369
SFTX,31.81999969482422,364456.6666666667,30,etf,11597011.022109985
SFTY,31.81999969482422,378966.6666666667,30,etf,12058719.217681885
SFY,153.5399932861328,14663.333333333334,30,etf,2251408.1015523276
SFYF,63.742000579833984,2910.0,30,etf,185489.2216873169
SFYI,24.979999542236328,1553.3333333333333,30,etf,38802.265955607094
SGDJ,100.48999786376953,46523.333333333336,30,etf,4675129.6672821045
SGDM,82.9000015258789,44533.333333333336,30,etf,3691813.4012858076
SGLC,45.7599983215332,12353.333333333334,30,etf,565288.5125986736
SGOL,42.22999954223633,2222926.6666666665,30,etf,93874192.11575826
SGOV,100.47000122070312,21453253.333333332,30,etf,2155408388.588053
SGRT,32.59000015258789,37413.333333333336,30,etf,1219300.539042155
SGRW,25.586999893188477,1490.0,30,etf,38124.62984085083
SGVA,100.83000183105469,58023.333333333336,30,etf,5850492.8062438965
SGVT,100.55999755859375,280900.0,30,etf,28247303.314208984
SH,32.349998474121094,6962603.333333333,30,etf,225240207.20924377
SHAG,47.01499938964844,21733.333333333332,30,etf,1021792.6534016926
SHDG,33.64899826049805,10840.0,30,etf,364755.1411437988
SHE,159.02000427246094,2773.3333333333335,30,etf,441015.478515625
SHEH,67.1780014038086,8436.666666666666,30,etf,566758.4051767985
SHLD,62.97999954223633,883366.6666666666,30,etf,55634432.262293495
SHM,47.54999923706055,253790.0,30,etf,12067714.306373596
SHNY,9.949999809265137,1182326.6666666667,30,etf,11764150.107822418
SHOC,105.53700256347656,9630.0,30,etf,1016321.3346862793
SHPP,34.62799835205078,200.0,30,etf,6925.599670410156
SHPU,16.549999237060547,134160.0,30,etf,2220347.897644043
SHRD,24.610000610351562,2573.3333333333335,30,etf,63329.73490397136
SHRT,6.610000133514404,17166.666666666668,30,etf,113471.66895866395
SHRY,47.762001037597656,483.3333333333333,30,etf,23084.9671681722
SHUS,52.016998291015625,100.0,30,etf,5201.6998291015625
SHV,110.12999725341797,2822410.0,30,etf,310832005.5480194
SHY,81.69000244140625,3677026.6666666665,30,etf,300376317.37711585
SHYD,22.510000228881836,83156.66666666667,30,etf,1871856.5856997173
SHYG,41.9900016784668,1352723.3333333333,30,etf,56800855.03716786
SHYL,43.92399978637695,24613.333333333332,30,etf,1081116.048075358
SHYM,21.899999618530273,207580.0,30,etf,4546001.920814514
SIFI,43.1349983215332,183.33333333333334,30,etf,7908.083025614421
SIHY,45.20000076293945,18676.666666666668,30,etf,844185.3475824993
SIJ,17.3799991607666,2573.3333333333335,30,etf,44724.531173706055
SIL,99.29000091552734,1314176.6666666667,30,etf,130484602.43649802
SILJ,31.68000030517578,4250420.0,30,etf,134653306.89712524
SIMS,43.928001403808594,356.6666666666667,30,etf,15667.653834025066
SIO,25.2450008392334,44390.0,30,etf,1120625.5872535706
SIOO,19.77899932861328,11340.0,30,etf,224293.8523864746
SIVR,62.90999984741211,1258226.6666666667,30,etf,79155039.40800986
SIXA,58.09600067138672,17063.333333333332,30,etf,991311.4247894286
SIXD,31.540000915527344,58010.0,30,etf,1829635.4531097412
SIXF,35.220001220703125,3810.0,30,etf,134188.2046508789
SIXH,44.5369987487793,20136.666666666668,30,etf,896826.6981379192
SIXJ,37.356998443603516,9650.0,30,etf,360495.0349807739
SIXL,39.77899932861328,9180.0,30,etf,365171.2138366699
SIXO,36.48500061035156,14376.666666666666,30,etf,524532.6921081543
SIXP,34.5099983215332,3230.0,30,etf,111467.29457855225
SIXS,58.393001556396484,6056.666666666667,30,etf,353666.9460932414
SIXZ,32.310001373291016,4403.333333333333,30,etf,142271.7060470581
SIZE,182.83999633789062,5090.0,30,etf,930655.5813598633
SJB,15.199999809265137,95436.66666666667,30,etf,1450637.3151302338
SJCP,25.174999237060547,986.6666666666666,30,etf,24839.332580566406
SJLD,25.34000015258789,256.6666666666667,30,etf,6503.9333724975595
SJNK,24.709999084472656,2325760.0,30,etf,57469527.470703125
SK,26.770000457763672,798043.3333333334,30,etf,21363620.398648582
SKF,22.389999389648438,21656.666666666668,30,etf,484892.7534484863
SKHA,34.869998931884766,8913.793103448275,29,etf,310823.95599628316
SKHN,12.239999771118164,35096.55172413793,29,etf,429581.785070485
SKHX,16.059999465942383,5170240.0,30,etf,83034051.63879395
SKHZ,10.239999771118164,2835650.0,30,etf,29037055.350971222
SKOR,47.65800094604492,70250.0,30,etf,3347974.5664596558
SKRE,6.179999828338623,30143.333333333332,30,etf,186285.7948255539
SKYU,50.69300079345703,7810.0,30,etf,395912.3361968994
SKYY,161.55999755859375,280116.6666666667,30,etf,45255647.982788086
SLDR,49.58000183105469,2206.6666666666665,30,etf,109406.53737386067
SLJY,31.656999588012695,40800.0,30,etf,1291605.583190918
SLNZ,45.46500015258789,5203.333333333333,30,etf,236569.55079396564
SLON,31.719999313354492,71016.66666666667,30,etf,2252648.617903392
SLQD,49.939998626708984,244153.33333333334,30,etf,12193017.131373089
SLTY,20.520000457763672,17430.0,30,etf,357663.6079788208
SLV,59.81999969482422,16350743.333333334,30,etf,978101461.2101492
SLVO,70.31999969482422,192026.66666666666,30,etf,13503315.141398111
SLVP,40.58000183105469,297870.0,30,etf,12087565.14541626
SLVR,63.2599983215332,137513.33333333334,30,etf,8699093.235855103
SLVX,16.200000762939453,25036.666666666668,30,etf,405594.0191014608
SLWS,100.74500274658203,5466.666666666667,30,etf,550739.3483479818
SLX,110.98999786376953,22520.0,30,etf,2499494.75189209
SLYG,113.69000244140625,119340.0,30,etf,13567764.891357422
SLYV,109.70999908447266,170130.0,30,etf,18664962.144241333
SMAX,28.299999237060547,7143.333333333333,30,etf,202156.3278834025
SMAY,28.53499984741211,7396.666666666667,30,etf,211063.8822046916
SMB,17.1299991607666,80193.33333333333,30,etf,1373711.7326990762
SMBS,24.84000015258789,620230.0,30,etf,15406513.294639587
SMCC,40.93000030517578,1520.0,30,etf,62213.60046386719
SMCF,40.35499954223633,793.3333333333334,30,etf,32014.96630350749
SMCL,18.701000213623047,941790.0,30,etf,17612414.99118805
SMCO,28.886999130249023,12750.0,30,etf,368309.23891067505
SMCP,27.260000228881836,7996.666666666667,30,etf,217989.1351636251
SMCX,13.399999618530273,7161243.333333333,30,etf,95960657.93486913
SMCY,5.440000057220459,1104113.3333333333,30,etf,6006376.596511205
SMCZ,2.759999990463257,3821506.6666666665,30,etf,10547358.363555271
SMDD,7.960000038146973,11660.0,30,etf,92813.6004447937
SMDV,76.66999816894531,123670.0,30,etf,9481778.673553467
SMDX,26.69099998474121,193.33333333333334,30,etf,5160.259997049968
SMH,567.010009765625,9248360.0,30,etf,5243912693.916016
SMHB,4.199999809265137,12393.333333333334,30,etf,52051.99763615926
SMHC,44.70000076293945,130536.66666666667,30,etf,5834989.099591574
SMHX,56.029998779296875,62640.0,30,etf,3509719.1235351562
SMIG,32.4900016784668,237250.0,30,etf,7708252.898216248
SMIN,72.4000015258789,68456.66666666667,30,etf,4956262.771123251
SMIZ,42.18299865722656,20330.0,30,etf,857580.362701416
SMLF,88.1500015258789,165796.66666666666,30,etf,14614976.419652302
SMLL,21.763999938964844,2133.3333333333335,30,etf,46429.866536458336
SMLV,158.8699951171875,2783.3333333333335,30,etf,442188.1530761719
SMMD,90.66999816894531,285460.0,30,etf,25882657.67730713
SMMU,50.11000061035156,98756.66666666667,30,etf,4948696.626942953
SMMV,47.16999816894531,6473.333333333333,30,etf,305347.12148030597
SMN,19.049999237060547,2053.3333333333335,30,etf,39115.99843343099
SMOG,139.99000549316406,1166.6666666666667,30,etf,163321.6730753581
SMOM,29.268999099731445,7473.333333333333,30,etf,218736.98660532632
SMOT,40.426998138427734,24033.333333333332,30,etf,971595.5219268799
SMOX,30.15999984741211,89030.0,30,etf,2685144.7864151
SMRF,25.440000534057617,8363.333333333334,30,etf,212763.2044665019
SMRI,48.689998626708984,22433.333333333332,30,etf,1092278.9691925049
SMRX,25.34000015258789,136.66666666666666,30,etf,3463.1333541870113
SMST,18.450000762939453,615323.3333333334,30,etf,11352715.969454449
SMTG,8.479999542236328,71616.66666666667,30,etf,607309.3005498251
SMTH,25.290000915527344,365543.3333333333,30,etf,9244591.234664917
SMU,6.650000095367432,1634576.6666666667,30,etf,10869934.989218712
SMUP,5.300000190734863,116176.66666666667,30,etf,615736.355492274
SMYY,6.159999847412109,27113.333333333332,30,etf,167018.129196167
SMZ,16.059999465942383,73510.0,30,etf,1180570.5607414246
SNAG,5.558000087738037,66686.66666666667,30,etf,370644.4991842906
SNAV,39.09299850463867,3733.3333333333335,30,etf,145947.19441731772
SNDG,10.770000457763672,8089773.333333333,30,etf,87126862.50320435
SNDQ,11.779999732971191,29576740.0,30,etf,348413989.30215836
SNDU,26.950000762939453,12375213.333333334,30,etf,333512008.7748718
SNK,15.649999618530273,3187940.0,30,etf,49891259.7838974
SNOU,67.41000366210938,94200.0,30,etf,6350022.344970703
SNOV,27.55500030517578,11230.0,30,etf,309442.653427124
SNOY,11.670000076293945,211463.33333333334,30,etf,2467777.1161333723
SNPD,30.530000686645508,716.6666666666666,30,etf,21879.83382542928
SNPE,71.22000122070312,315256.6666666667,30,etf,22452580.1848348
SNPG,59.597999572753906,2160.0,30,etf,128731.67907714844
SNSR,47.540000915527344,12220.0,30,etf,580938.8111877441
SNTH,29.959999084472656,66540.0,30,etf,1993538.3390808105
SNTQ,24.18000030517578,22076.666666666668,30,etf,533813.806737264
SNXX,17.360000610351562,108859370.0,30,etf,1889798729.6424866
SOCL,45.150001525878906,11056.666666666666,30,etf,499208.5168711344
SOEZ,17.610000610351562,20053.333333333332,30,etf,353139.2122395833
SOFA,14.289999961853027,59596.666666666664,30,etf,851636.3643932343
SOFC,22.219999313354492,1096.6666666666667,30,etf,24367.932580312096
SOFR,100.18499755859375,6610.0,30,etf,662222.8338623047
SOFX,9.53600025177002,1230036.6666666667,30,etf,11729629.96301969
SOLC,20.492000579833984,5440.0,30,etf,111476.48315429688
SOLM,9.866999626159668,3166.6666666666665,30,etf,31245.49881617228
SOLT,57.349998474121094,491130.0,30,etf,28166304.750595093
SOLZ,10.109999656677246,1442463.3333333333,30,etf,14583303.804769516
SOUX,10.82699966430664,109936.66666666667,30,etf,1190284.2530949912
SOVF,32.108001708984375,14593.333333333334,30,etf,468562.7716064453
SOXL,117.27999877929688,67031566.666666664,30,etf,7861462056.841023
SOXQ,92.4000015258789,1803596.6666666667,30,etf,166652334.75207013
SOXS,46.34000015258789,56723746.666666664,30,etf,2628578429.18869
SOXX,519.8599853515625,8800236.666666666,30,etf,4574890904.623616
SOXY,89.30500030517578,14413.333333333334,30,etf,1287182.7377319336
SOYB,27.649999618530273,83066.66666666667,30,etf,2296793.301645915
SPAB,24.989999771118164,2958653.3333333335,30,etf,73936746.122818
SPAL,16.729999542236328,1588613.3333333333,30,etf,26577500.33945719
SPAM,43.54100036621094,2603.3333333333335,30,etf,113351.73762003581
SPAQ,93.79000091552734,110.0,30,etf,10316.900100708008
SPBC,50.27199935913086,7633.333333333333,30,etf,383742.92844136554
SPBO,28.270000457763672,488773.3333333333,30,etf,13817622.357076008
SPBU,30.77400016784668,30146.666666666668,30,etf,927733.525060018
SPBW,29.325000762939453,24063.333333333332,30,etf,705657.2683588663
SPBX,29.8700008392334,36640.0,30,etf,1094436.8307495117
SPCF,16.510000228881836,3569573.3333333335,30,etf,58933656.550343834
SPCG,16.190000534057617,1848063.3333333333,30,etf,29920146.353638966
SPCH,9.869999885559082,34403473.333333336,30,etf,339562277.86283493
SPCI,20.559999465942383,16210.0,30,etf,333277.591342926
SPCK,21.854999542236328,3223.3333333333335,30,etf,70445.9485244751
SPCL,22.549999237060547,51560.0,30,etf,1162677.9606628418
SPCM,17.040000915527344,1161900.0,30,etf,19798777.06375122
SPCT,27.583999633789062,6943.333333333333,30,etf,191524.90412394205
SPCU,13.170000076293945,3217833.3333333335,30,etf,42378865.245501205
SPD,42.46099853515625,6033.333333333333,30,etf,256181.35782877603
SPDF,28.209999084472656,15290.0,30,etf,431330.8860015869
SPDG,46.63199996948242,1133.3333333333333,30,etf,52849.59996541341
SPDN,8.510000228881836,35301596.666666664,30,etf,300416595.71322757
SPDV,41.73699951171875,11490.0,30,etf,479558.12438964844
SPDW,52.310001373291016,2395203.3333333335,30,etf,125293089.65597789
SPEM,53.40999984741211,1492880.0,30,etf,79734720.57220459
SPEU,56.779998779296875,24323.333333333332,30,etf,1381078.8369750977
SPFF,9.380000114440918,46500.0,30,etf,436170.0053215027
SPGM,88.19999694824219,98373.33333333333,30,etf,8676527.69978841
SPGP,124.80999755859375,91286.66666666667,30,etf,11393488.643798828
SPHB,148.3800048828125,261266.66666666666,30,etf,38766749.27571614
SPHD,52.29999923706055,765983.3333333334,30,etf,40060927.74893443
SPHQ,85.31999969482422,1437163.3333333333,30,etf,122618775.16141255
SPHY,23.15999984741211,6060483.333333333,30,etf,140360793.07524362
SPIB,32.90999984741211,6468926.666666667,30,etf,212892375.61292014
SPIN,33.44499969482422,2406.6666666666665,30,etf,80490.96593221028
SPIP,25.079999923706055,384013.3333333333,30,etf,9631054.370702107
SPIT,31.77400016784668,4826.666666666667,30,etf,153362.50747680664
SPLB,21.309999465942383,2809233.3333333335,30,etf,59864760.83304088
SPLS,55.777000427246094,2313.3333333333335,30,etf,129030.79432169597
SPLV,74.73999786376953,2149306.6666666665,30,etf,160639175.67525226
SPMB,21.8700008392334,1097050.0,30,etf,23992484.420681
SPMD,66.47000122070312,1381520.0,30,etf,91829636.08642578
SPMO,149.72000122070312,1890956.6666666667,30,etf,283114034.44163007
SPOG,8.277999877929688,40673.333333333336,30,etf,336693.84836832684
SPPP,15.0600004196167,746133.3333333334,30,etf,11236768.313090008
SPRE,20.43000030517578,83100.0,30,etf,1697733.0253601074
SPRX,44.470001220703125,97983.33333333333,30,etf,4357318.9529418945
SPSB,29.809999465942383,5000886.666666667,30,etf,149076428.86257172
SPSK,17.850000381469727,224420.0,30,etf,4005897.085609436
SPSM,56.5099983215332,1595956.6666666667,30,etf,90187508.55457306
SPTB,29.481000900268555,259390.0,30,etf,7647076.82352066
SPTE,48.10499954223633,50870.0,30,etf,2447101.326713562
SPTI,27.899999618530273,1977813.3333333333,30,etf,55180991.245524086
SPTL,25.1200008392334,5422173.333333333,30,etf,136204998.68380228
SPTM,93.38999938964844,465880.0,30,etf,43508532.915649414
SPTS,28.850000381469727,2490656.6666666665,30,etf,71855445.78344345
SPTU,25.024999618530273,3436.6666666666665,30,etf,86002.58202234903
SPUC,49.65999984741211,80293.33333333333,30,etf,3987366.9210815425
SPUS,59.029998779296875,489820.0,30,etf,28914074.002075195
SPUT,28.6560001373291,2220.0,30,etf,63616.320304870605
SPUU,226.25,17070.0,30,etf,3862087.5
SPVM,77.91999816894531,9583.333333333334,30,etf,746733.315785726
SPWO,33.779998779296875,67970.0,30,etf,2296026.5170288086
SPXD,29.746000289916992,706.6666666666666,30,etf,21020.50687154134
SPXE,82.7979965209961,1240.0,30,etf,102669.51568603516
SPXL,290.2900085449219,1636186.6666666667,30,etf,474968641.4477539
SPXN,84.26300048828125,1100.0,30,etf,92689.30053710938
SPXS,24.440000534057617,11323933.333333334,30,etf,276756936.71429956
SPXT,111.39199829101562,13910.0,30,etf,1549462.6962280273
SPXU,34.25,7292526.666666667,30,etf,249769038.33333334
SPXV,84.28500366210938,543.3333333333334,30,etf,45794.851989746094
SPY,770.1900024414062,42364440.0,30,etf,32628668147.02881
SPYA,30.805999755859375,100.0,30,etf,3080.5999755859375
SPYC,46.65999984741211,11113.333333333334,30,etf,518548.13163757324
SPYD,49.619998931884766,929723.3333333334,30,etf,46132870.80694835
SPYG,121.69999694824219,2453356.6666666665,30,etf,298573498.84628296
SPYH,56.810001373291016,17396.666666666668,30,etf,988304.6572240194
SPYI,53.86000061035156,2600240.0,30,etf,140048927.98706055
SPYM,90.66999816894531,9269543.333333334,30,etf,840469477.0602926
SPYQ,195.6649932861328,1496.6666666666667,30,etf,292845.2732849121
SPYT,17.229999542236328,126720.0,30,etf,2183385.5419921875
SPYU,35.349998474121094,579100.0,30,etf,20471184.116363525
SPYV,63.439998626708984,1814600.0,30,etf,115118221.50802612
SPYX,63.1150016784668,58713.333333333336,30,etf,3705692.131881714
SQLT,28.889999389648438,256.6666666666667,30,etf,7415.0998433431
SQLV,54.323001861572266,9616.666666666666,30,etf,522406.20123545325
SQMX,34.849998474121094,5570.0,30,etf,194114.4915008545
SQQQ,38.18000030517578,49143530.0,30,etf,1876299990.3974152
SQS,28.5,11170.0,30,etf,318345.0
SRET,21.920000076293945,28640.0,30,etf,627788.8021850586
SRHQ,49.720001220703125,1730.0,30,etf,86015.6021118164
SRHR,57.81399917602539,223.33333333333334,30,etf,12911.793149312338
SRLN,40.56999969482422,1632223.3333333333,30,etf,66219300.1352183
SROI,37.85900115966797,373.3333333333333,30,etf,14134.027099609375
SRS,40.77000045776367,12493.333333333334,30,etf,509353.20571899414
SRTY,22.5,1525443.3333333333,30,etf,34322475.0
SRVR,30.579999923706055,124303.33333333333,30,etf,3801195.9238497415
SSCP,26.770000457763672,7796.666666666667,30,etf,208716.77023569745
SSFI,21.020000457763672,5976.666666666667,30,etf,125629.53606923422
SSG,11.739999771118164,579980.0,30,etf,6808965.067253113
SSK,13.729999542236328,81513.33333333333,30,etf,1119178.0293528237
SSMG,25.600000381469727,206.66666666666666,30,etf,5290.666745503743
SSO,70.80000305175781,2956770.0,30,etf,209339325.02334595
SSPC,9.510000228881836,18095370.0,30,etf,172086972.8417015
SSPY,100.36199951171875,1353.3333333333333,30,etf,135823.2393391927
SSS,22.56999969482422,1610.0,30,etf,36337.69950866699
SSUS,56.45000076293945,22903.333333333332,30,etf,1292893.1841405232
SSXU,36.909000396728516,3023.3333333333335,30,etf,111588.21119944255
STAX,25.16699981689453,5960.0,30,etf,149995.3189086914
STBF,25.25,21820.0,30,etf,550955.0
STBQ,23.836999893188477,2430.0,30,etf,57923.909740448
STCE,69.3030014038086,72973.33333333333,30,etf,5057271.022440592
STEN,28.479000091552734,4830.0,30,etf,137553.5704421997
STHH,10.494999885559082,8623.333333333334,30,etf,90501.88234647116
STIP,100.80999755859375,945690.0,30,etf,95335006.59118652
STLL,12.25,14336.842105263158,19,etf,175626.31578947368
STLU,16.510000228881836,18316.666666666668,30,etf,302408.170859019
STNC,36.731998443603516,1443.3333333333333,30,etf,53016.517753601074
STOT,46.67499923706055,51640.0,30,etf,2410296.9606018066
STOX,32.119998931884766,90613.33333333333,30,etf,2910500.1698811846
STPZ,52.58000183105469,86306.66666666667,30,etf,4538004.6913655605
STRN,26.225000381469727,14110.0,30,etf,370034.75538253784
STSM,16.98200035095215,9330.0,30,etf,158442.06327438354
STXD,39.94200134277344,5716.666666666667,30,etf,228335.10767618817
STXE,51.40999984741211,7196.666666666667,30,etf,369980.63223520917
STXF,49.790000915527344,47340.0,30,etf,2357058.6433410645
STXG,56.39899826049805,5700.0,30,etf,321474.29008483887
STXK,38.255001068115234,10113.333333333334,30,etf,386885.57746887207
STXL,31.770000457763672,191813.33333333334,30,etf,6093909.687805176
STXT,19.59000015258789,15543.333333333334,30,etf,304493.9023717245
STXU,12.069999694824219,81073.33333333333,30,etf,978555.1085917155
STXV,39.78499984741211,10856.666666666666,30,etf,431932.4816767374
STXX,40.15999984741211,100820.0,30,etf,4048931.184616089
SUB,105.88999938964844,473916.6666666667,30,etf,50183035.54407756
SUIL,6.489999771118164,23290.0,30,etf,151152.09466934204
SUIS,19.690000534057617,1970.0,30,etf,38789.301052093506
SUPL,46.946998596191406,626.6666666666666,30,etf,29420.119120279945
SUPP,79.37000274658203,276.6666666666667,30,etf,21959.03409322103
SURE,150.55999755859375,403.3333333333333,30,etf,60725.86568196614
SURI,20.395000457763672,3263.3333333333335,30,etf,66555.68482716879
SUSA,158.1300048828125,43096.666666666664,30,etf,6814876.110432942
SUSB,24.719999313354492,169326.66666666666,30,etf,4185755.0837326045
SUSC,22.559999465942383,229746.66666666666,30,etf,5183084.677302042
SUSL,137.8699951171875,22086.666666666668,30,etf,3045088.6254882812
SVAL,43.792999267578125,55873.333333333336,30,etf,2446860.8457438154
SVIX,28.709999084472656,1862783.3333333333,30,etf,53480507.79457092
SVOL,16.670000076293945,296510.0,30,etf,4942821.722621918
SVXY,63.529998779296875,1296540.0,30,etf,82369184.61730957
SWAN,33.22999954223633,9630.0,30,etf,320004.89559173584
SWP,28.575000762939453,9356.666666666666,30,etf,267366.75713857013
WIP,39.72999954223633,40266.666666666664,30,etf,1599794.6482340493
WISE,35.430999755859375,4376.666666666667,30,etf,155069.67559814453
WLDR,48.45500183105469,18563.333333333332,30,etf,899486.3506571451
WLDU,18.020000457763672,8543.333333333334,30,etf,153950.87057749432
WLTG,38.8390007019043,11220.0,30,etf,435773.5878753662
WMSB,24.850000381469727,496.6666666666667,30,etf,12342.166856129965
WMTI,19.149999618530273,32226.666666666668,30,etf,617140.654373169
WNTR,17.510000228881836,198136.66666666666,30,etf,3469373.078683217
WOMN,45.470001220703125,1103.3333333333333,30,etf,50168.56801350911
WOOD,71.7300033569336,30720.0,30,etf,2203545.703125
WQTM,31.950000762939453,207456.66666666666,30,etf,6628240.6582768755
WRND,43.22600173950195,126.66666666666667,30,etf,5475.293553670248
WRTH,25.889999389648438,47246.666666666664,30,etf,1223216.171162923
WSDB,24.850000381469727,696.6666666666666,30,etf,17312.16693242391
WSGE,28.905000686645508,1546.6666666666667,30,etf,44706.40106201172
WSMD,24.780000686645508,14214.285714285714,28,etf,352230.0097601754
WSML,35.64899826049805,10880.0,30,etf,387861.10107421875
WTAI,41.939998626708984,314096.6666666667,30,etf,13173213.76865387
WTBN,24.670000076293945,9306.666666666666,30,etf,229595.46737670896
WTID,2.744999885559082,74473.33333333333,30,etf,204429.29147720337
WTIP,36.91999816894531,8106.666666666667,30,etf,299298.1184895834
WTIU,23.945999145507812,47103.333333333336,30,etf,1127936.3797505698
WTMF,42.099998474121094,26620.0,30,etf,1120701.9593811035
WTMU,25.084999084472656,706.6666666666666,30,etf,17726.732686360676
WTMY,24.825000762939453,666.6666666666666,30,etf,16550.0005086263
WTPI,33.13999938964844,110016.66666666667,30,etf,3645952.2661844892
WTRE,23.940000534057617,3780.0,30,etf,90493.2020187378
WTV,109.19000244140625,158256.66666666666,30,etf,17280045.81970215
WUGI,84.75299835205078,593.3333333333334,30,etf,50286.7790222168
WULX,16.719999313354492,364186.6666666667,30,etf,6089200.816599528
WWJD,41.13999938964844,61783.333333333336,30,etf,2541766.2956237793
WX,25.209999084472656,170.0,30,etf,4285.699844360352
WXET,24.485000610351562,22106.666666666668,30,etf,541281.7468261719
WZRD,11.833000183105469,2367.366666666667,30,etf,28013.05020014445
XAGG,49.619998931884766,308853.3333333333,30,etf,15325302.070109049
XAIW,24.350000381469727,3876.470588235294,17,etf,94392.0603022856
XAIX,57.231998443603516,12196.666666666666,30,etf,698039.6076838175
XAPR,38.5099983215332,1606.6666666666667,30,etf,61872.73063659668
XAR,252.9199981689453,214803.33333333334,30,etf,54328058.67335002
XAUG,39.69499969482422,4823.333333333333,30,etf,191462.21519470215
XB,38.9640007019043,7690.0,30,etf,299633.16539764404
XBAP,42.86000061035156,7840.0,30,etf,336022.40478515625
XBB,40.540000915527344,277303.3333333333,30,etf,11241877.387212116
XBCI,38.27000045776367,167226.66666666666,30,etf,6399764.609883626
XBFR,27.0,10110.0,30,etf,272970.0
XBI,163.80999755859375,8122036.666666667,30,etf,1330470806.5374756
XBIL,50.060001373291016,98520.0,30,etf,4931911.335296631
XBIX,39.09000015258789,430.0,30,etf,16808.700065612793
XBJA,34.61000061035156,6556.666666666667,30,etf,226926.23733520508
XBJL,41.005001068115234,4583.333333333333,30,etf,187939.58822886148
XBOC,36.284000396728516,2946.6666666666665,30,etf,106916.85450236002
XBOX,100.83999633789062,53643.333333333336,30,etf,5409393.53688558
XBTY,5.599999904632568,19710.0,30,etf,110375.99812030792
XC,32.834999084472656,12896.666666666666,30,etf,423462.038192749
XCCC,35.33000183105469,388090.0,30,etf,13711220.410614014
XCEM,52.275001525878906,144060.0,30,etf,7530736.719818115
XCHG,27.643999099731445,1320.0,30,etf,36490.07881164551
XCLR,28.097000122070312,590.0,30,etf,16577.230072021484
XCNY,34.2400016784668,796.6666666666666,30,etf,27277.868003845215
XCOR,89.17500305175781,1636.6666666666667,30,etf,145949.7549947103
XDAT,26.179000854492188,1123.3333333333333,30,etf,29407.744293212887
XDEC,43.66999816894531,4516.666666666667,30,etf,197242.82506306967
XDEF,22.200000762939453,1120.0,30,etf,24864.000854492188
XDIV,31.42300033569336,36350.0,30,etf,1142226.0622024536
XDQQ,39.91600036621094,17540.0,30,etf,700126.6464233398
XDSQ,44.77799987792969,15336.666666666666,30,etf,686745.2581278483
XDTE,38.79499816894531,109623.33333333333,30,etf,4252837.015940348
XEMD,44.3849983215332,218176.66666666666,30,etf,9683770.983797709
XEML,25.808000564575195,123.33333333333333,30,etf,3182.9867362976074
XES,122.3499984741211,57620.0,30,etf,7049806.912078857
XEUR,26.34000015258789,110.0,30,etf,2897.400016784668
XEY,19.790000915527344,126.66666666666667,30,etf,2506.7334493001304
XFEB,38.150001525878906,2130.0,30,etf,81259.50325012207
XFIV,47.75600051879883,55743.333333333336,30,etf,2662078.6555862427
XFLX,22.74799919128418,1613.3333333333333,30,etf,36700.10536193848
XHB,103.25,1806460.0,30,etf,186516995.0
XHE,94.19999694824219,24710.0,30,etf,2327681.9245910645
XHLF,50.189998626708984,325896.6666666667,30,etf,16356753.252449038
XHOA,24.989999771118164,110.0,30,etf,2748.899974822998
XHS,135.61000061035156,18796.666666666668,30,etf,2549015.9781392417
XIDE,30.325000762939453,1303.3333333333333,30,etf,39523.584327697754
XIDV,39.8650016784668,4723.333333333333,30,etf,188295.6912612915
XIJN,30.815000534057617,4113.333333333333,30,etf,126752.36886342366
XIMR,31.360000610351562,1906.6666666666667,30,etf,59793.06783040365
XISE,30.325000762939453,3123.3333333333335,30,etf,94715.08571624756
XITK,196.093994140625,2520.0,30,etf,494156.865234375
XIWC,25.25,196.66666666666666,30,etf,4965.833333333333
XJAN,39.20000076293945,2800.0,30,etf,109760.00213623047
XJH,51.26599884033203,14076.666666666666,30,etf,721654.3770090739
XJR,51.303001403808594,8020.0,30,etf,411450.0712585449
XJUL,41.71500015258789,9826.666666666666,30,etf,409919.4014994303
XJUN,45.36000061035156,6530.0,30,etf,296200.8039855957
XKRE,28.540000915527344,103.33333333333333,30,etf,2949.133427937825
XLB,52.439998626708984,11425023.333333334,30,etf,599128207.9101181
XLBI,24.298999786376953,6583.333333333333,30,etf,159968.41526031494
XLBX,25.110000610351562,613.3333333333334,30,etf,15400.800374348959
XLC,112.02999877929688,4668216.666666667,30,etf,522980307.46816003
XLCI,23.68600082397461,3190.0,30,etf,75558.342628479
XLE,64.05999755859375,26643703.333333332,30,etf,1706795570.4852295
XLEI,27.899999618530273,123596.66666666667,30,etf,3448346.9528516135
XLEX,29.549999237060547,1856.6666666666667,30,etf,54864.49858347575
XLF,58.099998474121094,29293656.666666668,30,etf,1701961407.6347606
XLFI,24.51799964904785,8920.0,30,etf,218700.55686950684
XLFX,30.969999313354492,820.0,30,etf,25395.399436950684
XLG,63.040000915527344,1092296.6666666667,30,etf,68858382.86669414
XLI,175.27000427246094,6633056.666666667,30,etf,1162575870.3061423
XLII,25.09000015258789,21030.0,30,etf,527642.7032089233
XLIX,24.469999313354492,150.0,30,etf,3670.499897003174
XLK,187.27999877929688,7340723.333333333,30,etf,1374770656.9058228
XLKI,26.645000457763672,22356.666666666668,30,etf,595693.3935674032
XLKX,21.170000076293945,380.0,30,etf,8044.600028991699
XLP,84.58000183105469,10058890.0,30,etf,850780934.6183777
XLPX,26.25,650.0,30,etf,17062.5
XLRE,43.93000030517578,5352476.666666667,30,etf,235134301.60011292
XLRI,23.194000244140625,3723.3333333333335,30,etf,86358.99424235027
XLSI,23.274999618530273,9156.666666666666,30,etf,213121.41317367554
XLSR,66.26200103759766,41456.666666666664,30,etf,2747001.689682007
XLU,43.08000183105469,20936363.333333332,30,etf,901938570.7356262
XLUI,23.145999908447266,34736.666666666664,30,etf,804014.8834864298
XLUX,23.59000015258789,503.3333333333333,30,etf,11873.633410135904
XLV,171.4499969482422,8698996.666666666,30,etf,1491442951.9527688
XLVI,26.597000122070312,38493.333333333336,30,etf,1023807.1913655599
XLVX,33.5,1173.3333333333333,30,etf,39306.666666666664
XLY,114.91000366210938,5949520.0,30,etf,683659364.987793
XLYI,22.399999618530273,25173.333333333332,30,etf,563882.657063802
XLYX,23.110000610351562,203.33333333333334,30,etf,4699.033457438151
XMAG,25.9950008392334,62416.666666666664,30,etf,1622521.3023821511
XMAR,43.505001068115234,6536.666666666667,30,etf,284377.6903152466
XMAY,36.880001068115234,483.3333333333333,30,etf,17825.333849589028
XME,118.62000274658203,2070470.0,30,etf,245599157.0867157
XMHQ,118.08000183105469,149153.33333333334,30,etf,17612025.87310791
XMLV,67.61000061035156,22080.0,30,etf,1492828.8134765625
XMMO,154.27999877929688,332933.3333333333,30,etf,51364954.260253906
XMPT,21.049999237060547,35686.666666666664,30,etf,751204.3061065674
XMVM,75.86000061035156,30270.0,30,etf,2296282.218475342
XNAV,91.7490005493164,1896.6666666666667,30,etf,174017.27104187012
XNDX,7.329999923706055,54313.333333333336,30,etf,398116.72918955487
XNOV,40.35499954223633,1360.0,30,etf,54882.799377441406
XNTK,361.3999938964844,64416.666666666664,30,etf,23280182.9401652
XOCT,40.244998931884766,2750.0,30,etf,110673.7470626831
XOEF,30.049999237060547,3216.6666666666665,30,etf,96660.83087921143
XOEX,41.551998138427734,155776.66666666666,30,etf,6472831.763343811
XOMO,10.800000190734863,51216.666666666664,30,etf,553140.0097688038
XOMX,46.49399948120117,19883.333333333332,30,etf,924455.6896845499
XONE,49.224998474121094,116806.66666666667,30,etf,5749807.988433838
XOP,190.7100067138672,2854790.0,30,etf,544437020.0666809
XOVR,21.049999237060547,1429936.6666666667,30,etf,30100165.742378235
XPAV,22.719999313354492,100.0,30,etf,2271.999931335449
XPAY,53.22999954223633,46950.0,30,etf,2499148.4785079956
XPEG,3.325000047683716,58843.333333333336,30,etf,195654.08613920212
XPH,70.93000030517578,140620.0,30,etf,9974176.642913818
XPND,38.82400131225586,3873.3333333333335,30,etf,150378.2984161377
XPP,21.559999465942383,3266.6666666666665,30,etf,70429.33158874512
XQQI,48.79999923706055,272003.3333333333,30,etf,13273762.45914459
XQTM,12.6899995803833,1410.0,30,etf,17892.899408340454
XRLX,49.13999938964844,1850.0,30,etf,90908.99887084961
XRMI,17.354999542236328,10003.333333333334,30,etf,173607.8454208374
XRP,15.649999618530273,1510706.6666666667,30,etf,23642558.757044476
XRPC,14.885000228881836,278823.3333333333,30,etf,4150285.380484263
XRPI,7.619999885559082,266623.3333333333,30,etf,2031669.7694873807
XRPM,10.40999984741211,21516.666666666668,30,etf,223988.49671681723
XRPR,11.444999694824219,41153.333333333336,30,etf,470999.8874409994
XRPT,35.349998474121094,319733.3333333333,30,etf,11302572.845458984
XRPZ,15.199999809265137,491070.0,30,etf,7464263.906335831
XRT,87.58999633789062,4005210.0,30,etf,350816329.2324829
XSD,491.45001220703125,84806.66666666667,30,etf,41678237.36857097
XSEM,18.229999542236328,2563.3333333333335,30,etf,46729.56549326579
XSEP,45.14500045776367,3520.0,30,etf,158910.40161132812
XSHD,14.1899995803833,26893.333333333332,30,etf,381616.3887151082
XSHQ,48.220001220703125,68853.33333333333,30,etf,3320107.817382812
XSLV,52.83000183105469,12736.666666666666,30,etf,672878.1233215332
XSMO,85.04000091552734,271596.6666666667,30,etf,23096580.78198751
XSOE,48.599998474121094,89526.66666666667,30,etf,4350995.863393148
XSPC,20.81999969482422,2493.3333333333335,30,etf,51911.199239095055
XSPI,49.77000045776367,88066.66666666667,30,etf,4383078.040313721
XSVM,70.55999755859375,33463.333333333336,30,etf,2361172.718302409
XSVN,46.10599899291992,52173.333333333336,30,etf,2405503.6541239424
XSW,202.99000549316406,54253.333333333336,30,etf,11012884.431355795
XT,82.3759994506836,72773.33333333333,30,etf,5994776.06669108
XTAI,25.270000457763672,883.3333333333334,30,etf,22321.833737691246
XTAP,46.65999984741211,3613.3333333333335,30,etf,168598.13278198242
XTEN,44.13999938964844,180406.66666666666,30,etf,7963150.156555176
XTJA,35.0890007019043,3533.3333333333335,30,etf,123981.13581339519
XTJL,42.46500015258789,6336.666666666667,30,etf,269086.5509668986
XTL,208.4600067138672,68776.66666666667,30,etf,14337184.39509074
XTN,105.5199966430664,34070.0,30,etf,3595066.2856292725
XTOC,37.1150016784668,11216.666666666666,30,etf,416306.60216013587
XTR,29.072999954223633,1490.0,30,etf,43318.76993179321
XTRE,48.494998931884766,37796.666666666664,30,etf,1832949.3096288044
XTWO,48.665000915527344,62730.0,30,etf,3052755.5074310303
XTWY,35.29800033569336,56380.0,30,etf,1990101.2589263916
XUDV,33.84000015258789,9270.0,30,etf,313696.80141448975
XUSP,54.202999114990234,5910.0,30,etf,320339.7247695923
XV,24.760000228881836,52863.333333333336,30,etf,1308896.1454327903
XVV,59.04199981689453,16440.0,30,etf,970650.4769897461
XW,25.030000686645508,230.0,30,etf,5756.900157928467
XXRP,33.22999954223633,428000.0,30,etf,14222439.804077148
XXV,23.367000579833984,26086.666666666668,30,etf,609567.1551259359
XXX,21.829999923706055,1660.0,30,etf,36237.79987335205
XYLD,41.65999984741211,474143.3333333333,30,etf,19752811.194318134
XYLG,29.604999542236328,12416.666666666666,30,etf,367595.4109827677
XYZG,18.420000076293945,10000.0,30,etf,184200.00076293945
XYZY,25.208999633789062,10896.666666666666,30,etf,274694.0660095215
YALL,44.60300064086914,7936.666666666667,30,etf,353999.1484196981
YANG,27.600000381469727,695273.3333333334,30,etf,19189544.26522573
YBIT,21.360000610351562,30583.333333333332,30,etf,653260.0186665852
YBST,12.295000076293945,1230.0,30,etf,15122.850093841553
YBTC,18.400999069213867,89846.66666666667,30,etf,1653268.429705302
YBTY,10.664999961853027,3663.3333333333335,30,etf,39069.44986025493
YCL,18.610000610351562,37686.666666666664,30,etf,701348.8896687825
YCS,52.84000015258789,27996.666666666668,30,etf,1479343.8709386191
YDEC,28.371999740600586,6570.0,30,etf,186404.03829574585
YEAR,50.16999816894531,138230.0,30,etf,6934998.846893311
YETH,9.170000076293945,53850.0,30,etf,493804.50410842896
YFFI,9.800000190734863,2316.6666666666665,30,etf,22703.33377520243
YFYA,9.760000228881836,51000.0,30,etf,497760.01167297363
YGLD,35.40599822998047,15660.0,30,etf,554457.9322814941
YINN,30.31999969482422,1000953.3333333334,30,etf,30348904.76119995
YJUN,27.639999389648438,12670.0,30,etf,350198.7922668457
YLD,18.889999389648438,199420.0,30,etf,3767043.6782836914
YLDE,56.994998931884766,14270.0,30,etf,813318.6347579956
YLDW,25.790000915527344,8203.333333333334,30,etf,211563.97417704266
YMAG,11.279999732971191,962863.3333333334,30,etf,10861098.142887753
YMAR,29.44499969482422,10663.333333333334,30,etf,313981.84674580896
YMAX,7.690000057220459,1114990.0,30,etf,8574273.16380024
YNOT,33.15700149536133,73603.33333333333,30,etf,2440465.8333969116
YOKE,31.64299964904785,5686.666666666667,30,etf,179943.19133758545
YOLO,3.069999933242798,29983.333333333332,30,etf,92048.83133172989
YQQQ,9.699999809265137,40860.0,30,etf,396341.9922065735
YSAG,66.33999633789062,1580.0,30,etf,104817.19421386719
YSAU,44.400001525878906,4013.3333333333335,30,etf,178192.0061238607
YSEP,28.459999084472656,8116.666666666667,30,etf,231000.32590230307
YSPC,47.36000061035156,21150.0,30,etf,1001664.0129089355
YSPY,15.050000190734863,9096.666666666666,30,etf,136904.8350683848
YXI,21.6299991607666,1366.6666666666667,30,etf,29560.99885304769
YYY,11.149999618530273,295003.3333333333,30,etf,3289287.0541318255
YYYM,19.059999465942383,1963.3333333333333,30,etf,37421.13228480021
ZALT,34.584999084472656,93736.66666666667,30,etf,3241882.5308481855
ZAP,31.860000610351562,113410.0,30,etf,3613242.6692199707
ZAPR,26.979999542236328,7316.666666666667,30,etf,197403.6633173625
ZAUG,27.920000076293945,113096.66666666667,30,etf,3157658.9419619245
ZCBA,48.54499816894531,116.66666666666667,30,etf,5663.583119710287
ZCBB,48.30099868774414,100.0,30,etf,4830.099868774414
ZCBC,48.20800018310547,100.0,30,etf,4820.800018310547
ZCBE,48.0880012512207,100.0,30,etf,4808.80012512207
ZCBF,47.93600082397461,100.0,30,etf,4793.600082397461
ZCBG,47.88800048828125,100.0,30,etf,4788.800048828125
ZDEK,26.78499984741211,5010.0,30,etf,134192.84923553467
ZECP,37.91999816894531,43110.0,30,etf,1634731.1210632324
ZFEB,26.329999923706055,5753.333333333333,30,etf,151485.26622772217
ZHDG,24.03499984741211,4966.666666666667,30,etf,119373.83257548015
ZHOG,50.81999969482422,1216.6666666666667,30,etf,61830.999628702804
ZIG,40.78799819946289,840.0,30,etf,34261.91848754883
ZINC,26.75,6043.333333333333,30,etf,161659.16666666666
ZJAN,28.3700008392334,19180.0,30,etf,544136.6160964966
ZJUL,30.280000686645508,28086.666666666668,30,etf,850464.2859522502
ZJUN,27.739999771118164,37383.333333333336,30,etf,1037013.6581103008
ZMAR,28.610000610351562,5526.666666666667,30,etf,158117.93670654297
ZMAY,26.30699920654297,22893.333333333332,30,etf,602254.9018351237
ZMUN,49.93000030517578,5996.666666666667,30,etf,299413.5684967041
ZNOV,27.8700008392334,16540.0,30,etf,460969.8138809204
ZOCT,27.985000610351562,9010.0,30,etf,252144.85549926758
ZROZ,58.880001068115234,791763.3333333334,30,etf,46619025.912361145
ZSB,21.940000534057617,223.33333333333334,30,etf,4899.933452606201
ZSC,31.5,196.66666666666666,30,etf,6195.0
ZSEP,27.899999618530273,132776.66666666666,30,etf,3704468.949349721
ZSL,23.350000381469727,2749563.3333333335,30,etf,64202304.88220851
ZTAX,25.03499984741211,846.6666666666666,30,etf,21196.299870808918
ZTEN,49.11000061035156,2006.6666666666667,30,etf,98547.40122477214
ZTOP,51.369998931884766,640.0,30,etf,32876.79931640625
ZTRE,50.33000183105469,2396.6666666666665,30,etf,120624.23772176106
ZTWO,50.2400016784668,1880.0,30,etf,94451.20315551758
ZVOL,8.010000228881836,54583.333333333336,30,etf,437212.51249313354
AAA,24.950000762939453,33926.666666666664,30,etf,846470.3592173258
AAAA,30.85700035095215,6226.666666666667,30,etf,192136.2555185954
AAAC,20.075000762939453,116.66666666666667,30,etf,2342.0834223429365
AAAU,43.720001220703125,1386443.3333333333,30,etf,60615304.22576904
AADR,84.68000030517578,3263.3333333333335,30,etf,276339.067662557
AAEQ,54.99100112915039,826.6666666666666,30,etf,45459.227600097656
AALG,10.157999992370605,29640.0,30,etf,301083.11977386475
AAOG,2.4200000762939453,3046480.0,30,etf,7372481.8324279785
AAOX,10.829999923706055,9369523.333333334,30,etf,101471936.98516211
AAPB,40.358001708984375,70770.0,30,etf,2856135.780944824
AAPD,10.899999618530273,10274203.333333334,30,etf,111988812.4140358
AAPR,29.825000762939453,2790.0,30,etf,83211.75212860107
AAPU,41.34000015258789,1926173.3333333333,30,etf,79628005.89391072
AAPW,39.790000915527344,15850.0,30,etf,630671.5145111084
AAPX,37.310001373291016,58716.666666666664,30,etf,2190718.913968404
AAPY,26.680999755859375,8163.333333333333,30,etf,217805.89467366535
AAUA,58.88999938964844,10353.333333333334,30,etf,609707.7936808269
AAUB,51.18000030517578,6173.333333333333,30,etf,315951.2018839518
AAUS,61.79199981689453,2270.0,30,etf,140267.8395843506
AAVM,34.6150016784668,1340.0,30,etf,46384.10224914551
AAXJ,119.54000091552734,426830.0,30,etf,51023258.590774536
ABCS,35.92300033569336,2283.3333333333335,30,etf,82024.18409983318
ABEQ,38.981998443603516,12330.0,30,etf,480648.04080963135
ABFL,82.05000305175781,12666.666666666666,30,etf,1039300.0386555989
ABI,24.75,1823.3333333333333,30,etf,45127.5
ABIG,35.224998474121094,3670.0,30,etf,129275.74440002441
ABLD,32.862998962402344,15343.333333333334,30,etf,504227.94741312665
ABLG,31.642000198364258,2793.3333333333335,30,etf,88386.65388743083
ABLS,22.211000442504883,570.0,30,etf,12660.270252227783
ABOT,43.86000061035156,356.6666666666667,30,etf,15643.400217692059
ABUF,27.75,2806.6666666666665,30,etf,77885.0
ABXB,19.165000915527344,280.0,30,etf,5366.200256347656
ACEI,23.781999588012695,25620.0,30,etf,609294.8294448853
ACEP,20.625,3570.0,30,etf,73631.25
ACES,30.238000869750977,70636.66666666667,30,etf,2135911.588102977
ACGR,69.75299835205078,320.0,30,etf,22320.95947265625
ACHX,31.3799991607666,476.6666666666667,30,etf,14957.799599965414
ACII,25.3799991607666,52140.0,30,etf,1323313.1562423706
ACIO,47.060001373291016,142040.0,30,etf,6684402.595062256
ACKY,17.920000076293945,25150.0,30,etf,450688.0019187927
ACLC,86.66000366210938,8106.666666666667,30,etf,702523.7630208334
ACLO,50.40999984741211,54373.333333333336,30,etf,2740959.725036621
ACSG,48.51499938964844,18683.333333333332,30,etf,906421.9052632649
ACSI,78.01399993896484,290.0,30,etf,22624.059982299805
ACSV,49.90999984741211,2803.3333333333335,30,etf,139914.36623891196
ACTS,26.3700008392334,8210.0,30,etf,216497.7068901062
ACVF,55.46699905395508,4346.666666666667,30,etf,241096.5558878581
ACVT,28.6299991607666,12640.0,30,etf,361883.18939208984
ACVU,32.20000076293945,6586.666666666667,30,etf,212090.67169189453
ACWI,161.88999938964844,2188060.0,30,etf,354225032.06451416
ACWV,127.51000213623047,86776.66666666667,30,etf,11064892.952041626
ACWX,78.5,1918856.6666666667,30,etf,150630248.33333334
ACYS,20.479999542236328,394086.6666666667,30,etf,8070894.752934774
ADBG,4.690000057220459,4040900.0,30,etf,18951821.231222153
ADBU,26.530000686645508,20516.666666666668,30,etf,544307.1807543437
ADIU,10.09000015258789,20073.333333333332,30,etf,202539.93639628091
ADIV,20.27899932861328,7100.0,30,etf,143980.8952331543
ADME,56.52399826049805,13493.333333333334,30,etf,762697.1498616537
ADPV,45.19200134277344,9130.0,30,etf,412602.9722595215
ADVE,47.770999908447266,1896.6666666666667,30,etf,90605.66315968832
AEHG,7.050000190734863,713336.6666666666,30,etf,5029023.636058171
AELV,27.14900016784668,316.6666666666667,30,etf,8597.183386484783
AESR,20.1200008392334,37280.0,30,etf,750073.6312866211
AETH,38.108001708984375,1090.0,30,etf,41537.72186279297
AFGR,37.2140007019043,4316.666666666667,30,etf,160640.43636322021
AFIF,9.40999984741211,189163.33333333334,30,etf,1780026.9378026328
AFIX,24.326000213623047,8116.666666666667,30,etf,197446.03506724042
AFK,29.780000686645508,61540.0,30,etf,1832661.2422561646
AFLG,45.040000915527344,67413.33333333333,30,etf,3036296.595052083
AFMC,41.141998291015625,25236.666666666668,30,etf,1038286.896870931
AFOS,46.2400016784668,17440.0,30,etf,806425.6292724609
AFRU,9.479999542236328,59400.0,30,etf,563111.9728088379
AFSC,37.858001708984375,463.3333333333333,30,etf,17540.874125162758
AFSM,40.459999084472656,14893.333333333334,30,etf,602584.2530314128
AGEM,50.369998931884766,12330.0,30,etf,621062.0868301392
AGG,97.0,8422876.666666666,30,etf,817019036.6666666
AGGA,24.895000457763672,11780.0,30,etf,293263.10539245605
AGGH,19.559999465942383,348156.6666666667,30,etf,6809944.2140642805
AGGM,101.63999938964844,16886.666666666668,30,etf,1716360.7896931968
AGGS,40.125,583.3333333333334,30,etf,23406.25
AGGY,42.540000915527344,123213.33333333333,30,etf,5241495.312805176
AGIQ,25.69099998474121,5326.666666666667,30,etf,136847.39325205487
AGIX,45.93000030517578,151703.33333333334,30,etf,6967734.146296184
AGMI,78.66500091552734,1423.3333333333333,30,etf,111966.51796976724
AGNG,38.20399856567383,13073.333333333334,30,etf,499453.60791524255
AGOX,33.59000015258789,45106.666666666664,30,etf,1515132.9402160645
AGQ,81.69999694824219,2436593.3333333335,30,etf,199069667.8974406
AGQI,18.860000610351562,4270.0,30,etf,80532.20260620117
AGRW,32.91600036621094,706.6666666666666,30,etf,23260.640258789062
AGZ,108.11000061035156,36216.666666666664,30,etf,3915383.855438232
AGZD,22.56999969482422,54833.333333333336,30,etf,1237588.316599528
AHD,27.030000686645508,3350.0,30,etf,90550.50230026245
AHLT,29.614999771118164,32596.666666666668,30,etf,965350.2758725485
AHYB,45.810001373291016,3066.6666666666665,30,etf,140484.00421142578
AIA,143.74000549316406,486446.6666666667,30,etf,69921846.53879802
AIBD,48.41299819946289,6506.666666666667,30,etf,315007.24161783856
AIBU,65.23300170898438,6226.666666666667,30,etf,406184.15730794275
AIEQ,50.61800003051758,3540.0,30,etf,179187.72010803223
AIFD,51.83300018310547,13930.0,30,etf,722033.6925506592
AIHY,21.34000015258789,21050.0,30,etf,449207.0032119751
AIMS,28.030000686645508,4056.6666666666665,30,etf,113708.3694521586
AINP,24.704999923706055,5656.666666666667,30,etf,139747.9495684306
AINT,30.65999984741211,4180.0,30,etf,128158.79936218262
AIOO,26.485000610351562,13443.333333333334,30,etf,356046.69153849286
AIPI,37.220001220703125,150036.66666666666,30,etf,5584364.916483561
AIPO,29.06999969482422,1140246.6666666667,30,etf,33146970.252024334
AIQ,64.31999969482422,1431196.6666666667,30,etf,92054569.16323344
AIQD,47.36000061035156,340.0,30,etf,16102.400207519531
AIQU,18.350000381469727,13026.666666666666,30,etf,239039.3383026123
AIRR,108.72000122070312,715400.0,30,etf,77778288.87329102
AIS,70.33000183105469,463396.6666666667,30,etf,32590688.415171307
AIUP,30.25,2136.6666666666665,30,etf,64634.166666666664
AIVC,110.91999816894531,9006.666666666666,30,etf,999019.4501749674
AIVI,60.63999938964844,3013.3333333333335,30,etf,182728.53149414062
AIVL,133.69000244140625,2413.3333333333335,30,etf,322638.53922526044
AIX,23.549999237060547,406.6666666666667,30,etf,9576.999689737957
AIYY,7.659999847412109,66046.66666666667,30,etf,505917.4565887452
AJAN,28.610000610351562,2683.3333333333335,30,etf,76770.16830444336
AJUL,30.389999389648438,31943.333333333332,30,etf,970757.8805033365
AKRE,59.54999923706055,393450.0,30,etf,23429947.199821472
ALA,11.680000305175781,7523.333333333333,30,etf,87872.53562927246
ALAI,45.58000183105469,53910.0,30,etf,2457217.898712158
ALBG,6.22599983215332,42530.0,30,etf,264791.7728614807
ALIL,31.1299991607666,916.6666666666666,30,etf,28535.83256403605
ALLW,30.170000076293945,662046.6666666666,30,etf,19973947.983843483
ALRG,31.232999801635742,476.6666666666667,30,etf,14887.729905446371
ALTL,46.165000915527344,6923.333333333333,30,etf,319615.6896718343
ALTY,12.25,24446.666666666668,30,etf,299471.6666666667
AMA,20.549999237060547,329916.6666666667,30,etf,6779787.248293559
AMAU,12.510000228881836,304483.3333333333,30,etf,3809086.569690704
AMAX,7.610000133514404,70220.0,30,etf,534374.2093753815
AMDD,29.770000457763672,497520.0,30,etf,14811170.627746582
AMDG,84.47899627685547,54033.333333333336,30,etf,4564681.765492758
AMDL,49.75,2763800.0,30,etf,137499050.0
AMDW,79.8499984741211,90530.0,30,etf,7228820.361862183
AMDY,42.810001373291016,312200.0,30,etf,13365282.428741455
AMID,36.59299850463867,10083.333333333334,30,etf,368979.40158843994
AMJB,38.06999969482422,27053.333333333332,30,etf,1029920.3917439778
AMKX,9.270000457763672,2940.0,30,etf,27253.801345825195
AMLP,55.720001220703125,1271890.0,30,etf,70869712.3526001
AMMO,25.040000915527344,4443.333333333333,30,etf,111261.07073465982
AMOM,59.05500030517578,2556.6666666666665,30,etf,150983.95078023273
AMUB,23.559999465942383,3620.0,30,etf,85287.19806671143
AMUN,26.05500030517578,3940.0,30,etf,102656.70120239258
AMUU,175.3800048828125,87063.33333333333,30,etf,15269167.825113932
AMYY,13.505000114440918,25003.333333333332,30,etf,337670.01952807105
AMZA,50.630001068115234,33826.666666666664,30,etf,1712644.169464111
AMZD,8.475000381469727,10767470.0,30,etf,91254312.35746384
AMZO,13.760000228881836,104953.33333333333,30,etf,1444157.8906885781
AMZP,26.430999755859375,7820.0,30,etf,206690.4180908203
AMZU,37.150001525878906,2713906.6666666665,30,etf,100821636.8077596
AMZW,36.88999938964844,17113.333333333332,30,etf,631310.8562215168
AMZY,10.670000076293945,311616.6666666667,30,etf,3324949.8571077986
AMZZ,34.53900146484375,148253.33333333334,30,etf,5120522.097167969
ANEL,25.299999237060547,90813.33333333333,30,etf,2297577.2640482583
ANEW,54.571998596191406,236.66666666666666,30,etf,12915.373001098633
ANGL,28.799999237060547,818326.6666666666,30,etf,23567807.375666298
ANGU,25.469999313354492,820918.1818181818,22,etf,20908785.52722931
ANTW,24.90999984741211,45570.58823529412,17,etf,1135163.3459876566
ANV,25.600000381469727,4506.666666666667,30,etf,115370.66838582358
AOA,99.41999816894531,108486.66666666667,30,etf,10785744.20135498
AOCT,27.6200008392334,2186.6666666666665,30,etf,60395.735168457024
AOHY,11.010000228881836,81733.33333333333,30,etf,899884.0187072754
AOK,41.27000045776367,115893.33333333333,30,etf,4782917.919718424
AOM,49.849998474121094,122696.66666666667,30,etf,6116428.646113078
AOR,70.08999633789062,309160.0,30,etf,21669023.267822266
AOTG,66.7699966430664,4166.666666666667,30,etf,278208.31934611005
APCB,28.825000762939453,65706.66666666667,30,etf,1893994.7167968752
APHG,15.210000038146973,7303.333333333333,30,etf,111083.70027860005
APHU,25.899999618530273,7416.666666666667,30,etf,192091.66383743286
APIE,39.810001373291016,62920.0,30,etf,2504845.2864074707
APLU,24.15999984741211,67110.0,30,etf,1621377.5897598267
APLX,8.449999809265137,1450806.6666666667,30,etf,12259316.056613922
APLY,11.569999694824219,113676.66666666667,30,etf,1315238.9986419678
APLZ,22.8799991607666,147116.66666666666,30,etf,3366029.209868113
APMI,13.359999656677246,1870.0,30,etf,24983.19935798645
APMU,24.614999771118164,27993.333333333332,30,etf,689055.8935928345
APOC,26.540000915527344,9426.666666666666,30,etf,250183.7419637044
APPX,13.460000038146973,1515390.0,30,etf,20397149.45780754
APRB,27.47100067138672,1343.3333333333333,30,etf,36902.71090189616
APRH,25.295000076293945,4646.666666666667,30,etf,117537.43368784587
APRJ,25.0,3993.3333333333335,30,etf,99833.33333333334
APRP,33.34000015258789,3536.6666666666665,30,etf,117912.46720631917
APRT,46.95899963378906,1390.0,30,etf,65273.0094909668
APRW,37.79999923706055,6973.333333333333,30,etf,263591.99467976886
APRZ,40.70199966430664,1123.3333333333333,30,etf,45721.91295623779
APUE,47.52000045776367,102200.0,30,etf,4856544.046783447
APXM,32.119998931884766,3266.6666666666665,30,etf,104925.32984415689
AQEC,26.097000122070312,32553.333333333332,30,etf,849544.3439737955
AQLG,26.549999237060547,100.0,30,etf,2654.9999237060547
AQLT,31.96299934387207,36430.0,30,etf,1164412.0660972595
AQWA,18.83099937438965,6036.666666666667,30,etf,113676.46622339885
ARB,29.802000045776367,14063.333333333334,30,etf,419115.4606437683
ARCM,100.12000274658203,406.6666666666667,30,etf,40715.46778361003
ARCP,24.93000030517578,88866.66666666667,27,etf,2215446.0271199546
ARCX,13.281000137329102,51036.666666666664,30,etf,677817.9770088196
ARGT,96.41000366210938,130706.66666666667,30,etf,12601430.211995443
ARKB,26.469999313354492,1817346.6666666667,30,etf,48105165.01879375
ARKD,21.05900001525879,290.0,30,etf,6107.110004425049
ARKE,20.719999313354492,296.6666666666667,30,etf,6146.9331296285
ARKF,47.099998474121094,116260.0,30,etf,5475845.822601318
ARKG,47.13999938964844,3521576.6666666665,30,etf,166007121.91726685
ARKI,23.110000610351562,176.66666666666666,30,etf,4082.7667744954424
ARKK,86.22000122070312,4913310.0,30,etf,423625594.1976929
ARKQ,122.25,117566.66666666667,30,etf,14372525.0
ARKT,19.81599998474121,176.66666666666666,30,etf,3500.8266639709473
ARKW,158.91000366210938,51246.666666666664,30,etf,8143607.987670898
ARKX,32.220001220703125,551313.3333333334,30,etf,17763316.27298991
ARLI,26.950000762939453,733.3333333333334,30,etf,19763.333892822266
ARLU,32.59000015258789,3420.0,30,etf,111457.80052185059
ARMG,17.190000534057617,775140.0,30,etf,13324657.013969421
ARMH,10.579999923706055,12150.0,30,etf,128546.99907302856
ARMS,25.09000015258789,88996.29629629629,27,etf,2232917.087653831
ARMW,40.41999816894531,71176.66666666667,30,etf,2876960.736338298
ARMY,23.75,2483.3333333333335,30,etf,58979.16666666667
ARP,34.417999267578125,8930.0,30,etf,307352.73345947266
ARTY,76.1500015258789,477583.3333333333,30,etf,36367971.562067665
ARVR,57.68600082397461,133.33333333333334,30,etf,7691.466776529948
ARWG,26.336000442504883,1710.0,30,etf,45034.56075668335
ASCE,35.029998779296875,71630.0,30,etf,2509198.812561035
ASCI,37.00600051879883,1813.3333333333333,30,etf,67104.21427408853
ASD,27.739999771118164,270.0,30,etf,7489.799938201904
ASEA,21.940000534057617,21016.666666666668,30,etf,461105.6778907776
ASEC,49.720001220703125,5540.0,30,etf,275448.8067626953
ASGM,33.124000549316406,620.0,30,etf,20536.880340576172
ASHR,34.20000076293945,3401173.3333333335,30,etf,116320130.59488933
ASHS,41.9900016784668,8523.333333333334,30,etf,357894.7809727987
ASIA,41.98099899291992,4610.0,30,etf,193532.40535736084
ASLV,30.864999771118164,2976.6666666666665,30,etf,91874.81598536173
ASMF,26.30900001525879,5520.0,30,etf,145225.68008422852
ASMG,45.58000183105469,39100.0,30,etf,1782178.0715942383
ASMH,11.581000328063965,9966.666666666666,30,etf,115423.96993637085
ASMU,29.860000610351562,78773.33333333333,30,etf,2352171.7814127603
ASMZ,19.489999771118164,620.0,30,etf,12083.799858093262
ASTG,8.260000228881836,15606.666666666666,30,etf,128911.07023874918
ASTN,4.559999942779541,1423550.0,30,etf,6491387.918543816
ASTX,11.130000114440918,3785380.0,30,etf,42131279.83320236
ATC,24.280000686645508,153.33333333333334,30,etf,3722.933438618978
ATCL,24.65999984741211,30453.333333333332,30,etf,750979.1953531901
ATFV,40.111000061035156,44520.0,30,etf,1785741.7227172852
ATMP,36.939998626708984,15080.0,30,etf,557055.1792907715
ATTR,95.47000122070312,6673.333333333333,30,etf,637103.1414794922
AUAU,42.86199951171875,2220.0,30,etf,95153.63891601562
AUGC,25.440000534057617,320.8333333333333,24,etf,8162.000171343485
AUGM,35.4370002746582,20216.666666666668,30,etf,716418.0222193401
AUGP,34.0629997253418,7946.666666666667,30,etf,270687.3044840495
AUGT,39.31999969482422,6943.333333333333,30,etf,273011.8645477295
AUGU,32.26499938964844,7436.666666666667,30,etf,239944.0454610189
AUGW,34.790000915527344,54073.333333333336,30,etf,1881211.316172282
AUGZ,46.220001220703125,1713.3333333333333,30,etf,79190.26875813802
AUMI,103.62000274658203,2953.3333333333335,30,etf,306024.40811157227
AUSF,51.939998626708984,56203.333333333336,30,etf,2919201.056149801
AUSM,25.03499984741211,3410.0,30,etf,85369.3494796753
AVAZ,9.180000305175781,2753.3333333333335,30,etf,25275.600840250652
AVDE,94.51000213623047,980690.0,30,etf,92685013.99497986
AVDS,81.0999984741211,20656.666666666668,30,etf,1675255.6351470947
AVDV,113.75,791606.6666666666,30,etf,90045258.33333333
AVEE,70.64399719238281,15496.666666666666,30,etf,1094746.4764912922
AVEM,96.80999755859375,1712720.0,30,etf,165808419.0185547
AVES,67.8499984741211,96616.66666666667,30,etf,6555440.685908
AVGB,50.88999938964844,2690.0,30,etf,136894.0983581543
AVGC,21.950000762939453,1863.3333333333333,30,etf,40900.168088277176
AVGE,102.18000030517578,85613.33333333333,30,etf,8747970.426127115
AVGG,23.139999389648438,295130.0,30,etf,6829308.019866943
AVGU,29.489999771118164,150543.33333333334,30,etf,4439522.8655433655
AVGV,88.87999725341797,53633.333333333336,30,etf,4766930.519358317
AVGW,33.93000030517578,29170.0,30,etf,989738.1089019775
AVGX,39.619998931884766,746206.6666666666,30,etf,29564707.336298622
AVIE,81.23699951171875,1816.6666666666667,30,etf,147580.54911295575
AVIG,40.52000045776367,401823.3333333333,30,etf,16281881.65060679
AVIV,83.63999938964844,104056.66666666667,30,etf,8703299.536488852
AVL,37.630001068115234,836113.3333333334,30,etf,31462945.626398724
AVLC,92.02999877929688,67783.33333333333,30,etf,6238100.08392334
AVLV,94.66999816894531,2151393.3333333335,30,etf,203672402.92734784
AVMA,74.16000366210938,10096.666666666666,30,etf,748768.8369750977
AVMC,80.19000244140625,18530.0,30,etf,1485920.7452392578
AVMU,44.2869987487793,20940.0,30,etf,927369.7537994385
AVMV,81.94000244140625,53630.0,30,etf,4394442.330932617
AVNM,86.63999938964844,57796.666666666664,30,etf,5007503.164723714
AVNV,88.31600189208984,10636.666666666666,30,etf,939387.8734588623
AVOS,28.059999465942383,2573.3333333333335,30,etf,72207.73195902507
AVRE,47.209999084472656,62426.666666666664,30,etf,2947162.8761800127
AVRY,26.121999740600586,6116.666666666667,30,etf,159779.56508000693
AVS,8.152000427246094,13489103.333333334,30,etf,109963176.13650005
AVSC,73.2300033569336,111303.33333333333,30,etf,8150743.473637898
AVSD,83.44000244140625,46803.333333333336,30,etf,3905270.247599284
AVSE,81.25,12110.0,30,etf,983937.5
AVSF,46.11000061035156,46426.666666666664,30,etf,2140733.6283365884
AVSU,89.83100128173828,9056.666666666666,30,etf,813569.4349416096
AVTM,55.77000045776367,2416.6666666666665,30,etf,134777.5011062622
AVUQ,67.41000366210938,29120.0,30,etf,1962979.306640625
AVUS,131.2899932861328,272196.6666666667,30,etf,35736698.5391744
AVUV,126.93000030517578,1205450.0,30,etf,153007768.86787415
AVXC,84.53099822998047,47080.0,30,etf,3979719.3966674805
AVXX,4.519999980926514,403626.6666666667,30,etf,1824392.5256347656
AWAY,18.979999542236328,74293.33333333333,30,etf,1410087.4326578774
AXTC,14.4399995803833,9356.666666666666,30,etf,135110.26274045306
AXTL,2.3399999141693115,957170.0,30,etf,2239777.71784544
AXTU,32.65999984741211,118168.66666666667,30,etf,3859388.635302226
AXTX,6.039999961853027,12491150.0,30,etf,75446545.52350044
AZTD,32.347999572753906,1540.0,30,etf,49815.919342041016
AZYY,14.277999877929688,3940.0,30,etf,56255.31951904297
BAB,26.260000228881836,452163.3333333333,30,etf,11873809.236825306
BABC,24.81999969482422,253.33333333333334,30,etf,6287.733256022136
BABO,7.561999797821045,46193.333333333336,30,etf,349313.9773273468
BABU,9.84000015258789,110243.33333333333,30,etf,1084794.4168217976
BABW,21.042999267578125,3750.0,30,etf,78911.24725341797
BABX,18.229999542236328,886980.0,30,etf,16169644.993972778
BAFE,29.947999954223633,48896.666666666664,30,etf,1464357.3710950215
BAGY,24.35300064086914,4783.333333333333,30,etf,116488.51973215738
BAI,44.59000015258789,3052493.3333333335,30,etf,136110678.19910687
BAIG,14.696999549865723,23593.333333333332,30,etf,346751.2093798319
BAIV,29.170000076293945,39556.666666666664,30,etf,1153867.9696846008
BALI,34.650001525878906,224343.33333333334,30,etf,7773496.842320761
BALQ,55.54600143432617,12496.666666666666,30,etf,694139.8645909627
BALT,34.80500030517578,392686.6666666667,30,etf,13667459.553171795
BAMA,37.00400161743164,3990.0,30,etf,147645.96645355225
BAMD,34.58000183105469,12296.666666666666,30,etf,425218.75584920245
BAMG,44.652000427246094,11493.333333333334,30,etf,513200.3249104818
BAMO,35.04499816894531,4753.333333333333,30,etf,166580.55796305338
BAMU,25.19499969482422,7020.0,30,etf,176868.89785766602
BAMV,38.053001403808594,21360.0,30,etf,812812.1099853516
BAMY,27.18000030517578,5450.0,30,etf,148131.001663208
BAPR,54.57500076293945,5910.0,30,etf,322538.25450897217
BAR,43.68000030517578,217436.66666666666,30,etf,9497633.666356403
EELV,29.299999237060547,37490.0,30,etf,1098456.9713974
EEM,68.69999694824219,19686650.0,30,etf,1352472794.921112
EEMA,119.4800033569336,73806.66666666667,30,etf,8818420.781097412
EEMO,22.850000381469727,35546.666666666664,30,etf,812241.3468933105
EEMS,77.2699966430664,20810.0,30,etf,1607988.630142212
EEMV,76.87000274658203,215203.33333333334,30,etf,16542680.824406942
EEMX,54.150001525878906,8600.0,30,etf,465690.0131225586
EES,68.41999816894531,15280.0,30,etf,1045457.5720214844
EET,115.66000366210938,4936.666666666667,30,etf,570974.88474528
EETH,29.790000915527344,62723.333333333336,30,etf,1868528.1574249268
EEV,10.25,34090.0,30,etf,349422.5
EFA,108.3499984741211,9260226.666666666,30,etf,1003345545.2033488
EFAA,57.130001068115234,67053.33333333333,30,etf,3830757.00495402
EFAD,44.755001068115234,3610.0,30,etf,161565.553855896
EFAS,23.190000534057617,28800.0,30,etf,667872.0153808594
EFAV,94.77999877929688,505810.0,30,etf,47940671.18255615
EFAX,55.95199966430664,16283.333333333334,30,etf,911085.0612004598
EFFE,29.288000106811523,113.33333333333333,30,etf,3319.3066787719727
EFFI,27.53499984741211,2340.0,30,etf,64431.899642944336
EFG,124.55000305175781,580056.6666666666,30,etf,72246059.60352579
EFIV,75.41999816894531,35140.0,30,etf,2650258.7356567383
EFNL,55.02000045776367,12500.0,30,etf,687750.0057220459
EFO,78.3499984741211,4506.666666666667,30,etf,353097.32645670575
EFRA,35.457000732421875,976.6666666666666,30,etf,34629.67071533203
EFU,6.760000228881836,4080.0,30,etf,27580.80093383789
EFV,82.97000122070312,2393750.0,30,etf,198609440.4220581
EFZ,22.219999313354492,4836.666666666667,30,etf,107470.7300122579
EGGQ,52.4119987487793,4880.0,30,etf,255770.55389404297
EGGS,35.974998474121094,11570.0,30,etf,416230.73234558105
EGGY,33.75199890136719,118283.33333333333,30,etf,3992298.9367167153
EGLE,32.76300048828125,120.0,30,etf,3931.56005859375
EGUS,58.52399826049805,2463.3333333333335,30,etf,144164.11571502686
EHCC,22.860000610351562,1936.6666666666667,30,etf,44272.20118204753
EHLS,25.614999771118164,1706.6666666666667,30,etf,43716.26627604167
EHY,8.107000350952148,8330.0,30,etf,67531.3129234314
EIDO,13.0600004196167,1103240.0,30,etf,14408314.862937927
EINC,121.48999786376953,6270.0,30,etf,761742.286605835
EIPI,22.829999923706055,68090.0,30,etf,1554494.6948051453
EIPX,33.650001525878906,34046.666666666664,30,etf,1145670.3852844238
EIRL,84.91000366210938,4506.666666666667,30,etf,382661.08317057294
EIS,126.30999755859375,29220.0,30,etf,3690778.1286621094
EJAN,37.15999984741211,15743.333333333334,30,etf,585022.2642644247
EJUL,31.865999221801758,35516.666666666664,30,etf,1131774.0723609924
EKG,21.915000915527344,1563.3333333333333,30,etf,34260.451431274414
ELCV,31.899999618530273,71036.66666666667,30,etf,2266069.639568329
ELD,29.0,18920.0,30,etf,548680.0
ELFY,40.720001220703125,29286.666666666668,30,etf,1192553.1024169922
ELIL,27.489999771118164,108100.0,30,etf,2971668.9752578735
ELM,29.739999771118164,27156.666666666668,30,etf,807639.260450999
EMB,94.47000122070312,5379596.666666667,30,etf,508210503.6668905
EMBD,23.47100067138672,19253.333333333332,30,etf,451894.99959309894
EMBX,51.0099983215332,27583.333333333332,30,etf,1407025.787035624
EMC,38.09000015258789,4393.333333333333,30,etf,167342.06733703613
EMCB,65.80000305175781,3680.0,30,etf,242144.01123046875
EMCR,44.47100067138672,2386.6666666666665,30,etf,106137.45493570963
EMCS,47.266998291015625,21450.0,30,etf,1013877.1133422852
EMDM,43.26100158691406,7850.0,30,etf,339598.8624572754
EMDV,48.35200119018555,193.33333333333334,30,etf,9348.053563435873
EMEM,26.579999923706055,5376.666666666667,30,etf,142911.7995897929
EMEQ,67.02300262451172,100410.0,30,etf,6729779.693527222
EMES,28.954999923706055,346.6666666666667,30,etf,10037.733306884766
EMET,44.465999603271484,4956.666666666667,30,etf,220403.138033549
EMFI,49.93000030517578,393.3333333333333,30,etf,19639.13345336914
EMGF,73.66500091552734,167663.33333333334,30,etf,12350919.603500366
EMHC,24.829999923706055,54306.666666666664,30,etf,1348434.5291900635
EMHY,40.08000183105469,133003.33333333334,30,etf,5330773.843536377
EMIF,26.5,3243.3333333333335,30,etf,85948.33333333334
EMKT,31.90999984741211,15210.0,30,etf,485351.0976791382
EMLC,25.6299991607666,2108720.0,30,etf,54046491.83029175
EMLP,44.13999938964844,252306.66666666666,30,etf,11136816.112670898
EMM,45.61600112915039,2843.3333333333335,30,etf,129701.49654388428
EMMF,38.900001525878906,12376.666666666666,30,etf,481452.35221862793
EMNT,98.63999938964844,6716.666666666667,30,etf,662531.995900472
EMOP,51.994998931884766,56413.333333333336,30,etf,2933211.206410726
EMOT,26.579999923706055,503.3333333333333,30,etf,13378.599961598713
EMPB,34.58000183105469,9483.333333333334,30,etf,327933.68403116864
EMQQ,33.7599983215332,35833.333333333336,30,etf,1209733.2731882732
EMSC,26.1200008392334,6543.333333333333,30,etf,170911.87215805054
EMSF,40.165000915527344,3606.6666666666665,30,etf,144861.7699686686
EMTY,23.975000381469727,680.0,30,etf,16303.000259399414
EMXC,101.12000274658203,1909673.3333333333,30,etf,193106172.71174112
EMXF,58.775001525878906,7350.0,30,etf,431996.26121520996
ENDW,35.459999084472656,15783.333333333334,30,etf,559676.9855499268
ENFR,39.91999816894531,99086.66666666667,30,etf,3955539.551900228
ENHI,27.770000457763672,220.0,30,etf,6109.400100708008
ENHU,28.770999908447266,103.33333333333333,30,etf,2973.003323872884
ENOR,36.95000076293945,42696.666666666664,30,etf,1577641.8659083047
ENTL,7.039999961853027,5006.666666666667,30,etf,35246.93314234416
ENZL,48.02000045776367,102753.33333333333,30,etf,4934215.113703409
EO,8.270000457763672,1220.0,30,etf,10089.40055847168
EOCT,35.150001525878906,3723.3333333333335,30,etf,130875.17234802246
EOSU,7.659999847412109,187046.66666666666,30,etf,1432777.4381256104
EPAI,26.694000244140625,1013.3333333333334,30,etf,27049.920247395836
EPEM,30.809999465942383,113.33333333333333,30,etf,3491.7999394734697
EPHE,24.25,216080.0,30,etf,5239940.0
EPI,43.34000015258789,275756.6666666667,30,etf,11951293.975410461
EPIN,28.920000076293945,750.0,30,etf,21690.00005722046
EPMB,26.506999969482422,106.66666666666667,30,etf,2827.413330078125
EPMV,26.569000244140625,103.33333333333333,30,etf,2745.4633585611978
EPOL,45.119998931884766,437890.0,30,etf,19757596.33228302
EPP,58.29999923706055,282783.3333333333,30,etf,16486268.117586771
EPRF,16.448999404907227,9043.333333333334,30,etf,148753.7846183777
EPS,81.2699966430664,45023.333333333336,30,etf,3659046.14885966
EPSB,27.139999389648438,2253.3333333333335,30,etf,61155.46529134115
EPSV,30.323999404907227,1606.6666666666667,30,etf,48720.55904388428
EPU,92.16999816894531,40770.0,30,etf,3757770.8253479004
EPV,17.149999618530273,13946.666666666666,30,etf,239185.3280131022
EQAL,61.029998779296875,27150.0,30,etf,1656964.4668579102
EQIN,54.26100158691406,12023.333333333334,30,etf,652398.1090799968
EQL,51.959999084472656,39683.333333333336,30,etf,2061945.9636688235
EQLT,39.880001068115234,1446.6666666666667,30,etf,57693.068211873375
EQRR,87.0979995727539,4356.666666666667,30,etf,379456.95147196454
EQTY,29.499000549316406,16646.666666666668,30,etf,491060.02914428717
EQWL,134.3699951171875,92063.33333333333,30,etf,12370549.650472004
ERET,28.663000106811523,1453.3333333333333,30,etf,41656.89348856608
ERTH,45.709999084472656,3700.0,30,etf,169126.99661254883
ERX,108.69000244140625,253823.33333333334,30,etf,27588058.719685875
ERY,8.90999984741211,3464056.6666666665,30,etf,30864744.3714269
ESBG,21.93600082397461,533.3333333333334,30,etf,11699.200439453125
ESG,182.55799865722656,453.3333333333333,30,etf,82759.6260579427
ESGD,107.30000305175781,264006.6666666667,30,etf,28327916.139017742
ESGE,55.540000915527344,796353.3333333334,30,etf,44229464.86241659
ESGG,241.39500427246094,510.0,30,etf,123111.45217895508
ESGU,168.6999969482422,412196.6666666667,30,etf,69537576.40874228
ESGV,136.66000366210938,176360.0,30,etf,24101358.24584961
ESIM,29.591999053955078,29630.0,30,etf,876810.931968689
ESLG,28.709999084472656,6203.333333333333,30,etf,178097.6943206787
ESLV,29.100000381469727,7126.666666666667,30,etf,207386.0027186076
ESML,55.09000015258789,102696.66666666667,30,etf,5657559.382336935
ESMV,31.73200035095215,363.3333333333333,30,etf,11529.293460845947
ESN,20.63599967956543,67106.66666666667,30,etf,1384813.1518300376
ESPO,97.87999725341797,18320.0,30,etf,1793161.5496826172
ESSC,30.450000762939453,3803.3333333333335,30,etf,115811.50290171306
ESUM,30.920000076293945,31120.0,30,etf,962230.4023742676
ETCO,8.819000244140625,4793.333333333333,30,etf,42272.40783691406
ETEC,25.63800048828125,456.6666666666667,30,etf,11708.020222981771
ETFT,10.005999565124512,1013.3333333333334,30,etf,10139.412892659506
ETH,23.43000030517578,2858413.3333333335,30,etf,66972625.27231853
ETHA,18.520000457763672,38245020.0,30,etf,708297787.9071808
ETHB,31.6200008392334,421550.0,30,etf,13329411.35377884
ETHD,30.600000381469727,483580.0,30,etf,14797548.18447113
ETHE,19.760000228881836,2281516.6666666665,30,etf,45082769.85553105
ETHO,81.00800323486328,3103.3333333333335,30,etf,251394.83670552573
ETHT,16.719999313354492,1957706.6666666667,30,etf,32732854.12241618
ETHU,25.969999313354492,6482683.333333333,30,etf,168355281.71536127
ETHV,35.90999984741211,41236.666666666664,30,etf,1480808.693707784
ETHW,17.559999465942383,1006246.6666666666,30,etf,17669690.92927297
ETNG,12.859999656677246,8783.333333333334,30,etf,112953.66365114848
ETTY,9.46500015258789,6113.333333333333,30,etf,57862.70093282063
ETU,6.869999885559082,91160.0,30,etf,626269.1895675659
EUAD,43.72999954223633,134550.0,30,etf,5883871.438407898
EUDG,39.935001373291016,3626.6666666666665,30,etf,144830.93831380206
EUDV,54.452999114990234,196.66666666666666,30,etf,10709.089825948078
EUFN,42.939998626708984,1154556.6666666667,30,etf,49576661.681124374
EUHY,53.06999969482422,23313.333333333332,30,etf,1237238.5928853352
EUIG,49.47999954223633,316.6666666666667,30,etf,15668.666521708172
EUM,15.390000343322754,130953.33333333333,30,etf,2015371.844959259
EUO,29.920000076293945,15653.333333333334,30,etf,468347.7345275879
EURL,49.959999084472656,12750.0,30,etf,636989.9883270264
EUSA,117.08000183105469,65403.333333333336,30,etf,7657422.386423747
EUSB,42.650001525878906,53130.0,30,etf,2265994.5810699463
EVHY,52.029998779296875,37203.333333333336,30,etf,1935689.3879191082
EVIM,51.77000045776367,36826.666666666664,30,etf,1906516.5501912434
EVLN,48.834999084472656,138223.33333333334,30,etf,6750136.356786093
EVLU,43.2859992980957,4076.6666666666665,30,etf,176462.59047190347
EVMO,49.41999816894531,86583.33333333333,30,etf,4278948.174794515
EVMT,17.968000411987305,6366.666666666667,30,etf,114396.26928965251
EVNT,12.279999732971191,1563.3333333333333,30,etf,19197.732915878296
EVPF,49.560001373291016,7650.0,30,etf,379134.01050567627
EVSB,50.779998779296875,30646.666666666668,30,etf,1556237.6959228516
EVSD,50.60499954223633,184723.33333333334,30,etf,9347924.198773703
EVSM,49.95000076293945,115190.0,30,etf,5753740.587882996
EVTR,49.880001068115234,581546.6666666666,30,etf,29007548.354492184
EVUS,37.38999938964844,30223.333333333332,30,etf,1130050.4148864746
EVX,40.58000183105469,7656.666666666667,30,etf,310707.54735310876
EVYM,49.19499969482422,6023.333333333333,30,etf,296317.88149515784
EWA,30.229999542236328,2132333.3333333335,30,etf,64460435.690561935
EWC,62.040000915527344,1733136.6666666667,30,etf,107523800.38673401
EWD,53.13999938964844,285770.0,30,etf,15185817.625579834
EWG,43.88999938964844,911113.3333333334,30,etf,39988763.64390056
EWH,23.200000762939453,2640386.6666666665,30,etf,61256972.681121826
EWI,61.86000061035156,393283.3333333333,30,etf,24328507.240041096
EWJ,98.27999877929688,3738363.3333333335,30,etf,367406343.83656824
EWJV,49.31999969482422,143846.66666666666,30,etf,7094517.5561014805
EWK,27.75,22176.666666666668,30,etf,615402.5
EWL,63.130001068115234,499936.6666666667,30,etf,31561002.30065664
EWM,28.149999618530273,236536.66666666666,30,etf,6658507.076435089
EWN,69.11000061035156,289136.6666666667,30,etf,19982235.20980835
EWO,44.880001068115234,72646.66666666667,30,etf,3260382.4775950117
EWP,62.75,350686.6666666667,30,etf,22005588.333333336
EWQ,45.689998626708984,298820.0,30,etf,13653085.389633179
EWS,34.56999969482422,924966.6666666666,30,etf,31976097.38438924
EWT,112.18000030517578,4485670.0,30,etf,503202461.96891785
EWU,48.59000015258789,1180733.3333333333,30,etf,57371832.84683227
EWUS,45.22999954223633,3293.3333333333335,30,etf,148957.46515909833
EWV,15.859999656677246,7276.666666666667,30,etf,115407.9308350881
EWW,76.62999725341797,1242553.3333333333,30,etf,95216858.52055867
EWX,74.06999969482422,29493.333333333332,30,etf,2184571.1909993486
EWY,188.8699951171875,18869710.0,30,etf,3563922035.562744
EWZ,37.86000061035156,22915246.666666668,30,etf,867571252.7863567
EWZS,13.449999809265137,214440.0,30,etf,2884217.959098816
EXEQ,27.850000381469727,146.66666666666666,30,etf,4084.6667226155596
EXI,197.3800048828125,36273.333333333336,30,etf,7159630.71044922
EXUS,29.14699935913086,8806.666666666666,30,etf,256687.90768941242
EYEG,34.375999450683594,646.6666666666666,30,etf,22229.812978108723
EYLD,50.119998931884766,96696.66666666667,30,etf,4846436.830050151
EZA,71.63999938964844,128780.0,30,etf,9225799.121398926
EZBC,46.130001068115234,147816.66666666666,30,etf,6818782.991218567
EZET,18.6200008392334,50006.666666666664,30,etf,931124.1753005981
EZJ,70.70999908447266,3383.3333333333335,30,etf,239235.49690246582
EZM,76.31999969482422,14616.666666666666,30,etf,1115543.9955393472
EZMO,26.79199981689453,9110.0,30,etf,244075.11833190918
EZPZ,20.049999237060547,7033.333333333333,30,etf,141018.32796732584
EZRO,24.895000457763672,10193.333333333334,30,etf,253763.03799947104
EZU,70.45999908447266,790766.6666666666,30,etf,55717418.60936482
FAAA,50.29999923706055,42826.666666666664,30,etf,2154181.3006591797
FAAR,31.53499984741211,34840.0,30,etf,1098679.394683838
FAB,107.20999908447266,22043.333333333332,30,etf,2363265.746485392
FAD,184.72000122070312,13086.666666666666,30,etf,2417369.0826416016
FAI,54.779998779296875,30270.0,30,etf,1658190.5630493164
FALN,26.809999465942383,774313.3333333334,30,etf,20759340.053138733
FAN,23.670000076293945,105706.66666666667,30,etf,2502076.808064779
FAPR,47.875,17873.333333333332,30,etf,855685.8333333333
FARX,29.86199951171875,683.3333333333334,30,etf,20405.69966634115
FAS,182.1300048828125,316196.6666666667,30,etf,57588900.44392904
FAUG,57.8849983215332,88223.33333333333,30,etf,5106807.501920064
FAZ,31.100000381469727,812110.0,30,etf,25256621.30979538
FB,45.25,1976.6666666666667,30,etf,89444.16666666667
FBCG,62.36000061035156,584066.6666666666,30,etf,36422397.689819336
FBCV,43.119998931884766,20163.333333333332,30,etf,869442.9117965698
FBDC,17.65999984741211,13193.333333333334,30,etf,232994.26465352377
FBL,23.649999618530273,1085720.0,30,etf,25677277.58583069
FBND,44.709999084472656,3366530.0,30,etf,150517553.21784973
FBOT,39.34600067138672,15010.0,30,etf,590583.4700775146
FBT,270.92999267578125,54650.0,30,etf,14806324.099731445
FBTC,69.41000366210938,3971253.3333333335,30,etf,275644708.40983075
FBUF,33.66999816894531,8440.0,30,etf,284174.78454589844
FBY,8.635000228881836,144590.0,30,etf,1248534.6830940247
FBYY,10.645000457763672,2316.6666666666665,30,etf,24660.917727152504
FCA,27.75,7356.666666666667,30,etf,204147.5
FCAL,47.9739990234375,21166.666666666668,30,etf,1015449.6459960938
FCBD,25.18000030517578,2110.0,30,etf,53129.8006439209
FCEF,23.979000091552734,17256.666666666668,30,etf,413797.611579895
FCFY,30.68899917602539,820.0,30,etf,25164.97932434082
FCG,31.43000030517578,743190.0,30,etf,23358461.92680359
FCLD,44.83000183105469,39230.0,30,etf,1758680.9718322754
FCLO,50.34000015258789,33666.666666666664,30,etf,1694780.0051371255
FCOM,71.37000274658203,183933.33333333334,30,etf,13127322.505187988
FCOR,46.099998474121094,43333.333333333336,30,etf,1997666.6005452476
FCPI,57.097999572753906,29643.333333333332,30,etf,1692575.0340016682
FCSH,23.920000076293945,1653.3333333333333,30,etf,39547.733459472656
FCTE,28.715999603271484,18053.333333333332,30,etf,518419.51283772785
FCTR,40.3380012512207,2203.3333333333335,30,etf,88878.06275685629
FCUS,37.56800079345703,17330.0,30,etf,651053.4537506104
FCVT,49.52000045776367,35503.333333333336,30,etf,1758125.082918803
FCXG,16.219999313354492,48186.666666666664,30,etf,781587.700246175
FDAT,22.540000915527344,963.3333333333334,30,etf,21713.534215291344
FDCF,50.731998443603516,6780.0,30,etf,343962.94944763184
FDD,20.709999084472656,147880.0,30,etf,3062594.6646118164
FDEC,55.92399978637695,53323.333333333336,30,etf,2982054.0819422407
FDEM,36.986000061035156,59590.0,30,etf,2203995.743637085
FDEV,38.2859992980957,29086.666666666668,30,etf,1113612.0995839438
FDFF,37.98899841308594,5100.0,30,etf,193743.89190673828
FDG,133.54100036621094,8420.0,30,etf,1124415.223083496
FDHY,48.86000061035156,76510.0,30,etf,3738278.646697998
FDIF,41.612998962402344,4590.0,30,etf,191003.66523742676
FDIG,45.612998962402344,28036.666666666668,30,etf,1278836.4475758872
FDIQ,74.19000244140625,4863.333333333333,30,etf,360810.7118733724
FDIS,100.56999969482422,67173.33333333333,30,etf,6755622.112833658
FDIV,28.236000061035156,14083.333333333334,30,etf,397657.0008595785
FDL,52.91999816894531,688006.6666666666,30,etf,36409311.54022217
FDLO,72.3499984741211,49860.0,30,etf,3607370.9239196777
FDLS,43.448001861572266,25543.333333333332,30,etf,1109806.7942174275
FDM,93.69999694824219,9020.0,30,etf,845173.9724731445
FDMO,95.19000244140625,73970.0,30,etf,7041204.48059082
FDN,290.8699951171875,273153.3333333333,30,etf,79452108.73291016
FDND,22.7549991607666,1340.0,30,etf,30491.698875427246
FDNI,27.709999084472656,10723.333333333334,30,etf,297143.5568491618
FDRR,70.20800018310547,15200.0,30,etf,1067161.6027832031
FDRS,25.239999771118164,86353.33333333333,30,etf,2179558.1135686236
FDRV,17.275999069213867,4243.333333333333,30,etf,73307.82271703084
FDRX,24.007999420166016,14626.666666666666,30,etf,351157.0048522949
FDT,97.9800033569336,139503.33333333334,30,etf,13668537.068303427
FDTS,71.63999938964844,1070.0,30,etf,76654.79934692383
FDTX,54.62699890136719,38306.666666666664,30,etf,2092578.2379150388
FDV,33.529998779296875,147013.33333333334,30,etf,4929356.887207031
FDVV,63.439998626708984,755233.3333333334,30,etf,47912001.62951152
FEAC,33.42900085449219,4263.333333333333,30,etf,142518.97364298502
FEBM,31.674999237060547,2963.3333333333335,30,etf,93863.58107248943
FEBP,34.91999816894531,3503.3333333333335,30,etf,122336.39358520508
FEBT,42.209999084472656,8233.333333333334,30,etf,347528.9924621582
FEBU,30.229999542236328,2783.3333333333335,30,etf,84140.16539255778
FEBW,36.29499816894531,8280.0,30,etf,300522.5848388672
FEBZ,41.117000579833984,4383.333333333333,30,etf,180229.51920827228
FECM,24.510000228881836,676.6666666666666,30,etf,16585.10015487671
FEDM,66.68499755859375,2016.6666666666667,30,etf,134481.41174316406
FEGE,53.029998779296875,339696.6666666667,30,etf,18014113.81866455
FEIG,39.779998779296875,2586.6666666666665,30,etf,102897.5968424479
FELC,43.900001525878906,697536.6666666666,30,etf,30621860.73102315
FELG,44.470001220703125,377663.3333333333,30,etf,16794688.894348145
FELV,42.88999938964844,175246.66666666666,30,etf,7516329.426371256
FEM,33.56999969482422,89216.66666666667,30,etf,2995003.4727732344
FEMB,29.729999542236328,77626.66666666667,30,etf,2307840.764465332
FEMD,36.0099983215332,113.33333333333333,30,etf,4081.133143107096
FEMR,42.119998931884766,35820.0,30,etf,1508738.3617401123
FEMS,46.95000076293945,68286.66666666667,30,etf,3206059.0520985923
FENI,41.66999816894531,1075103.3333333333,30,etf,44799553.931427
FENY,35.540000915527344,1122410.0,30,etf,39890452.427597046
IWLG,56.472999572753906,19816.666666666668,30,etf,1119106.6082000732
IWM,296.010009765625,18487900.0,30,etf,5472603459.545898
IWMI,52.189998626708984,381696.6666666667,30,etf,19920748.509152733
IWMW,39.599998474121094,18313.333333333332,30,etf,725207.9720560709
IWMY,18.3700008392334,49093.333333333336,30,etf,901844.5745340984
IWN,224.6199951171875,509120.0,30,etf,114358531.9140625
IWO,377.5400085449219,416126.6666666667,30,etf,157104465.2891032
IWP,139.69000244140625,750046.6666666666,30,etf,104774020.69783528
IWR,111.83000183105469,1207946.6666666667,30,etf,135084677.94514975
IWS,170.27999877929688,386290.0,30,etf,65777460.72845459
IWV,438.1000061035156,161870.0,30,etf,70915247.98797607
IWX,112.9000015258789,298590.0,30,etf,33710811.45561218
IWY,289.2900085449219,345313.3333333333,30,etf,99895697.15067545
IXC,58.40999984741211,603150.0,30,etf,35229991.407966614
IXG,136.1999969482422,59450.0,30,etf,8097089.818572998
IXJ,104.9000015258789,180793.33333333334,30,etf,18965220.9425354
IXN,142.9199981689453,446556.6666666667,30,etf,63821877.98233032
IXP,118.30000305175781,25536.666666666668,30,etf,3020987.7445983887
IXUS,98.70999908447266,1901113.3333333333,30,etf,187658895.39281207
IYC,100.23999786376953,84643.33333333333,30,etf,8484647.552515665
IYE,67.7300033569336,613926.6666666666,30,etf,41581255.194244385
IYF,138.02000427246094,405243.3333333333,30,etf,55931686.59805298
IYG,97.97000122070312,73366.66666666667,30,etf,7187732.422892253
IYH,72.4000015258789,762623.3333333334,30,etf,55213930.497004196
IYJ,161.10000610351562,136500.0,30,etf,21990150.833129883
IYK,74.47000122070312,179063.33333333334,30,etf,13334846.651916504
IYLD,22.239999771118164,12803.333333333334,30,etf,284746.13040288293
IYM,191.10000610351562,192230.0,30,etf,36735154.17327881
IYR,102.13999938964844,4897480.0,30,etf,500228604.2108154
IYRI,48.31999969482422,79543.33333333333,30,etf,3843533.8423919673
IYT,84.16999816894531,501240.0,30,etf,42189369.88220215
IYW,253.30999755859375,488610.0,30,etf,123769797.90710449
IYY,187.63999938964844,28033.333333333332,30,etf,5260174.649556478
IYZ,42.689998626708984,912570.0,30,etf,38957612.04677582
IZRL,29.28499984741211,10776.666666666666,30,etf,315594.68168894446
JA,50.220001220703125,27016.666666666668,30,etf,1356777.0329793296
JAAA,50.58000183105469,6376693.333333333,30,etf,322533160.4760742
JABS,49.7400016784668,9370.0,30,etf,466063.8157272339
JADE,81.5719985961914,2480.0,30,etf,202298.5565185547
JAJL,30.290000915527344,57136.666666666664,30,etf,1730669.685643514
JANB,27.934999465942383,7366.666666666667,30,etf,205787.8293991089
JANH,25.0939998626709,3376.6666666666665,30,etf,84734.07286961873
JANI,26.360000610351562,1870.0,30,etf,49293.20114135742
JANJ,24.985000610351562,1783.3333333333333,30,etf,44556.58442179362
JANM,34.345001220703125,840.0,30,etf,28849.801025390625
JANP,35.63999938964844,7030.0,30,etf,250549.19570922852
JANT,45.20899963378906,2333.3333333333335,30,etf,105487.66581217448
JANU,30.690000534057617,8680.0,30,etf,266389.2046356201
JANW,39.4900016784668,13646.666666666666,30,etf,538906.8895721436
JANZ,41.8380012512207,3156.6666666666665,30,etf,132068.62394968668
JAPN,25.915000915527344,5240.0,30,etf,135794.60479736328
JAVA,82.83999633789062,331813.3333333333,30,etf,27487415.318196613
JBBB,47.470001220703125,372833.3333333333,30,etf,17698398.78845215
JBND,52.38999938964844,901153.3333333334,30,etf,47211422.58331299
JCHI,54.0620002746582,1313.3333333333333,30,etf,71001.42702738443
JCPB,45.939998626708984,1751743.3333333333,30,etf,80475086.32767995
JCPI,47.279998779296875,69586.66666666667,30,etf,3290057.515055339
JDIV,58.290000915527344,1560.0,30,etf,90932.40142822266
JDOC,62.88199996948242,470.0,30,etf,29554.53998565674
JDST,20.65999984741211,790720.0,30,etf,16336275.079345703
JDVI,41.566001892089844,82320.0,30,etf,3421713.275756836
JDVL,32.4900016784668,107240.0,30,etf,3484227.7799987793
JEDI,25.700000762939453,269743.3333333333,30,etf,6932403.872464498
JELH,25.6200008392334,8940.0,30,etf,229042.80750274658
JELM,25.479999542236328,28023.333333333332,30,etf,714034.5205052693
JEMA,63.7400016784668,157663.33333333334,30,etf,10049461.131299337
JEMB,53.06999969482422,73906.66666666667,30,etf,3922226.7774454756
JEPI,57.220001220703125,4555963.333333333,30,etf,260692227.49481198
JEPQ,59.869998931884766,6409233.333333333,30,etf,383720792.8208669
JETD,3.0,59510.0,30,etf,178530.0
JETS,28.799999237060547,2680783.3333333335,30,etf,77206557.95472464
JETU,27.21299934387207,1843.3333333333333,30,etf,50162.628790537514
JFLI,53.93199920654297,3600.0,30,etf,194155.1971435547
JFLX,49.720001220703125,153366.66666666666,30,etf,7625390.853881835
JGLO,73.87999725341797,194556.66666666666,30,etf,14373845.998967487
JGRO,94.68000030517578,564403.3333333334,30,etf,53437707.77224223
JGRW,28.03700065612793,4006.6666666666665,30,etf,112334.91596221924
JHAC,15.899999618530273,203.33333333333334,30,etf,3232.9999224344892
JHAI,34.321998596191406,7253.333333333333,30,etf,248948.896484375
JHCB,20.655000686645508,48243.333333333336,30,etf,996466.0831260681
JHCP,24.6299991607666,215550.0,30,etf,5308996.319103241
JHCR,24.80500030517578,93203.33333333333,30,etf,2311908.7117767334
JHDG,28.010000228881836,16006.666666666666,30,etf,448346.73699696857
JHDV,47.67300033569336,496.6666666666667,30,etf,23677.590166727703
JHEM,41.189998626708984,60070.0,30,etf,2474283.2175064087
JHHY,25.45400047302246,10890.0,30,etf,277194.0651512146
JHID,44.775001525878906,716.6666666666666,30,etf,32088.751093546547
JHLN,24.584999084472656,15126.666666666666,30,etf,371889.08615112305
JHMB,21.520000457763672,33320.0,30,etf,717046.4152526855
JHMD,46.58000183105469,83940.0,30,etf,3909925.3536987305
JHML,90.98400115966797,29503.333333333332,30,etf,2684331.3142140703
JHMM,74.94000244140625,186726.66666666666,30,etf,13993296.85587565
JHMU,25.57900047302246,7996.666666666667,30,etf,204546.74044926962
JHPI,22.459999084472656,39653.333333333336,30,etf,890613.8303629558
JHSC,48.52299880981445,28220.0,30,etf,1369319.0264129639
JIDE,52.65999984741211,893.3333333333334,30,etf,47042.933197021484
JIG,85.72599792480469,28736.666666666668,30,etf,2463479.4270324707
JIII,49.099998474121094,19796.666666666668,30,etf,972016.3031260173
JIRE,85.25,359733.3333333333,30,etf,30667266.666666664
JIVE,100.08000183105469,311496.6666666667,30,etf,31174586.970367435
JLCO,25.510000228881836,900.0,30,etf,22959.000205993652
JLQD,40.185001373291016,1146.6666666666667,30,etf,46078.80157470703
JMBS,44.13999938964844,646020.0,30,etf,28515322.405700684
JMEE,76.93000030517578,108880.0,30,etf,8376138.433227539
JMHI,48.83000183105469,35736.666666666664,30,etf,1745021.4987691243
JMID,31.59600067138672,3120.0,30,etf,98579.52209472656
JMMF,100.1449966430664,9326.666666666666,30,etf,934019.0020243326
JMOM,83.13999938964844,125293.33333333333,30,etf,10416887.656860352
JMSI,48.650001525878906,36003.333333333336,30,etf,1751562.2216033938
JMST,50.83000183105469,986783.3333333334,30,etf,50158198.640187584
JMTG,49.7400016784668,485416.6666666667,30,etf,24144625.81475576
JMUB,48.97999954223633,1336770.0,30,etf,65474993.98807526
JNEU,33.654998779296875,3700.0,30,etf,124523.49548339844
JNK,95.2699966430664,2623416.6666666665,30,etf,249932897.02669778
JNUG,195.0500030517578,295116.6666666667,30,etf,57562506.73395793
JOBC,16.43000030517578,493.3333333333333,30,etf,8105.466817220052
JOBX,9.295000076293945,61463.333333333336,30,etf,571301.6880226135
JOET,45.72999954223633,21053.333333333332,30,etf,962768.9236958821
JOJO,14.949999809265137,7583.333333333333,30,etf,113370.83188692728
JOYT,59.52799987792969,9350.0,30,etf,556586.7988586426
JPAN,43.72600173950195,1740.0,30,etf,76083.2430267334
JPEF,81.41899871826172,68746.66666666667,30,etf,5597284.7652181
JPEM,67.22000122070312,14263.333333333334,30,etf,958781.2840779623
JPFP,51.86000061035156,12683.333333333334,30,etf,657757.674407959
JPHY,49.845001220703125,25380.0,30,etf,1265066.1309814453
JPIB,47.630001068115234,200836.66666666666,30,etf,9565850.647850037
JPIE,45.619998931884766,1397630.0,30,etf,63759879.107170105
JPIN,77.625,5033.333333333333,30,etf,390712.5
JPLD,51.77799987792969,320890.0,30,etf,16615042.380828857
JPMB,39.4900016784668,27350.0,30,etf,1080051.545906067
JPME,126.89299774169922,7936.666666666667,30,etf,1007107.4254099529
JPO,14.404999732971191,26613.333333333332,30,etf,383365.05956013995
JPRE,52.119998931884766,15026.666666666666,30,etf,783189.8506164551
JPRF,49.439998626708984,157126.66666666666,30,etf,7768342.184219359
JPSE,59.650001525878906,13626.666666666666,30,etf,812830.6874593098
JPST,50.38999938964844,6264690.0,30,etf,315677725.27633667
JPSV,69.97899627685547,670.0,30,etf,46885.927505493164
JPUS,143.52000427246094,6960.0,30,etf,998899.2297363281
JPXN,104.55999755859375,4443.333333333333,30,etf,464594.9224853515
JPY,39.446998596191406,2743.3333333333335,30,etf,108216.2661488851
JQUA,74.48999786376953,506853.3333333333,30,etf,37755503.71724446
JSCP,46.63999938964844,254570.0,30,etf,11873144.644622803
JSI,50.849998474121094,131046.66666666667,30,etf,6663722.800038656
JSMD,93.2239990234375,53393.333333333336,30,etf,4977540.05452474
JSML,88.7300033569336,16630.0,30,etf,1475579.9558258057
JSTC,22.868999481201172,21350.0,30,etf,488253.138923645
JTEK,100.31500244140625,263556.6666666667,30,etf,26438687.660115562
JUCY,21.913000106811523,208870.0,30,etf,4576968.332309723
JUDO,28.59000015258789,693.3333333333334,30,etf,19822.400105794273
JULB,28.197999954223633,7120.0,30,etf,200769.75967407227
JULC,25.760000228881836,1076.6666666666667,30,etf,27734.93357976278
JULH,25.325000762939453,2346.6666666666665,30,etf,59429.335123697914
JULI,25.639999389648438,946.6666666666666,30,etf,24272.53275553385
JULJ,25.149999618530273,2230.0,30,etf,56084.49914932251
JULM,34.97999954223633,4576.666666666667,30,etf,160091.79790496826
JULP,33.42399978637695,4376.666666666667,30,etf,146285.7057317098
JULT,48.948001861572266,3673.3333333333335,30,etf,179802.32683817548
JULU,32.584999084472656,12143.333333333334,30,etf,395690.505549113
JULW,41.584999084472656,11466.666666666666,30,etf,476841.32283528644
JULZ,46.35900115966797,3540.0,30,etf,164110.8641052246
JUNM,35.43000030517578,3190.0,30,etf,113021.70097351074
JUNP,32.415000915527344,12000.0,30,etf,388980.0109863281
JUNT,38.69499969482422,8143.333333333333,30,etf,315106.2808481852
JUNW,35.005001068115234,29186.666666666668,30,etf,1021679.29784139
JUNZ,35.95399856567383,3120.0,30,etf,112176.47552490234
JUSA,69.29000091552734,41373.333333333336,30,etf,2866758.304545085
JUST,110.5739974975586,4313.333333333333,30,etf,476942.50920613605
JVAL,59.939998626708984,70196.66666666667,30,etf,4207588.103599548
JXI,81.6500015258789,19326.666666666668,30,etf,1578022.3628234863
JXX,31.47100067138672,1310.0,30,etf,41227.0108795166
KAMO,24.684999465942383,22313.333333333332,30,etf,550804.6214167277
KAPR,40.314998626708984,6960.0,30,etf,280592.39044189453
KARS,30.06999969482422,19236.666666666668,30,etf,578446.5607961019
KAT,58.5620002746582,9446.666666666666,30,etf,553215.6959279377
KAUG,29.170000076293945,20570.0,30,etf,600026.9015693665
KBA,32.779998779296875,25063.333333333332,30,etf,821576.0360717773
KBAB,7.109000205993652,15133.333333333334,30,etf,107582.86978403728
KBDU,13.845000267028809,1683.3333333333333,30,etf,23305.750449498493
KBE,69.33999633789062,1293400.0,30,etf,89684351.26342773
KBFR,27.579999923706055,3156.6666666666665,30,etf,87060.86642583211
KBUF,26.14699935913086,676.6666666666666,30,etf,17692.802899678547
KBWB,97.6500015258789,1232973.3333333333,30,etf,120399847.881368
KBWD,12.510000228881836,402360.0,30,etf,5033523.6920928955
KBWP,133.00999450683594,19170.0,30,etf,2549801.594696045
KBWY,17.940000534057617,197913.33333333334,30,etf,3550565.3056971235
KCAI,33.209999084472656,593.3333333333334,30,etf,19704.59945678711
KCCA,17.19499969482422,23926.666666666668,30,etf,411419.02603149414
KCE,170.9199981689453,12090.0,30,etf,2066422.7778625488
KCOP,24.555999755859375,15790.0,30,etf,387739.23614501953
KCSH,25.06999969482422,14226.666666666666,30,etf,356662.5289916992
KDEC,28.860000610351562,6013.333333333333,30,etf,173544.80367024738
KDEF,42.650001525878906,54793.333333333336,30,etf,2336935.750274658
KDRN,23.040000915527344,103.33333333333333,30,etf,2380.800094604492
KDVD,29.198999404907227,376.6666666666667,30,etf,10998.289775848389
KEAT,34.63199996948242,2856.6666666666665,30,etf,98932.07991282144
KEEX,28.0,39013.333333333336,30,etf,1092373.3333333335
KEMQ,25.856000900268555,4236.666666666667,30,etf,109543.25714747111
KEMX,52.46200180053711,8973.333333333334,30,etf,470759.029490153
KEYG,11.539999961853027,4270.0,30,etf,49275.79983711243
KFEB,31.43000030517578,903.3333333333334,30,etf,28391.766942342125
KGLD,27.889999389648438,164196.66666666666,30,etf,4579444.933115641
KGRN,22.725000381469727,15263.333333333334,30,etf,346859.25582249963
KHPI,25.93000030517578,75720.0,30,etf,1963419.6231079102
KHYB,24.049999237060547,2356.6666666666665,30,etf,56677.83153533935
KIE,63.900001525878906,1026573.3333333334,30,etf,65598037.5664266
KIQQ,24.923999786376953,1883.3333333333333,30,etf,46940.19959767659
KJAN,46.435001373291016,8006.666666666667,30,etf,371789.5776621501
KJD,16.48699951171875,3383.3333333333335,30,etf,55781.01501464844
KJUL,33.97200012207031,27173.333333333332,30,etf,923132.4833170573
KJUN,29.913000106811523,6333.333333333333,30,etf,189449.00067647296
KLAG,25.299999237060547,68706.66666666667,30,etf,1738278.6142476401
KLIP,23.270000457763672,31016.666666666668,30,etf,721757.8475316366
KLMN,31.732999801635742,843356.6666666666,30,etf,26762236.93604151
KLMT,35.50600051879883,1033.3333333333333,30,etf,36689.53386942545
KMAR,32.52299880981445,2000.0,30,etf,65045.997619628906
KMAY,30.594999313354492,6053.333333333333,30,etf,185201.72917683917
KMEM,19.8700008392334,123416.66666666667,30,etf,2452289.2702420554
KMID,24.229000091552734,11356.666666666666,30,etf,275160.6777064005
KMLI,10.786999702453613,61553.333333333336,30,etf,663975.7883516948
KMLM,29.969999313354492,344953.3333333333,30,etf,10338251.163139343
KNCT,198.1999969482422,3076.6666666666665,30,etf,609795.3239440918
KNG,51.02000045776367,235106.66666666666,30,etf,11995142.240956623
KNGZ,42.494998931884766,7543.333333333333,30,etf,320553.9419428507
KNO,64.17400360107422,653.3333333333334,30,etf,41927.015686035156
KNOV,32.310001373291016,2560.0,30,etf,82713.603515625
KNOW,12.984999656677246,3303.3333333333335,30,etf,42893.78219922384
KNRG,25.643999099731445,12240.0,30,etf,313882.5489807129
KOCT,38.130001068115234,20873.333333333332,30,etf,795900.2222951252
KOID,36.41999816894531,155200.0,30,etf,5652383.7158203125
KOKU,134.73699951171875,196.66666666666666,30,etf,26498.27657063802
KOLD,28.559999465942383,2331250.0,30,etf,66580498.75497818
KOMP,67.68000030517578,70940.0,30,etf,4801219.22164917
KONG,32.9630012512207,970.0,30,etf,31974.111213684082
KOOL,14.850000381469727,3576.6666666666665,30,etf,53113.50136439005
KORP,45.66999816894531,103626.66666666667,30,etf,4732629.676920573
KORU,23.469999313354492,32507720.0,30,etf,762956166.0787201
KPDD,5.111999988555908,115596.66666666667,30,etf,590930.1586771011
KPHO,23.33099937438965,453.3333333333333,30,etf,10576.719716389973
KPRO,26.62299919128418,390.0,30,etf,10382.96968460083
KQQQ,28.65999984741211,45083.333333333336,30,etf,1292088.3264541626
KRBN,34.880001068115234,32863.333333333336,30,etf,1146273.1017684937
KRE,75.2699966430664,11618170.0,30,etf,874499616.8985748
KROP,39.26599884033203,9520.0,30,etf,373812.30895996094
KRWX,16.010000228881836,6586.666666666667,30,etf,105452.5348409017
KRYP,22.239999771118164,1540.0,30,etf,34249.59964752197
KSA,38.5099983215332,480010.0,30,etf,18485184.294319153
KSEP,31.479999542236328,15726.666666666666,30,etf,495075.45946756995
KSLV,27.079999923706055,97276.66666666667,30,etf,2634252.1259117126
KSPY,30.100000381469727,48663.333333333336,30,etf,1464766.3518969219
KSTR,23.219999313354492,1093383.3333333333,30,etf,25388360.249233246
KTEC,12.75,52620.0,30,etf,670905.0
KTUP,5.275000095367432,233396.66666666666,30,etf,1231167.4389251072
KURE,18.899999618530273,44050.0,30,etf,832544.9831962585
KVLE,29.143999099731445,2130.0,30,etf,62076.71808242798
KWEB,26.049999237060547,17883526.666666668,30,etf,465865856.02261865
KWH,24.790000915527344,5800.0,30,etf,143782.0053100586
KWIN,25.829999923706055,14310.0,30,etf,369627.29890823364
KWT,37.650001525878906,5346.666666666667,30,etf,201302.0081583659
KXI,68.31999969482422,99046.66666666667,30,etf,6766868.236440023
KYLD,20.530000686645508,40866.666666666664,30,etf,838992.6947275797
LABD,6.449999809265137,15830256.666666666,30,etf,102105152.48061815
LABU,303.54998779296875,396880.0,30,etf,120472919.15527344
LABX,12.15999984741211,1260143.3333333333,30,etf,15323342.741050718
LALT,24.559999465942383,117790.0,30,etf,2892922.3370933533
LAPR,25.209999084472656,1276.6666666666667,30,etf,32184.765497843426
LAZR,42.59000015258789,207393.33333333334,30,etf,8832882.098312378
LBAY,27.524999618530273,1920.0,30,etf,52847.999267578125
LBO,27.02199935913086,613.3333333333334,30,etf,16573.49294026693
LCAP,33.650001525878906,30490.0,30,etf,1025988.5465240479
LCDS,74.14399719238281,186.66666666666666,30,etf,13840.212809244791
LCF,46.57699966430664,746.6666666666666,30,etf,34777.49308268229
LCLG,70.49299621582031,420.0,30,etf,29607.05841064453
LCO,28.908000946044922,143.33333333333334,30,etf,4143.480135599772
LCOW,26.60099983215332,3253.3333333333335,30,etf,86541.91945393881
LCR,40.82099914550781,3003.3333333333335,30,etf,122599.06743367514
LCTD,60.334999084472656,12890.0,30,etf,777718.1381988525
LCTO,25.18000030517578,640.0,30,etf,16115.2001953125
LCTU,83.0,19930.0,30,etf,1654190.0
LDDR,76.21499633789062,600.0,30,etf,45728.997802734375
LDEM,62.654998779296875,860.0,30,etf,53883.29895019531
LDRC,24.915000915527344,16030.0,30,etf,399387.4646759033
LDRH,24.399999618530273,4380.0,30,etf,106871.9983291626
LDRI,25.010000228881836,10143.333333333334,30,etf,253684.76898829144
LDRT,24.850000381469727,67340.0,30,etf,1673399.0256881714
LDRX,36.86199951171875,5696.666666666667,30,etf,209990.52388509116
LDSF,18.809999465942383,28173.333333333332,30,etf,529940.3849538167
LDUR,95.05999755859375,94880.0,30,etf,9019292.568359375
LEGR,67.79100036621094,1856.6666666666667,30,etf,125865.29067993164
LEMB,43.310001373291016,123803.33333333333,30,etf,5361922.536684671
LEND,24.780000686645508,99550.0,30,etf,2466849.0683555603
LENS,47.108001708984375,7150.0,30,etf,336822.2122192383
LEUX,11.710000038146973,65060.0,30,etf,761852.602481842
LEXI,40.801998138427734,9900.0,30,etf,403939.78157043457
LFAI,144.8260040283203,136.66666666666666,30,etf,19792.887217203774
LFAW,168.2050018310547,120.0,30,etf,20184.600219726562
LFBE,177.0019989013672,113.33333333333333,30,etf,20060.226542154945
LFDR,177.11000061035156,106.66666666666667,30,etf,18891.7333984375
LFEQ,61.24800109863281,796.6666666666666,30,etf,48794.24087524414
LFGY,20.829999923706055,42960.0,30,etf,894856.7967224121
LFSC,46.13399887084961,3616.6666666666665,30,etf,166851.2959162394
LGCF,39.275001525878906,333.3333333333333,30,etf,13091.667175292969
LGDX,25.673999786376953,123.33333333333333,30,etf,3166.4599736531572
LGH,66.44999694824219,20476.666666666668,30,etf,1360674.4375101726
LGHT,10.11400032043457,3116.6666666666665,30,etf,31521.96766535441
LGLV,185.47999572753906,19103.333333333332,30,etf,3543286.185048421
LGOV,20.780000686645508,195726.66666666666,30,etf,4067200.2677281694
LGRO,47.053001403808594,5260.0,30,etf,247498.7873840332
LIAE,202.1320037841797,100.0,30,etf,20213.20037841797
LIAM,229.1280059814453,103.33333333333333,30,etf,23676.56061808268
LIAU,252.99200439453125,100.0,30,etf,25299.200439453125
QSPT,35.72999954223633,18846.666666666668,30,etf,673391.3913726807
QSU,5.849999904632568,62886.666666666664,30,etf,367886.9940026601
QTAP,52.619998931884766,2066.6666666666665,30,etf,108747.99779256184
QTEC,312.25,167123.33333333334,30,etf,52184260.833333336
QTJA,33.95500183105469,10180.0,30,etf,345661.9186401367
QTJL,42.345001220703125,9783.333333333334,30,etf,414275.2619425456
QTOC,39.06999969482422,9810.0,30,etf,383276.6970062256
QTOP,37.56999969482422,114703.33333333333,30,etf,4309404.198328653
QTPI,25.30500030517578,7733.333333333333,30,etf,195692.00236002603
QTR,33.946998596191406,2606.6666666666665,30,etf,88488.50967407227
QTUM,147.88999938964844,358086.6666666667,30,etf,52957436.91477458
QUA,12.970000267028809,226.66666666666666,30,etf,2939.8667271931963
QUAL,222.5800018310547,901190.0,30,etf,200586871.85012817
QUBX,6.489999771118164,229150.0,30,etf,1487183.4475517273
QUIZ,29.829999923706055,20460.0,30,etf,610321.7984390259
QUS,194.40899658203125,15100.0,30,etf,2935575.848388672
QUSA,17.90999984741211,18660.0,30,etf,334200.59715270996
QVAL,62.02000045776367,26626.666666666668,30,etf,1651385.8788553874
QVML,45.69499969482422,107033.33333333333,30,etf,4890888.134002686
QVMM,35.40399932861328,2286.6666666666665,30,etf,80957.14513142903
QVMS,34.12699890136719,830.0,30,etf,28325.409088134766
QVMT,66.56600189208984,9146.666666666666,30,etf,608857.0306396484
QVOL,98.66000366210938,8960.0,30,etf,883993.6328125
QVOY,29.4060001373291,15223.333333333334,30,etf,447657.3420906067
QWLD,158.4459991455078,1616.6666666666667,30,etf,256154.36528523764
QXQ,31.979000091552734,19176.666666666668,30,etf,613250.6250890096
QYLD,18.360000610351562,4105830.0,30,etf,75383041.30599976
QYLG,29.740999221801758,41766.666666666664,30,etf,1242182.4008305867
RAA,30.562999725341797,37580.0,30,etf,1148557.5296783447
RAAA,25.014999389648438,3790.0,30,etf,94806.84768676758
RAAR,51.45000076293945,863.3333333333334,30,etf,44418.500658671066
RAAX,41.619998931884766,287743.3333333333,30,etf,11975877.225990295
RAAY,102.79000091552734,100.0,30,etf,10279.000091552734
RACK,49.040000915527344,36250.0,30,etf,1777700.0331878662
RAFE,50.58100128173828,8166.666666666667,30,etf,413078.177134196
RANK,19.229999542236328,13243.333333333334,30,etf,254669.2939376831
RAUS,30.24799919128418,7543.333333333333,30,etf,228170.74056625366
RAVI,75.18000030517578,77683.33333333333,30,etf,5840233.023707071
RB,47.06700134277344,150.0,30,etf,7060.050201416016
RBIL,50.064998626708984,26803.333333333332,30,etf,1341908.8465245564
RBLD,86.05999755859375,6276.666666666667,30,etf,540169.9180094402
RBLU,4.550000190734863,687933.3333333334,30,etf,3130096.797879537
RBLY,9.630000114440918,16433.333333333332,30,etf,158253.00188064575
RBUF,31.1560001373291,12946.666666666666,30,etf,403366.34844462073
RCAX,2.9700000286102295,354676.6666666667,30,etf,1053389.7101473808
RCGE,31.124000549316406,130.0,30,etf,4046.120071411133
RCLR,51.709999084472656,530.0,30,etf,27406.299514770508
RCLY,103.37999725341797,100.0,30,etf,10337.999725341797
RCTR,34.32899856567383,3546.6666666666665,30,etf,121753.51491292317
RDDC,12.550000190734863,5870.0,30,etf,73668.50111961365
RDFI,23.020000457763672,13760.0,30,etf,316755.2062988281
RDIV,62.880001068115234,82743.33333333333,30,etf,5202900.888379415
RDOG,40.54999923706055,750.0,30,etf,30412.49942779541
RDTE,27.93000030517578,107513.33333333333,30,etf,3002847.4328104653
RDTL,13.5600004196167,989066.6666666666,30,etf,13411744.415028889
RDTY,36.755001068115234,11513.333333333334,30,etf,423172.5789642334
RDVI,29.260000228881836,761206.6666666666,30,etf,22272907.240893044
RDVY,82.04000091552734,1058493.3333333333,30,etf,86838794.03574625
RDWU,6.119999885559082,805253.3333333334,30,etf,4928150.307846069
RDYY,15.619999885559082,47016.666666666664,30,etf,734400.3279527028
REAI,21.29199981689453,110.0,30,etf,2342.1199798583984
RECS,45.75,451470.0,30,etf,20654752.5
REET,27.399999618530273,2888363.3333333335,30,etf,79141154.23151016
REGL,93.0199966430664,64556.666666666664,30,etf,6005060.91662089
REGS,11.539999961853027,12380.0,30,etf,142865.19952774048
REIT,29.989999771118164,11490.0,30,etf,344585.0973701477
REIX,29.992000579833984,116.66666666666667,30,etf,3499.066734313965
REK,15.819999694824219,5096.666666666667,30,etf,80629.26511128744
REM,21.790000915527344,363490.0,30,etf,7920447.432785034
REMC,23.424999237060547,2950.0,30,etf,69103.74774932861
REMG,37.60200119018555,13090.0,30,etf,492210.1955795288
REMX,75.66000366210938,671963.3333333334,30,etf,50840748.26080322
RESM,24.256000518798828,2850.0,30,etf,69129.60147857666
RETL,8.670000076293945,321360.0,30,etf,2786191.2245178223
REVS,34.14400100708008,40570.0,30,etf,1385222.1208572388
REW,11.399999618530273,39576.666666666664,30,etf,451173.98490269977
REXC,17.59000015258789,209803.33333333334,30,etf,3690440.6653467817
REZ,93.25,55083.333333333336,30,etf,5136520.833333334
RFCI,21.96500015258789,4076.6666666666665,30,etf,89543.9839553833
RFDA,73.79499816894531,5460.0,30,etf,402920.6900024414
RFDI,92.86699676513672,5950.0,30,etf,552558.6307525635
RFEM,100.10299682617188,3466.6666666666665,30,etf,347023.7223307291
RFFC,77.26699829101562,1196.6666666666667,30,etf,92462.8412882487
RFG,60.849998474121094,7733.333333333333,30,etf,470573.3215332031
RFIX,35.54999923706055,292730.0,30,etf,10406551.276664734
RFLR,32.79199981689453,9586.666666666666,30,etf,314365.9715779622
RFV,152.0399932861328,6270.0,30,etf,953290.7579040527
RGEF,35.23699951171875,6030.0,30,etf,212479.10705566406
RGLO,33.72999954223633,27246.666666666668,30,etf,919030.0541941326
RGTC,21.3799991607666,186.66666666666666,30,etf,3990.933176676432
RGTU,10.081999778747559,74506.66666666667,30,etf,751176.1968485515
RGTX,9.140000343322754,730176.6666666666,30,etf,6673814.984019597
RGTZ,3.5799999237060547,4365673.333333333,30,etf,15629110.20025889
RGYY,5.830999851226807,15830.0,30,etf,92304.72764492035
RHRX,21.663000106811523,24053.333333333332,30,etf,521067.36256917316
RHTX,20.360000610351562,633.3333333333334,30,etf,12894.667053222656
RIET,9.359999656677246,96610.0,30,etf,904269.5668315887
RIFR,28.402999877929688,4043.3333333333335,30,etf,114842.7961730957
RIGS,22.559999465942383,11930.0,30,etf,269140.7936286926
RILA,12.147000312805176,3843.3333333333335,30,etf,46684.97120221456
RINF,32.880001068115234,3150.0,30,etf,103572.00336456299
RING,87.4000015258789,908150.0,30,etf,79372311.38572693
RINT,33.275001525878906,13853.333333333334,30,etf,460969.6878051758
RIOX,28.5,351826.6666666667,30,etf,10027060.0
RISE,19.450000762939453,2713.3333333333335,30,etf,52774.33540344238
RISN,30.979999542236328,5346.666666666667,30,etf,165639.73088582358
RISR,36.599998474121094,87826.66666666667,30,etf,3214455.865987142
RITA,21.110000610351562,5780.0,30,etf,122015.80352783203
RIVC,19.520000457763672,196.66666666666666,30,etf,3838.9334233601885
RKLX,15.130000114440918,2322366.6666666665,30,etf,35137407.93244044
RKLZ,4.079999923706055,5970380.0,30,etf,24359149.944496155
RKNG,23.350000381469727,4400.0,30,etf,102740.0016784668
RKX,9.399999618530273,9226.666666666666,30,etf,86730.66314697266
RLY,37.849998474121094,181503.33333333334,30,etf,6869900.88971456
RMBX,9.239999771118164,5316.666666666667,30,etf,49125.99878311157
RMCA,23.582000732421875,5543.333333333333,30,etf,130722.89072672525
RMNY,23.895000457763672,2656.6666666666665,30,etf,63481.05121612549
RMOP,24.6200008392334,97240.0,30,etf,2394048.8816070557
RMRC,25.850000381469727,2980.0,30,etf,77033.00113677979
RND,33.08000183105469,3493.3333333333335,30,etf,115559.47306315105
RNEM,57.82600021362305,360.0,30,etf,20817.360076904297
RNIN,38.150001525878906,30160.0,30,etf,1150604.0460205078
RNMN,26.094999313354492,330.0,30,etf,8611.349773406982
RNRG,34.34199905395508,2706.6666666666665,30,etf,92952.3441060384
RNTY,48.20399856567383,2756.6666666666665,30,etf,132882.35604604083
ROAM,36.733001708984375,8706.666666666666,30,etf,319822.00154622394
ROBN,39.130001068115234,768663.3333333334,30,etf,30077797.05435435
ROBO,80.56999969482422,181423.33333333334,30,etf,14617277.91130066
ROBT,58.93299865722656,42646.666666666664,30,etf,2513295.9494018555
ROCQ,55.459999084472656,292456.6666666667,30,etf,16219646.465581259
ROCY,55.150001525878906,380503.3333333333,30,etf,20984759.41393534
RODM,42.59000015258789,66973.33333333333,30,etf,2852394.2768859863
ROE,43.52000045776367,23673.333333333332,30,etf,1030263.4775034586
ROKT,108.81999969482422,25910.0,30,etf,2819526.1920928955
ROM,146.27999877929688,47106.666666666664,30,etf,6890763.142496744
ROMO,34.95600128173828,790.0,30,etf,27615.241012573242
RONB,24.020000457763672,179356.66666666666,30,etf,4308147.215436299
ROPE,30.184999465942383,17356.666666666668,30,etf,523910.97406387335
ROSC,55.67599868774414,6313.333333333333,30,etf,351501.138381958
ROUS,67.8499984741211,60740.0,30,etf,4121208.9073181152
RPAR,22.558000564575195,23393.333333333332,30,etf,527706.826540629
RPG,57.77000045776367,598946.6666666666,30,etf,34601149.207509354
RPV,122.86000061035156,180360.0,30,etf,22159029.710083008
RSBA,20.430999755859375,11570.0,30,etf,236386.66717529297
RSBT,19.135000228881836,58773.333333333336,30,etf,1124627.746785482
RSBY,18.135000228881836,10370.0,30,etf,188059.95237350464
RSDE,24.049999237060547,3636.6666666666665,30,etf,87461.83055877686
RSJN,38.05099868774414,14800.0,30,etf,563154.7805786133
RSMC,28.60300064086914,7530.0,30,etf,215380.59482574463
RSMR,24.2450008392334,1600.0,30,etf,38792.00134277344
RSMV,28.708999633789062,6036.666666666667,30,etf,173306.66112263998
RSP,219.0,6821876.666666667,30,etf,1493990990.0
RSPA,54.22999954223633,262833.3333333333,30,etf,14253451.546351114
RSPC,37.04999923706055,8146.666666666667,30,etf,301833.9937845866
RSPD,55.560001373291016,60743.333333333336,30,etf,3374899.683418274
RSPE,34.922000885009766,9116.666666666666,30,etf,318372.24140167236
RSPF,85.20999908447266,15403.333333333334,30,etf,1312518.0192311606
RSPG,115.16000366210938,93400.0,30,etf,10755944.342041016
RSPH,37.45000076293945,131730.0,30,etf,4933288.600502014
RSPM,40.400001525878906,34580.0,30,etf,1397032.0527648926
RSPN,61.220001220703125,198956.66666666666,30,etf,12180127.376200357
RSPR,35.82600021362305,7723.333333333333,30,etf,276696.14164988196
RSPS,30.889999389648438,76596.66666666667,30,etf,2366070.9865824385
RSPT,64.16000366210938,494773.3333333333,30,etf,31744658.878580727
RSPU,76.19999694824219,46310.0,30,etf,3528821.8586730957
RSSB,31.174999237060547,62213.333333333336,30,etf,1939500.6192016602
RSSE,23.854999542236328,4053.3333333333335,30,etf,96692.26481119792
RSSL,115.91999816894531,10713.333333333334,30,etf,1241889.5803833008
RSST,34.25,114516.66666666667,30,etf,3922195.8333333335
RSSY,26.049999237060547,21610.0,30,etf,562940.4835128784
RTAI,20.469999313354492,256.6666666666667,30,etf,5253.966490427653
RTH,262.8699951171875,6030.0,30,etf,1585106.0705566406
RTOO,24.6200008392334,7833.333333333333,30,etf,192856.67324066162
RTRE,24.3700008392334,11206.666666666666,30,etf,273106.4760716756
RTXG,24.398000717163086,16013.333333333334,30,etf,390693.31815083825
RTYY,8.640000343322754,29903.333333333332,30,etf,258364.81026649475
RULE,30.139999389648438,5146.666666666667,30,etf,155120.5301920573
RUNN,34.5890007019043,46100.0,30,etf,1594552.932357788
RUSC,38.12900161743164,6796.666666666667,30,etf,259150.11432647705
RVER,36.68199920654297,5260.0,30,etf,192947.31582641602
RVNL,23.840999603271484,79460.0,30,etf,1894405.8284759521
RVNU,24.170000076293945,27160.0,30,etf,656457.2020721436
RW,24.920000076293945,1600.0,30,etf,39872.00012207031
RWEM,37.400001525878906,6016.666666666667,30,etf,225023.3425140381
RWIN,28.0,416.6666666666667,30,etf,11666.666666666668
RWJ,61.349998474121094,84826.66666666667,30,etf,5204115.870564779
RWK,149.22000122070312,20273.333333333332,30,etf,3025186.824747721
RWL,134.8800048828125,272330.0,30,etf,36731871.72973633
RWLC,38.98500061035156,5703.333333333333,30,etf,222344.4534810384
RWM,13.600000381469727,17889480.0,30,etf,243296934.82429504
RWO,49.41999816894531,153363.33333333334,30,etf,7579215.652516684
RWR,111.33000183105469,290616.6666666667,30,etf,32354354.032135013
RWX,27.530000686645508,21233.333333333332,30,etf,584553.6812464396
RXD,14.569999694824219,11180.0,30,etf,162892.59658813477
RXI,196.4199981689453,15686.666666666666,30,etf,3081175.037943522
RXL,60.66999816894531,19773.333333333332,30,etf,1199648.0971272786
RYLD,16.260000228881836,495063.3333333333,30,etf,8049729.913311005
RYLG,24.697999954223633,2050.0,30,etf,50630.89990615845
RZG,66.98999786376953,7540.0,30,etf,505104.58389282227
RZV,150.67999267578125,7380.0,30,etf,1112018.3459472656
SAA,35.95000076293945,2820.0,30,etf,101379.00215148926
SAGP,36.95399856567383,3630.0,30,etf,134143.014793396
SAMM,33.25899887084961,3160.0,30,etf,105098.43643188477
SAMT,42.67499923706055,143883.33333333334,30,etf,6140221.140225729
SAPH,39.099998474121094,800.0,30,etf,31279.998779296875
SARK,24.610000610351562,146990.0,30,etf,3617423.989715576
SASS,24.549999237060547,453.3333333333333,30,etf,11129.332987467447
SATO,18.913999557495117,1140.0,30,etf,21561.959495544434
SAUG,27.969999313354492,18746.666666666668,30,etf,524344.2537943523
SAWG,24.3700008392334,823.3333333333334,30,etf,20064.634024302166
SAWS,23.5,8433.333333333334,30,etf,198183.33333333334
SBAR,25.704999923706055,114516.66666666667,30,etf,2943650.9079297385
SBB,22.68000030517578,1026.6666666666667,30,etf,23284.800313313805
SBIL,100.13500213623047,371330.0,30,etf,37183130.34324646
SBIO,67.66000366210938,38563.333333333336,30,etf,2609195.274556478
SBIT,34.25,863380.0,30,etf,29570765.0
SBND,18.599000930786133,90316.66666666667,30,etf,1679799.7673988342
SBTU,43.54899978637695,114346.66666666667,30,etf,4979682.962239584
SCA,25.899999618530273,1796.6666666666667,30,etf,46533.665981292725
SCAP,38.50899887084961,1930.0,30,etf,74322.36782073975
SCAU,25.15999984741211,458.3333333333333,24,etf,11531.666596730549
SCC,15.020000457763672,12236.666666666666,30,etf,183794.73893483478
SCCR,24.985000610351562,527030.0,30,etf,13167844.871673584
SCDS,75.3030014038086,1416.6666666666667,30,etf,106679.25198872885
SCDV,26.909000396728516,9593.333333333334,30,etf,258147.01047261557
SCEC,24.5,80880.0,30,etf,1981560.0
SCEP,24.850000381469727,28930.0,30,etf,718910.5110359192
SCHA,34.54999923706055,2265316.6666666665,30,etf,78266689.10503387
SCHB,29.729999542236328,5956153.333333333,30,etf,177076435.87348938
SCHC,51.619998931884766,285460.0,30,etf,14735444.895095825
SCHD,34.79999923706055,23684453.333333332,30,etf,824218957.930196
SCHE,37.58000183105469,3010210.0,30,etf,113123697.31185913
SCHF,28.579999923706055,7137493.333333333,30,etf,203989558.92211914
SCHG,35.529998779296875,6624470.0,30,etf,235367411.01348877
SCHH,23.450000762939453,5436343.333333333,30,etf,127482255.31426747
SCHI,22.059999465942383,1826393.3333333333,30,etf,40290235.95793406
SCHJ,24.399999618530273,254356.66666666666,30,etf,6206302.569637299
SCHK,37.13999938964844,1314980.0,30,etf,48838356.3973999
SCHM,35.83000183105469,1279250.0,30,etf,45835529.84237671
SCHO,24.020000457763672,6297886.666666667,30,etf,151275240.61627707
SCHP,25.84000015258789,5314550.0,30,etf,137327972.81093597
SCHQ,29.950000762939453,866200.0,30,etf,25942690.660858154
SCHR,24.239999771118164,2462600.0,30,etf,59693423.43635559
SCHV,34.81999969482422,3171233.3333333335,30,etf,110422343.69888306
SCHX,30.360000610351562,6981243.333333333,30,etf,211950551.86101276
SCHY,33.2400016784668,647270.0,30,etf,21515255.886421204
SCHZ,22.670000076293945,1834686.6666666667,30,etf,41592346.87330882
SCIO,20.489999771118164,198110.0,30,etf,4059273.8546562195
SCJ,110.8499984741211,32076.666666666668,30,etf,3555698.451054891
SCJL,25.139999389648438,390.0,30,etf,9804.59976196289
SCLZ,56.54399871826172,1066.6666666666667,30,etf,60313.59863281251
SCMB,24.920000076293945,1608066.6666666667,30,etf,40073021.45601909
SCMC,24.84000015258789,22110.0,30,etf,549212.4033737183
SCNM,24.3799991607666,29706.666666666668,30,etf,724248.5084025066
SCO,22.440000534057617,4293303.333333333,30,etf,96341729.09287134
SCOW,23.270999908447266,350.0,30,etf,8144.849967956543
SCSB,24.780000686645508,2166.6666666666665,30,etf,53690.001487731926
SCUB,25.0,3243.3333333333335,30,etf,81083.33333333334
SCUS,25.1200008392334,130066.66666666667,30,etf,3267274.7758229575
SCYB,25.8799991607666,918700.0,30,etf,23775955.228996277
SCZ,87.56999969482422,1047873.3333333334,30,etf,91762267.48021445
SDCI,30.704999923706055,277616.6666666667,30,etf,8524219.72881953
SDCP,25.40999984741211,273.3333333333333,30,etf,6945.399958292643
SDD,8.40999984741211,1786.6666666666667,30,etf,15025.866394042969
SDEM,34.2599983215332,3830.0,30,etf,131215.79357147217
SDFI,35.209999084472656,32180.0,30,etf,1133057.77053833
SDG,92.58000183105469,2966.6666666666665,30,etf,274654.0054321289
SDIV,25.110000610351562,384066.6666666667,30,etf,9643914.234415691
SDMF,26.1200008392334,17096.666666666668,30,etf,446564.94768142706
SDOG,73.22000122070312,29276.666666666668,30,etf,2143637.569071452
SDOW,22.829999923706055,3753173.3333333335,30,etf,85684946.91365561
SDP,24.049999237060547,6096.666666666667,30,etf,146624.8286819458
SDS,54.119998931884766,2478020.0,30,etf,134110439.75318909
SDSI,51.0099983215332,45226.666666666664,30,etf,2307012.190755208
SDTY,41.20399856567383,12463.333333333334,30,etf,513539.1687901815
SDUR,25.030000686645508,19033.333333333332,27,etf,476404.34640248615
SDVD,23.049999237060547,160666.66666666666,30,etf,3703366.5440877276
SDVY,43.43000030517578,872630.0,30,etf,37898321.16630554
SDY,155.88999938964844,203820.0,30,etf,31773499.675598145
SEA,20.020000457763672,7240.0,30,etf,144944.80331420898
SECR,24.889999389648438,4110.0,30,etf,102297.89749145508
SECT,72.0999984741211,117706.66666666667,30,etf,8486650.487060547
SECU,49.31999969482422,105336.66666666667,30,etf,5195204.367853801
SEEM,40.0369987487793,59113.333333333336,30,etf,2366720.4527028403
SEF,29.219999313354492,10950.0,30,etf,319958.9924812317
SEIE,37.3489990234375,158986.66666666666,30,etf,5937992.858072916
SEIM,54.111000061035156,100756.66666666667,30,etf,5452043.996149699
SEIQ,41.869998931884766,57373.333333333336,30,etf,2402221.4053853354
SEIS,32.709999084472656,54233.333333333336,30,etf,1773972.2836812339
SEIV,51.2400016784668,159863.33333333334,30,etf,8191397.468325297
SEIX,23.334999084472656,91490.0,30,etf,2134919.0662384033
SELV,35.13199996948242,14150.0,30,etf,497117.79956817627
SEMG,27.790000915527344,7403.333333333333,30,etf,205738.64011128742
SEMI,38.529998779296875,9583.333333333334,30,etf,369245.8216349284
SEMY,12.920000076293945,147583.33333333334,30,etf,1906776.6779263816
SEPI,28.81999969482422,50730.0,30,etf,1462038.5845184326
SEPM,33.275001525878906,2686.6666666666665,30,etf,89398.83743286133
SEPP,33.275001525878906,6640.0,30,etf,220946.01013183594
SEPQ,27.520000457763672,25543.333333333332,30,etf,702952.5450261433
SEPT,38.525001525878906,6126.666666666667,30,etf,236029.84268188477
SEPU,31.825000762939453,13613.333333333334,30,etf,433244.3437194824
SEPW,33.9900016784668,30873.333333333332,30,etf,1049384.6518198648
SEPZ,46.433998107910156,9476.666666666666,30,etf,440039.5220692952
SETH,33.22999954223633,30613.333333333332,30,etf,1017281.0526529948
SETM,33.959999084472656,133083.33333333334,30,etf,4519509.878158569
SEUS,26.329999923706055,33026.666666666664,30,etf,869592.1308135985
BWQG,26.3700008392334,12426.666666666666,30,etf,327691.21042887366
BWTG,42.23400115966797,783.3333333333334,30,etf,33083.30090840658
BWX,21.93000030517578,367780.0,30,etf,8065415.512237549
BWZ,27.43000030517578,109170.0,30,etf,2994533.13331604
BYLD,22.209999084472656,65546.66666666667,30,etf,1455791.4066569011
BYRE,27.01099967956543,2860.0,30,etf,77251.45908355713
BZQ,18.90999984741211,6430.0,30,etf,121591.29901885986
CAAA,20.125,5810.0,30,etf,116926.25
CAFG,33.084999084472656,24846.666666666668,30,etf,822051.943918864
CAFX,24.375,21503.333333333332,30,etf,524143.74999999994
CAGE,29.059999465942383,109290.0,30,etf,3175967.341632843
CAIE,26.889999389648438,565043.3333333334,30,etf,15194014.888458254
CAIQ,25.55299949645996,230303.33333333334,30,etf,5884940.9606997175
CALF,57.43000030517578,567870.0,30,etf,32612774.27330017
CALI,50.26499938964844,123436.66666666667,30,etf,6204543.974660238
CAM,24.6299991607666,109990.0,30,etf,2709053.6076927185
CAML,40.33000183105469,25420.0,30,etf,1025188.6465454102
CAMX,35.67300033569336,333.3333333333333,30,etf,11891.000111897785
CANC,44.04999923706055,23400.0,30,etf,1030769.9821472168
CANE,11.420000076293945,291196.6666666667,30,etf,3325465.955549876
CANQ,29.952999114990234,1123.3333333333333,30,etf,33647.20233917236
CAOS,90.5,45690.0,30,etf,4134945.0
CAPE,32.737998962402344,27070.0,30,etf,886217.6319122314
CARD,2.255000114440918,15493.333333333334,30,etf,34937.46843973796
CARK,48.073001861572266,8516.666666666666,30,etf,409421.73252105707
CARU,23.559999465942383,1266.6666666666667,30,etf,29842.665990193687
CARY,20.594999313354492,416770.0,30,etf,8583377.863826752
CARZ,106.38999938964844,3323.3333333333335,30,etf,353569.43130493164
CAS,25.52899932861328,3193.3333333333335,30,etf,81522.60452270508
CATF,48.81700134277344,9386.666666666666,30,etf,458228.9192708333
CATG,10.420000076293945,63736.666666666664,30,etf,664136.0715293884
CATH,91.85800170898438,42893.333333333336,30,etf,3940095.88663737
CAUG,25.3799991607666,262.5,24,etf,6662.249779701233
CBIL,24.780000686645508,31560.0,30,etf,782056.8216705322
CBLS,30.795000076293945,1926.6666666666667,30,etf,59331.700146993004
CBOA,24.8799991607666,1180.0,30,etf,29358.39900970459
CBOJ,24.225000381469727,4073.3333333333335,30,etf,98676.50155385336
CBOL,23.899999618530273,363.3333333333333,30,etf,8683.666528065998
CBON,24.145000457763672,5910.0,30,etf,142696.9527053833
CBOO,24.639999389648438,1826.6666666666667,30,etf,45009.06555175781
CBOX,101.5999984741211,99590.0,30,etf,10118343.84803772
CBOY,25.049999237060547,1420.0,30,etf,35570.99891662598
CBRG,3.890000104904175,12031370.0,30,etf,46802030.56214094
CBRX,11.5600004196167,500183.3333333333,30,etf,5782119.543218613
CBRZ,8.0,1039173.3333333334,30,etf,8313386.666666667
CBSE,47.5890007019043,7963.333333333333,30,etf,378967.07558949786
CBTA,23.648000717163086,790.0,30,etf,18681.920566558838
CBTJ,20.030000686645508,4583.333333333333,30,etf,91804.1698137919
CBTY,21.773000717163086,1066.6666666666667,30,etf,23224.534098307293
CBXA,23.148000717163086,676.6666666666666,30,etf,15663.480485280354
CBXJ,21.600000381469727,4963.333333333333,30,etf,107208.0018933614
CBXY,23.54400062561035,1743.3333333333333,30,etf,41045.04109064738
CCEF,29.816999435424805,3793.3333333333335,30,etf,113105.8178583781
CCFE,26.275999069213867,776.6666666666666,30,etf,20407.692610422768
CCNR,41.94200134277344,12540.0,30,etf,525952.6968383789
CCOM,23.8700008392334,146.66666666666666,30,etf,3500.9334564208984
CCOR,26.24799919128418,4813.333333333333,30,etf,126340.36944071451
CCPX,23.84000015258789,100.0,30,etf,2384.000015258789
CCRP,19.260000228881836,100.0,30,etf,1926.0000228881836
CCSB,19.75,2123.3333333333335,30,etf,41935.833333333336
CCSO,26.229999542236328,1976.6666666666667,30,etf,51847.96576182048
CCUP,34.099998474121094,448362.0,30,etf,15289143.515853882
CDC,76.83200073242188,10633.333333333334,30,etf,816980.2744547527
CDEI,94.2959976196289,550.0,30,etf,51862.7986907959
CDIG,27.16900062561035,8436.666666666666,30,etf,229215.80194473264
CDL,80.17900085449219,8596.666666666666,30,etf,689272.1440124512
CDNG,7.960000038146973,7436.666666666667,30,etf,59195.86695035299
CDPI,20.309999465942383,523.3333333333334,30,etf,10628.899720509848
CDX,20.559999465942383,124863.33333333333,30,etf,2567190.066649119
CEF,45.27000045776367,621623.3333333334,30,etf,28140888.58455658
CEFA,41.76499938964844,10826.666666666666,30,etf,452175.7267252604
CEFD,19.031999588012695,720.0,30,etf,13703.03970336914
CEFS,25.264999389648438,81453.33333333333,30,etf,2057918.4169514973
CEFZ,8.199999809265137,29846.666666666668,30,etf,244742.6609738668
CEGX,16.25,80046.66666666667,30,etf,1300758.3333333335
CEMB,45.029998779296875,57816.666666666664,30,etf,2603484.429423014
CEPI,31.809999465942383,47146.666666666664,30,etf,1499735.4414876301
CERY,39.040000915527344,131550.0,30,etf,5135712.120437622
CEW,20.06999969482422,4956.666666666667,30,etf,99480.29848734538
CFA,100.677001953125,5963.333333333333,30,etf,600370.5216471354
CFIT,25.864999771118164,9036.666666666666,30,etf,233733.38126500446
CFO,81.59300231933594,4450.0,30,etf,363088.8603210449
CGBL,38.119998931884766,1240063.3333333333,30,etf,47271212.942136124
CGCB,25.729999542236328,1860943.3333333333,30,etf,47882071.11479441
CGCP,21.8799991607666,1427106.6666666667,30,etf,31225092.66899109
CGCV,33.09000015258789,271333.3333333333,30,etf,8978420.04140218
CGDG,38.66999816894531,570113.3333333334,30,etf,22046281.55609131
CGDV,50.08000183105469,3413960.0,30,etf,170971123.05114746
CGGE,35.279998779296875,525273.3333333334,30,etf,18531642.558797203
CGGG,28.93000030517578,31866.666666666668,30,etf,921902.6763916016
CGGO,40.56999969482422,1143216.6666666667,30,etf,46380299.81778463
CGGR,47.18000030517578,2541976.6666666665,30,etf,119930459.90908304
CGHM,25.059999465942383,431086.6666666667,30,etf,10803031.63644155
CGHY,25.094999313354492,47000.0,30,etf,1179464.9677276611
CGIB,25.25,137206.66666666666,30,etf,3464468.333333333
CGIC,37.290000915527344,480296.6666666667,30,etf,17910263.13972473
CGIE,37.83000183105469,374786.6666666667,30,etf,14178180.286254883
CGMM,32.70000076293945,696293.3333333334,30,etf,22768792.531229656
CGMS,27.0,1181223.3333333333,30,etf,31893029.999999996
CGMU,26.780000686645508,1410480.0,30,etf,37772655.368499756
CGNG,37.27000045776367,601606.6666666666,30,etf,22421880.74206034
CGOV,25.0,16673.333333333332,30,etf,416833.3333333333
CGRO,21.820999145507812,733.3333333333334,30,etf,16002.066040039062
CGSD,25.6200008392334,520600.0,30,etf,13337772.436904907
CGSM,26.190000534057617,259530.0,30,etf,6797090.838603973
CGUI,25.299999237060547,155506.66666666666,30,etf,3934318.548024495
CGUS,45.16999816894531,1258556.6666666667,30,etf,56849002.32884725
CGV,16.340999603271484,19516.666666666668,30,etf,318921.8422571818
CGVV,32.11000061035156,39953.333333333336,30,etf,1282901.5577189128
CGW,64.62999725341797,22120.0,30,etf,1429615.5392456055
CGXU,35.2599983215332,967683.3333333334,30,etf,34120512.70910899
CHAT,89.55999755859375,447730.0,30,etf,40098697.70690918
CHAU,21.420000076293945,94613.33333333333,30,etf,2026617.6072184243
CHGX,33.55799865722656,8256.666666666666,30,etf,277077.2089131673
CHIQ,17.100000381469727,21586.666666666668,30,etf,369132.00823465985
CHNL,27.229999542236328,1216.6666666666667,30,etf,33129.832776387535
CHNU,29.5,11693.333333333334,30,etf,344953.3333333334
CHPS,83.81999969482422,32370.0,30,etf,2713253.39012146
CHPX,94.85399627685547,72773.33333333333,30,etf,6902841.489054361
CHPY,67.1500015258789,599003.3333333334,30,etf,40223074.74733989
CHRI,91.49600219726562,883.3333333333334,30,etf,80821.46860758464
CHYG,25.0,34196.666666666664,30,etf,854916.6666666666
CIBR,94.58999633789062,1578400.0,30,etf,149300850.21972656
CIEG,3.5,348633.3333333333,30,etf,1220216.6666666665
CIEI,24.770000457763672,100.0,30,etf,2477.000045776367
CIEX,9.270000457763672,16890.0,30,etf,156570.30773162842
CIFC,8.75,2743.3333333333335,30,etf,24004.166666666668
CIFG,4.789999961853027,902543.3333333334,30,etf,4323182.532237371
CIFU,11.760000228881836,729440.0,30,etf,8578214.566955566
CIR,47.470001220703125,1073.3333333333333,30,etf,50951.13464355469
CIVG,24.829999923706055,106.66666666666667,30,etf,2648.5333251953125
CJUL,25.709999084472656,370.0,30,etf,9512.699661254883
CLCG,29.152000427246094,2583.3333333333335,30,etf,75309.33443705241
CLCV,31.722000122070312,2776.6666666666665,30,etf,88081.42033894856
CLIM,25.950000762939453,210.0,30,etf,5449.500160217285
CLIP,100.12999725341797,339453.3333333333,30,etf,33989461.33433024
CLIX,58.483001708984375,750.0,30,etf,43862.25128173828
CLNK,21.350000381469727,37216.666666666664,30,etf,794575.847530365
CLOA,51.86000061035156,444880.0,30,etf,23071477.071533203
CLOB,50.279998779296875,9900.0,30,etf,497771.98791503906
CLOC,24.940000534057617,3973.3333333333335,30,etf,99094.93545532227
CLOD,34.72999954223633,570.0,30,etf,19796.099739074707
CLOI,52.84000015258789,226466.66666666666,30,etf,11966498.701222736
CLOO,25.18000030517578,470.0,30,etf,11834.600143432617
CLOU,27.790000915527344,504096.6666666667,30,etf,14008846.82818095
CLOX,25.486000061035156,181813.33333333334,30,etf,4633694.624430339
CLOZ,26.075000762939453,428460.0,30,etf,11172094.826889038
CLSE,33.959999084472656,409230.0,30,etf,13897450.425338745
CLSM,27.482999801635742,4740.0,30,etf,130269.41905975342
CLSX,12.489999771118164,411003.3333333333,30,etf,5133431.5392621355
CLUB,26.260000228881836,260.0,30,etf,6827.600059509277
CMBO,103.4800033569336,410.0,30,etf,42426.80137634277
CMBS,48.18000030517578,30600.0,30,etf,1474308.009338379
CMCI,31.365999221801758,163.33333333333334,30,etf,5123.113206227621
CMDT,34.939998626708984,47040.0,30,etf,1643577.5354003906
CMDY,63.959999084472656,88843.33333333333,30,etf,5682419.518661499
CMF,55.70000076293945,639000.0,30,etf,35592300.48751831
CNAV,39.321998596191406,6533.333333333333,30,etf,256903.72416178384
CNBS,29.1200008392334,6193.333333333333,30,etf,180349.87186431885
CNEQ,40.2599983215332,182840.0,30,etf,7361138.093109131
CNQQ,22.73200035095215,9000.0,30,etf,204588.00315856934
CNRG,88.80999755859375,7453.333333333333,30,etf,661930.5151367188
CNXT,47.709999084472656,92793.33333333333,30,etf,4427169.848378499
CNYA,35.47999954223633,28150.0,30,etf,998761.9871139526
COAL,27.81999969482422,28416.666666666668,30,etf,790551.6579945883
COHC,14.260000228881836,5453.333333333333,30,etf,77764.53458150227
COHH,5.630000114440918,1010506.6666666666,30,etf,5689152.648976644
COHX,22.649999618530273,1277136.6666666667,30,etf,28927145.012811027
COIG,5.796999931335449,225313.33333333334,30,etf,1306141.3778622947
COIW,9.265000343322754,192413.33333333334,30,etf,1782709.599393209
COLO,50.0,147210.0,30,etf,7360500.0
COM,35.41999816894531,82926.66666666667,30,etf,2937262.381490072
COMB,27.989999771118164,32683.333333333332,30,etf,914806.4925193787
COMD,30.110000610351562,583.3333333333334,30,etf,17564.167022705078
COMT,35.970001220703125,200613.33333333334,30,etf,7216061.844889323
CONI,28.266000747680664,274873.3333333333,30,etf,7769569.845517476
CONL,5.929999828338623,22709456.666666668,30,etf,134667074.13499674
CONX,7.208000183105469,175320.0,30,etf,1263706.5921020508
CONY,20.68000030517578,419243.3333333333,30,etf,8669952.261276245
COPA,55.95500183105469,2260.0,30,etf,126458.3041381836
COPJ,45.959999084472656,84676.66666666667,30,etf,3891739.5224761963
COPP,43.68000030517578,95873.33333333333,30,etf,4187747.2292582192
COPX,90.66000366210938,3006010.0,30,etf,272524877.6083374
COPY,16.040000915527344,201976.66666666666,30,etf,3239705.918248494
COPZ,17.920000076293945,29200.0,30,etf,523264.0022277832
CORB,28.8799991607666,134953.33333333334,30,etf,3897452.1534093223
CORD,3.0899999141693115,10701126.666666666,30,etf,33066480.481514927
CORN,20.06999969482422,431893.3333333333,30,etf,8668099.068196613
CORO,37.540000915527344,723553.3333333334,30,etf,27162192.795766197
CORP,94.38999938964844,144096.66666666666,30,etf,13601284.278717041
COSW,37.47800064086914,2506.6666666666665,30,etf,93944.85493977864
COTG,11.848999977111816,76586.66666666667,30,etf,907475.4115804037
COWG,39.65599822998047,255306.66666666666,30,etf,10124440.721435547
COWS,39.97999954223633,8403.333333333334,30,etf,335965.26281992596
COWZ,71.30000305175781,1034530.0,30,etf,73761992.15713501
COYY,15.979999542236328,21040.0,30,etf,336219.19036865234
COZX,8.937999725341797,44773.333333333336,30,etf,400184.0410359701
CPAG,101.38700103759766,7606.666666666667,30,etf,771217.1212259929
CPAI,52.191001892089844,77633.33333333333,30,etf,4051761.446889241
CPER,39.95000076293945,479313.3333333333,30,etf,19148568.032353718
CPHY,51.755001068115234,476.6666666666667,30,etf,24669.88384246826
CPII,19.065000534057617,1590.0,30,etf,30313.35084915161
CPLB,20.604999542236328,72356.66666666667,30,etf,1490909.0835444133
CPLS,34.435001373291016,15796.666666666666,30,etf,543958.238360087
CPNJ,27.687000274658203,8943.333333333334,30,etf,247614.0724563599
CPNM,27.030000686645508,496.6666666666667,30,etf,13424.900341033936
CPNQ,27.726999282836914,5886.666666666667,30,etf,163219.60244496664
CPNS,28.40999984741211,8310.0,30,etf,236087.09873199463
CPNX,11.699999809265137,6543.333333333333,30,etf,76556.9987519582
CPRA,27.934999465942383,693.3333333333334,30,etf,19368.26629638672
CPRJ,27.70599937438965,9936.666666666666,30,etf,275305.2804501851
CPRO,28.520000457763672,3073.3333333333335,30,etf,87651.46807352702
CPRY,28.299999237060547,2030.0,30,etf,57448.99845123291
CPSA,28.128000259399414,14486.666666666666,30,etf,407480.9637578328
CPSD,27.075000762939453,2200.0,30,etf,59565.0016784668
CPSF,26.579999923706055,2040.0,30,etf,54223.19984436035
CPSJ,27.969999313354492,4933.333333333333,30,etf,137985.32994588214
CPSM,29.58099937438965,1903.3333333333333,30,etf,56302.502142588295
CPSN,28.1299991607666,3356.6666666666665,30,etf,94423.03051630655
CPSO,28.25,1506.6666666666667,30,etf,42563.333333333336
CPSP,27.219999313354492,1243.3333333333333,30,etf,33843.53247960408
CPSR,26.15999984741211,916.6666666666666,30,etf,23979.999860127766
CPST,28.131000518798828,7656.666666666667,30,etf,215389.6939722697
CPSU,27.913000106811523,1976.6666666666667,30,etf,55174.69687779745
CPSY,26.04599952697754,1203.3333333333333,30,etf,31342.019430796303
CPTL,48.608001708984375,4950.0,30,etf,240609.60845947266
CPXR,32.21099853515625,13590.0,30,etf,437747.47009277344
CQQQ,48.220001220703125,786453.3333333334,30,etf,37922780.693359375
CRAK,63.59000015258789,404853.3333333333,30,etf,25744623.528442383
CRBN,260.30999755859375,6753.333333333333,30,etf,1757960.1835123696
CRCD,1.6799999475479126,2768610.0,30,etf,4651264.654780626
CRCG,19.389999389648438,3852416.6666666665,30,etf,74698356.81533813
CRCO,16.540000915527344,75540.0,30,etf,1249431.6691589355
CRD,10.399999618530273,10516.666666666666,30,etf,109373.32932154337
CRDD,16.350000381469727,4023.3333333333335,30,etf,65781.50153477988
CRDT,22.999000549316406,9510.0,30,etf,218720.49522399902
CRDU,7.239999771118164,2550193.3333333335,30,etf,18463399.149640404
CRDX,10.859999656677246,27330.0,30,etf,296803.79061698914
CRIB,24.889999389648438,526.6666666666666,30,etf,13108.73301188151
CRMG,10.1899995803833,4415313.333333333,30,etf,44992041.01392746
CRMU,2.3299999237060547,267616.6666666667,30,etf,623546.812915802
CRMX,5.429999828338623,225433.33333333334,30,etf,1224102.9613018036
CRPT,15.670000076293945,87190.0,30,etf,1366267.306652069
CRSH,19.906999588012695,16636.666666666668,30,etf,331186.1164792379
CRTC,40.987998962402344,5530.0,30,etf,226663.63426208496
CRUX,29.34000015258789,245180.0,30,etf,7193581.237411499
CRWC,29.110000610351562,5213.333333333333,30,etf,151760.13651529947
CRWG,20.010000228881836,1596686.6666666667,30,etf,31949700.565452576
CRWL,70.26000213623047,151206.66666666666,30,etf,10623780.723012287
CRWU,38.4900016784668,643418.3333333334,30,etf,24765172.72995631
CRWX,21.81999969482422,21440.0,30,etf,467820.79345703125
CRXP,19.479999542236328,410.0,30,etf,7986.7998123168945
CRY,17.469999313354492,9863.333333333334,30,etf,172312.42656071982
CSB,66.56600189208984,10066.666666666666,30,etf,670097.7523803711
CSCL,51.52000045776367,70013.33333333333,30,etf,3607086.9653828936
CSCS,14.020000457763672,19020.0,30,etf,266660.40870666504
CSD,132.66000366210938,11783.333333333334,30,etf,1563177.0431518555
CSEX,11.859999656677246,171540.0,30,etf,2034464.3411064148
CSHI,49.77000045776367,669263.3333333334,30,etf,33309236.406364445
CSHP,99.31700134277344,72893.33333333333,30,etf,7239547.2845458975
CSIO,28.5939998626709,9840.0,30,etf,281364.95864868164
CSM,88.93000030517578,4010.0,30,etf,356609.3012237549
CSMD,34.27000045776367,42300.0,30,etf,1449621.0193634033
CSNR,38.709999084472656,13710.0,30,etf,530714.0874481201
CSPF,25.850000381469727,56883.333333333336,30,etf,1470434.1883659363
CSRE,28.360000610351562,164093.33333333334,30,etf,4653687.033487956
CSSD,25.110000610351562,8983.333333333334,30,etf,225571.50548299155
CSTK,33.7599983215332,5660.0,30,etf,191081.59049987793
CTA,28.440000534057617,501526.6666666667,30,etf,14263418.667844137
CTAU,25.34000015258789,1900.0,24,etf,48146.00028991699
CTEC,58.28099822998047,2300.0,30,etf,134046.29592895508
CTEF,89.38600158691406,5623.333333333333,30,etf,502647.2822570801
CTEX,32.388999938964844,840.0,30,etf,27206.75994873047
CTIF,53.7599983215332,3990.0,30,etf,214502.39330291748
CTJL,25.610000610351562,393.3333333333333,30,etf,10073.266906738281
CURE,136.47999572753906,69080.0,30,etf,9428038.104858398
CUST,24.959999084472656,273.3333333333333,30,etf,6822.3997497558585
CUT,29.690000534057617,2173.3333333333335,30,etf,64526.26782735189
CVAR,31.59600067138672,2443.3333333333335,30,etf,77199.56164042155
CVGD,27.030000686645508,5156.666666666667,30,etf,139384.703540802
CVIE,86.38200378417969,22146.666666666668,30,etf,1913073.4438069663
CVLC,96.21099853515625,28943.333333333332,30,etf,2784667.000935872
CVMC,76.76000213623047,6376.666666666667,30,etf,489472.946955363
CVNY,20.850000381469727,23136.666666666668,30,etf,482399.5088259379
CVRD,18.84000015258789,2636.6666666666665,30,etf,49674.8004023234
CVRT,47.26499938964844,14176.666666666666,30,etf,670060.1413472493
CVSB,50.64500045776367,46900.0,30,etf,2375250.521469116
CVSM,26.43000030517578,4340.0,30,etf,114706.20132446289
CVY,30.709999084472656,3856.6666666666665,30,etf,118438.22980244954
CWB,102.94999694824219,564023.3333333334,30,etf,58066200.44540406
CWEB,20.90999984741211,496863.3333333333,30,etf,10389412.224184671
CWI,41.900001525878906,200743.33333333334,30,etf,8411145.972976685
CWS,71.46399688720703,4000.0,30,etf,285855.9875488281
CWVX,16.65999984741211,1119046.6666666667,30,etf,18643317.295913696
CWY,16.079999923706055,2693.3333333333335,30,etf,43308.79979451498
CXRN,22.0,9740.0,30,etf,214280.0
CXSE,37.380001068115234,26323.333333333332,30,etf,983966.2281163533
CZA,125.12000274658203,3053.3333333333335,30,etf,382033.07505289715
DABS,50.18000030517578,15336.666666666666,30,etf,769593.9380137125
DADS,20.229999542236328,2830.0,30,etf,57250.89870452881
DAK,29.89900016784668,1086.6666666666667,30,etf,32490.246849060062
DALI,29.780000686645508,3190.0,30,etf,94998.20219039917
DAMD,1.5800000429153442,40548100.0,30,etf,64065999.74013567
DANA,25.010000228881836,6436.666666666667,30,etf,160981.03480656943
DAPP,20.469999313354492,662900.0,30,etf,13569562.544822693
DAPR,41.7400016784668,9660.0,30,etf,403208.41621398926
DARP,57.90999984741211,11566.666666666666,30,etf,669825.6649017334
DAT,50.23400115966797,2543.3333333333335,30,etf,127761.80961608888
DAUG,47.66999816894531,52440.0,30,etf,2499814.703979492
DAX,46.86899948120117,28116.666666666668,30,etf,1317800.0354131064
DBA,28.850000381469727,1271680.0,30,etf,36687968.48510742
DBAW,48.81999969482422,30136.666666666668,30,etf,1471272.057469686
DBB,25.75,170356.66666666666,30,etf,4386684.166666666
DBC,31.899999618530273,884713.3333333334,30,etf,28222354.99584198
DBE,34.59000015258789,43086.666666666664,30,etf,1490367.8065745034
DBEF,55.970001220703125,376056.6666666667,30,etf,21047892.092386883
GENW,15.475000381469727,640.0,30,etf,9904.000244140625
GENZ,39.4900016784668,1433.3333333333333,30,etf,56602.33573913574
GEQ,52.18000030517578,1133.3333333333333,30,etf,59137.33367919921
GEVC,18.139999389648438,300.0,30,etf,5441.999816894531
GEVG,21.93600082397461,31006.666666666668,30,etf,680162.265548706
GEVX,17.329999923706055,138826.66666666666,30,etf,2405866.122741699
GEW,56.95500183105469,203.33333333333334,30,etf,11580.850372314453
GFEB,44.97999954223633,9926.666666666666,30,etf,446501.46212259925
GFGF,36.7130012512207,5153.333333333333,30,etf,189194.33311462402
GFLW,34.07099914550781,191143.33333333334,30,etf,6512444.346669516
GFSG,3.369999885559082,75726.66666666667,30,etf,255198.85800043744
GGLL,97.91000366210938,1244323.3333333333,30,etf,121831702.1235148
GGLS,59.542999267578125,95430.0,30,etf,5682188.4201049805
GGM,31.621999740600586,1526.6666666666667,30,etf,48276.252937316895
GGME,64.20999908447266,2273.3333333333335,30,etf,145970.73125203451
GGOV,50.22999954223633,528100.0,30,etf,26526462.758255005
GGRW,37.41899871826172,363.3333333333333,30,etf,13595.569534301758
GGTL,39.04499816894531,3373.3333333333335,30,etf,131711.7938232422
GGUS,67.16000366210938,32140.0,30,etf,2158522.5177001953
GHTA,31.37299919128418,3100.0,30,etf,97256.29749298096
GHYB,44.38999938964844,11980.0,30,etf,531792.1926879883
GHYG,45.029998779296875,15806.666666666666,30,etf,711774.1807047526
GIAX,16.209999084472656,72853.33333333333,30,etf,1180952.4666341145
GIEQ,43.15999984741211,28296.666666666668,30,etf,1221284.1290156047
GIGB,44.66999816894531,76776.66666666667,30,etf,3429613.5594177246
GIGL,49.33000183105469,87560.0,30,etf,4319334.960327148
GII,74.02999877929688,34503.333333333336,30,etf,2554281.72454834
GINC,49.66999816894531,6735.0,20,etf,334527.4376678467
GIND,25.225000381469727,6696.666666666667,30,etf,168923.41922124228
GINN,82.45999908447266,12660.0,30,etf,1043943.5884094238
GINX,37.1619987487793,9806.666666666666,30,etf,364435.3343963623
GJAN,46.040000915527344,8670.0,30,etf,399166.80793762207
GJUL,44.58000183105469,24320.0,30,etf,1084185.64453125
GJUN,42.04499816894531,26083.333333333332,30,etf,1096673.7022399902
GK,29.01300048828125,1130.0,30,etf,32784.69055175781
GKAT,45.9119987487793,1253.3333333333333,30,etf,57543.03843180338
GLBL,28.466999053955078,120.0,30,etf,3416.0398864746094
GLCR,25.166000366210938,473.3333333333333,30,etf,11911.90684000651
GLD,406.7699890136719,10846536.666666666,30,etf,4412045600.736389
GLDI,150.1300048828125,87713.33333333333,30,etf,13168403.161621094
GLDM,87.7300033569336,5115566.666666667,30,etf,448788680.8392843
GLDN,17.350000381469727,8483.333333333334,30,etf,147185.8365694682
GLDW,43.54999923706055,10356.666666666666,30,etf,451032.82543182373
GLGG,5.78000020980835,124970.0,30,etf,722326.6262197495
GLIN,46.029998779296875,6516.666666666667,30,etf,299962.15871175134
GLIX,26.663000106811523,5833.333333333333,30,etf,155534.1672897339
GLL,21.8700008392334,2882200.0,30,etf,63033716.4188385
GLNK,10.399999618530273,345173.3333333333,30,etf,3589802.5349934893
GLOF,61.69599914550781,28696.666666666668,30,etf,1770469.5221455893
GLOW,35.3489990234375,9486.666666666666,30,etf,335344.17073567706
GLRY,39.327999114990234,15523.333333333334,30,etf,610501.6395950317
GLTR,201.50999450683594,66990.0,30,etf,13499154.53201294
GLWG,13.989999771118164,1505546.6666666667,30,etf,21062597.522074383
GLX,17.260000228881836,550.0,30,etf,9493.00012588501
GLXU,6.78000020980835,205643.33333333334,30,etf,1394261.8431456885
GMAR,45.150001525878906,7613.333333333333,30,etf,343742.0116170247
GMAY,44.0,38440.0,30,etf,1691360.0
GMEC,18.010000228881836,233.33333333333334,30,etf,4202.333386739096
GMEU,5.710000038146973,483316.6666666667,30,etf,2759738.1851037345
GMEY,23.233999252319336,1323.3333333333333,30,etf,30746.32567723592
GMF,159.27000427246094,7533.333333333333,30,etf,1199834.0321858723
GMMA,22.003999710083008,236.66666666666666,30,etf,5207.613264719645
GMMF,100.30999755859375,18930.0,30,etf,1898868.2537841797
GMNY,49.060001373291016,4266.666666666667,30,etf,209322.6725260417
GMOC,50.119998931884766,1393.3333333333333,30,etf,69833.8651784261
GMOD,28.18000030517578,8543.333333333334,30,etf,240751.1359405518
GMOI,41.810001373291016,156800.0,30,etf,6555808.215332031
GMOM,38.77199935913086,4330.0,30,etf,167882.75722503662
GMOV,33.040000915527344,9416.666666666666,30,etf,311126.67528788245
GMUB,50.2599983215332,134310.0,30,etf,6750420.3745651245
GNMA,43.38999938964844,61490.0,30,etf,2668051.0624694824
GNOM,64.26000213623047,25880.0,30,etf,1663048.8552856445
GNOV,42.7599983215332,8773.333333333334,30,etf,375147.71860758465
GNR,78.80000305175781,241210.0,30,etf,19007348.736114502
GOAU,49.61199951171875,28640.0,30,etf,1420887.666015625
GOCT,42.529998779296875,12376.666666666666,30,etf,526379.6182250977
GOEX,94.05000305175781,12243.333333333334,30,etf,1151485.5373636882
GOLI,12.96399974822998,16430.0,30,etf,212998.51586341858
GOLS,26.655000686645508,4896.666666666667,30,etf,130520.65336227418
GOLY,26.850000381469727,22800.0,30,etf,612180.0086975098
GOOP,35.540000915527344,11876.666666666666,30,etf,422096.7442067464
GOOW,59.599998474121094,26476.666666666668,30,etf,1578009.2929331462
GOOX,69.23999786376953,93123.33333333333,30,etf,6447859.401067098
GOOY,11.989999771118164,280486.6666666667,30,etf,3363035.0691350303
GOP,44.65599822998047,9670.0,30,etf,431823.50288391113
GOU,24.597999572753906,104253.33333333333,30,etf,2564423.448791504
GOVI,26.3700008392334,134473.33333333334,30,etf,3546061.9128545127
GOVT,22.360000610351562,12561253.333333334,30,etf,280869632.20011395
GOVZ,33.7400016784668,438653.3333333333,30,etf,14800164.20293172
GPIQ,56.619998931884766,1493633.3333333333,30,etf,84569517.73796082
GPIX,56.040000915527344,1134346.6666666667,30,etf,63568788.2385254
GPRF,49.20500183105469,13283.333333333334,30,etf,653606.4409891765
GPT,34.27199935913086,976.6666666666666,30,etf,33472.31937408447
GPTY,42.77000045776367,47223.333333333336,30,etf,2019741.9882837932
GPZ,24.43000030517578,195583.33333333334,30,etf,4778100.89302063
GQGU,26.270000457763672,173010.0,30,etf,4544972.779197693
GQI,60.439998626708984,19946.666666666668,30,etf,1205576.5059407554
GQQQ,35.82099914550781,17463.333333333332,30,etf,625554.0484110514
GQRE,63.25,10403.333333333334,30,etf,658010.8333333334
GRAG,5.414999961853027,13653.333333333334,30,etf,73932.79947916667
GREK,86.97000122070312,56890.0,30,etf,4947723.369445801
GRID,178.99000549316406,655280.0,30,etf,117288570.79956055
GRIN,33.72100067138672,66796.66666666667,30,etf,2252450.4415130615
GRN,33.51499938964844,386.6666666666667,30,etf,12959.13309733073
GRNB,23.690000534057617,23803.333333333332,30,etf,563900.9793790181
GRNI,21.191999435424805,26570.0,30,etf,563071.4249992371
GRNJ,29.309999465942383,156583.33333333334,30,etf,4589457.416375479
GRNY,28.1200008392334,1228726.6666666667,30,etf,34551794.897855125
GROZ,33.15599822998047,22940.0,30,etf,760598.599395752
GRPM,144.8800048828125,6586.666666666667,30,etf,954276.298828125
GRPZ,32.939998626708984,473.3333333333333,30,etf,15591.599349975586
GRW,31.139999389648438,5373.333333333333,30,etf,167325.5967203776
GSC,64.7509994506836,21070.0,30,etf,1364303.5584259033
GSEE,70.5260009765625,5730.0,30,etf,404113.9855957031
GSEP,41.95500183105469,17613.333333333332,30,etf,738967.4322509766
GSEU,50.24599838256836,42536.666666666664,30,etf,2137297.2845331826
GSEW,97.36000061035156,89586.66666666667,30,etf,8722157.92134603
GSG,34.83000183105469,821490.0,30,etf,28612498.204193115
GSGO,44.2859992980957,11446.666666666666,30,etf,506927.07196553546
GSIB,66.63200378417969,15396.666666666666,30,etf,1025910.7515970865
GSID,78.44999694824219,66893.33333333333,30,etf,5247781.795857747
GSIE,48.310001373291016,389370.0,30,etf,18810465.234718323
GSJY,56.19499969482422,13956.666666666666,30,etf,784294.8790740967
GSKH,69.51100158691406,366.6666666666667,30,etf,25487.367248535156
GSLC,147.05999755859375,234413.33333333334,30,etf,34472824.22770183
GSOL,7.679999828338623,2785743.3333333335,30,etf,21394508.321795464
GSPY,42.750999450683594,4856.666666666667,30,etf,207627.35399882
GSSC,90.37999725341797,42293.333333333336,30,etf,3822471.3505045576
GSST,50.40999984741211,222156.66666666666,30,etf,11198917.53276825
GSUI,11.0,40503.333333333336,30,etf,445536.6666666667
GSUS,106.5,89953.33333333333,30,etf,9580030.0
GSWO,65.88899993896484,82593.33333333333,30,etf,5441992.134958902
GSY,50.13999938964844,787530.0,30,etf,39486753.719329834
GTEK,56.77399826049805,15290.0,30,etf,868074.4334030151
GTIP,47.61000061035156,41513.333333333336,30,etf,1976449.825337728
GTND,25.610000610351562,1366.6666666666667,30,etf,35000.33416748047
GTO,46.0,221346.66666666666,30,etf,10181946.666666666
GTOC,24.625999450683594,39200.0,30,etf,965339.1784667969
GTOH,25.295000076293945,1443.3333333333333,30,etf,36509.116776784256
GTOP,48.840999603271484,13290.0,30,etf,649096.884727478
GTOQ,22.264999389648438,10356.666666666666,30,etf,230591.17701212564
GTOS,24.860000610351562,1416.6666666666667,30,etf,35218.33419799805
GTPE,61.08700180053711,860.0,30,etf,52534.821548461914
GTR,27.8700008392334,4683.333333333333,30,etf,130524.50393040974
GUMI,50.275001525878906,23160.0,30,etf,1164369.0353393555
GUNR,56.779998779296875,723266.6666666666,30,etf,41067080.45043945
GURU,70.33000183105469,1653.3333333333333,30,etf,116278.93636067708
GUSA,66.64800262451172,140.0,30,etf,9330.72036743164
GUSE,45.85200119018555,4906.666666666667,30,etf,224980.48583984375
GUSH,45.900001525878906,696976.6666666666,30,etf,31991230.06350199
GVAL,39.349998474121094,171180.0,30,etf,6735932.738800049
GVI,104.7300033569336,110096.66666666667,30,etf,11530424.2695872
GVIP,173.63499450683594,10910.0,30,etf,1894357.79006958
GVLE,48.73699951171875,5996.666666666667,30,etf,292259.54040527344
GVLU,29.09000015258789,3793.3333333333335,30,etf,110348.0672454834
GVUS,66.09700012207031,39550.0,30,etf,2614136.354827881
GWX,46.939998626708984,41433.333333333336,30,etf,1944880.6097666423
GXC,91.0,14423.333333333334,30,etf,1312523.3333333335
GXDW,24.240999221801758,2180.0,30,etf,52845.37830352783
GXIG,24.219999313354492,2883.3333333333335,30,etf,69834.33135350546
GXLC,92.7020034790039,203.33333333333334,30,etf,18849.40737406413
GXPC,29.780000686645508,86353.33333333333,30,etf,2571602.325960795
GXPD,25.93000030517578,24966.666666666668,30,etf,647385.6742858887
GXPE,37.33100128173828,750.0,30,etf,27998.25096130371
GXPS,26.389999389648438,20836.666666666668,30,etf,549879.6206156414
GXPT,33.91999816894531,239230.0,30,etf,8114681.161956787
GXRP,27.149999618530273,48266.666666666664,30,etf,1310439.9815877278
GXUS,65.37100219726562,1766.6666666666667,30,etf,115488.77054850261
GYLD,14.270000457763672,11596.666666666666,30,etf,165484.43864186603
HACK,110.75,268710.0,30,etf,29759632.5
HAIL,36.224998474121094,1163.3333333333333,30,etf,42141.7482248942
HAKY,29.5939998626709,9486.666666666666,30,etf,280748.4120305379
HALX,25.829999923706055,826.6666666666666,30,etf,21352.799936930336
HAP,77.88999938964844,28963.333333333332,30,etf,2255954.0156555176
HAPI,46.3650016784668,1950.0,30,etf,90411.75327301025
HAPS,38.29399871826172,133.33333333333334,30,etf,5105.8664957682295
HARD,33.61000061035156,41356.666666666664,30,etf,1389997.5919087727
HAUG,25.309999465942383,17820.833333333332,24,etf,451045.2821493148
HAUS,18.094999313354492,1496.6666666666667,30,etf,27082.182305653892
HAUZ,22.729999542236328,89530.0,30,etf,2035016.8590164185
HAWX,46.290000915527344,15720.0,30,etf,727678.8143920898
HBDC,24.680999755859375,1340.0,30,etf,33072.53967285156
HBIL,20.040000915527344,12970.588235294117,17,etf,259930.6001102223
HBMX,23.559999465942383,35166.666666666664,30,etf,828526.6478856404
HBR,10.539999961853027,46213.333333333336,30,etf,487088.53157043457
HBRD,24.31999969482422,380.0,30,etf,9241.599884033203
HBTA,32.23400115966797,125056.66666666667,30,etf,4031076.738357544
HCMT,41.540000915527344,40026.666666666664,30,etf,1662707.769978841
HCOW,25.743000030517578,9070.0,30,etf,233489.01027679443
HCRB,34.38999938964844,33626.666666666664,30,etf,1156421.0461425781
HDEF,34.31999969482422,102653.33333333333,30,etf,3523062.3686726885
HDG,55.0,950.0,30,etf,52250.0
HDGE,14.0600004196167,72990.0,30,etf,1026239.4306278229
HDLB,17.542999267578125,1800.0,30,etf,31577.398681640625
HDMV,38.85900115966797,1126.6666666666667,30,etf,43781.14130655925
HDUS,74.19999694824219,60770.0,30,etf,4509133.814544678
HDV,29.399999618530273,4799690.0,30,etf,141110884.16906357
HEAL,29.614999771118164,9340.0,30,etf,276604.09786224365
HECA,27.940000534057617,48143.333333333336,30,etf,1345124.7590446472
HECO,65.23200225830078,320.0,30,etf,20874.24072265625
HEDG,30.799999237060547,43146.666666666664,30,etf,1328917.300415039
HEDJ,57.22999954223633,55493.333333333336,30,etf,3175883.441263835
HEEM,42.81999969482422,108900.0,30,etf,4663097.966766357
HEFA,47.349998474121094,671666.6666666666,30,etf,31803415.641784668
HEFT,26.6299991607666,21346.666666666668,30,etf,568461.7154184978
HEGD,27.059999465942383,75660.0,30,etf,2047359.5595932007
HELO,69.72000122070312,280140.0,30,etf,19531361.141967773
HELS,23.909000396728516,10570.0,30,etf,252718.1341934204
HELX,41.88800048828125,2470.0,30,etf,103463.36120605469
HEMI,41.65800094604492,1340.0,30,etf,55821.721267700195
HEQQ,61.33599853515625,606.6666666666666,30,etf,37210.50577799479
HEQT,34.5099983215332,39406.666666666664,30,etf,1359924.000523885
HERD,51.875,3843.3333333333335,30,etf,199372.9166666667
HERO,27.110000610351562,26726.666666666668,30,etf,724559.9496459961
HEWJ,65.19999694824219,99966.66666666667,30,etf,6517826.361592611
HEZU,49.41999816894531,47690.0,30,etf,2356839.712677002
HF,22.65999984741211,460.0,30,etf,10423.59992980957
HFEQ,24.239999771118164,8266.666666666666,30,etf,200383.99810791013
HFGM,31.76799964904785,46390.0,30,etf,1473717.5037193298
HFGO,29.72100067138672,35750.0,30,etf,1062525.7740020752
HFMF,21.62299919128418,14060.0,30,etf,304019.36862945557
HFND,24.47800064086914,6633.333333333333,30,etf,162370.73758443195
HFSI,34.724998474121094,218966.66666666666,30,etf,7603617.165883382
HFSP,13.0600004196167,100.0,30,etf,1306.00004196167
HFXI,38.380001068115234,373206.6666666667,30,etf,14323672.265294394
HGER,35.40999984741211,1185050.0,30,etf,41962620.31917572
HGRO,30.2549991607666,35286.666666666664,30,etf,1067598.0703862507
HIBL,106.84300231933594,47240.0,30,etf,5047263.42956543
HIBS,18.56999969482422,193346.66666666666,30,etf,3590447.54099528
HIDE,24.73200035095215,48870.0,30,etf,1208652.8571510315
HIDV,93.1780014038086,7753.333333333333,30,etf,722440.1042175293
HIGH,21.559999465942383,14313.333333333334,30,etf,308595.459022522
HIMC,13.539999961853027,623.3333333333334,30,etf,8439.933309555054
HIMU,47.470001220703125,391740.0,30,etf,18595898.278198242
HIMZ,24.665000915527344,399673.3333333333,30,etf,9857943.132578531
HIPS,11.760000228881836,72140.0,30,etf,848366.4165115356
HIS,26.190000534057617,19720.0,30,etf,516466.8105316162
HISF,43.7400016784668,5316.666666666667,30,etf,232551.00892384848
HIYY,11.364999771118164,61440.0,30,etf,698265.5859375
HJLY,25.43000030517578,316.6666666666667,30,etf,8052.833429972331
HLAL,73.25700378417969,60616.666666666664,30,etf,4440595.379384358
HMOP,38.25,89053.33333333333,30,etf,3406290.0
HMYY,5.355000019073486,4776.666666666667,30,etf,25579.05009110769
HNDL,22.527000427246094,83436.66666666667,30,etf,1879577.82564799
HODL,22.579999923706055,1412346.6666666667,30,etf,31890787.625579834
HODU,16.09000015258789,148750.0,30,etf,2393387.5226974487
HOLA,56.99599838256836,13120.0,30,etf,747787.4987792969
HOLD,32.415000915527344,406.6666666666667,30,etf,13182.100372314453
HOMZ,44.775001525878906,2356.6666666666665,30,etf,105519.75359598795
HONG,12.40999984741211,4370.0,30,etf,54231.69933319092
HOOC,25.030000686645508,416.6666666666667,30,etf,10429.166952768963
HOOG,39.06999969482422,421896.6666666667,30,etf,16483502.637914022
HOOW,31.31999969482422,197376.66666666666,30,etf,6181837.139765421
HOOX,44.058998107910156,41696.666666666664,30,etf,1837113.3577728271
HOOY,30.049999237060547,95506.66666666667,30,etf,2869975.2604675293
HOYY,5.150000095367432,21673.333333333332,30,etf,111617.6687335968
HPEL,15.720000267028809,241240.0,30,etf,3792292.86441803
HQGO,67.16600036621094,166.66666666666666,30,etf,11194.333394368488
HRSK,25.440000534057617,3500.0,30,etf,89040.00186920166
HRTS,37.569000244140625,5576.666666666667,30,etf,209509.7913614909
HSBH,117.18499755859375,9956.666666666666,30,etf,1166771.959025065
HSCZ,44.11000061035156,24893.333333333332,30,etf,1098044.948527018
HSMV,38.470001220703125,42000.0,30,etf,1615740.0512695312
HTAB,18.6299991607666,130233.33333333333,30,etf,2426246.890703837
HTAX,23.975000381469727,11156.666666666666,30,etf,267481.0875892639
HTEC,42.349998474121094,24423.333333333332,30,etf,1034328.1293996174
HTRB,33.11000061035156,260230.0,30,etf,8616215.458831787
HTUS,45.84400177001953,12650.0,30,etf,579926.6223907471
HUMN,30.5,102273.33333333333,30,etf,3119336.6666666665
HUSV,40.64799880981445,37520.0,30,etf,1525112.9153442383
HUTG,15.489999771118164,204816.66666666666,30,etf,3172610.119787852
HVAC,34.04999923706055,8436.666666666666,30,etf,287268.4935633341
HWSM,31.91200065612793,186.66666666666666,30,etf,5956.90678914388
HYBB,46.29499816894531,131306.66666666666,30,etf,6078841.8929036455
HYBI,48.96500015258789,26273.333333333332,30,etf,1286473.7706756592
HYBL,28.0049991607666,116570.0,30,etf,3264542.7521705627
HYBX,29.405000686645508,4176.666666666667,30,etf,122814.88620122275
HYD,49.470001220703125,953686.6666666666,30,etf,47178880.56416829
HYDB,46.25,157500.0,30,etf,7284375.0
HYDR,44.150001525878906,41106.666666666664,30,etf,1814859.396057129
HYDW,46.54999923706055,5293.333333333333,30,etf,246404.66262817383
HYEM,19.969999313354492,123730.0,30,etf,2470888.0150413513
HYFI,36.875,34240.0,30,etf,1262600.0
HYG,79.16000366210938,31394803.333333332,30,etf,2485212746.83787
HYGH,86.43000030517578,58093.333333333336,30,etf,5021006.817728679
HYGM,24.420000076293945,1230.0,30,etf,30036.600093841553
HYGV,39.93000030517578,90213.33333333333,30,etf,3602218.4275309243
HYGW,28.780000686645508,19480.0,30,etf,560634.4133758545
HYHG,64.6500015258789,66160.0,30,etf,4277244.100952148
HYLB,36.150001525878906,768040.0,30,etf,27764647.171936035
HYLS,40.47999954223633,142486.66666666666,30,etf,5767860.201441446
HYMB,24.450000762939453,1761773.3333333333,30,etf,43075359.34412638
HYNX,26.899999618530273,1019480.0,30,etf,27424011.611099243
HYP,26.39900016784668,55516.666666666664,30,etf,1465584.4926516213
HYPG,30.049999237060547,113706.66666666667,30,etf,3416885.2465820312
HYS,92.38999938964844,90533.33333333333,30,etf,8364374.611409505
HYSA,14.779999732971191,35520.0,30,etf,524985.5905151367
HYSD,19.90999984741211,5870.0,30,etf,116871.69910430908
HYTI,18.899999618530273,26120.0,30,etf,493667.99003601074
HYTR,21.253000259399414,56660.0,30,etf,1204194.9946975708
HYUP,41.15999984741211,4433.333333333333,30,etf,182475.999323527
HYXF,46.24100112915039,16310.0,30,etf,754190.7284164429
HYZD,22.600000381469727,96563.33333333333,30,etf,2182331.3701693215
IAGG,49.7400016784668,1092886.6666666667,30,etf,54360184.634373985
IAI,196.4600067138672,72550.0,30,etf,14253173.487091064
IAK,145.55999755859375,129216.66666666667,30,etf,18808777.684529625
IALT,29.1200008392334,1157863.3333333333,30,etf,33716981.23838425
IAPR,34.25899887084961,5800.0,30,etf,198702.19345092773
IAT,63.029998779296875,131080.0,30,etf,8261972.239990234
IAU,83.38999938964844,5553070.0,30,etf,463070503.91067505
MYMK,24.665000915527344,546.6666666666666,30,etf,13483.533833821613
MYY,15.319999694824219,5616.666666666667,30,etf,86047.3316192627
MZZ,5.989999771118164,15390.0,30,etf,92186.09647750854
NACP,60.5,2993.3333333333335,30,etf,181096.6666666667
NAIL,35.29999923706055,1194930.0,30,etf,42181028.08834076
NANC,51.895999908447266,16123.333333333334,30,etf,836736.5051905315
NANR,90.37000274658203,35580.0,30,etf,3215364.6977233887
NAPR,60.387001037597656,4276.666666666667,30,etf,258255.07443745932
NASA,23.520000457763672,1308766.6666666667,30,etf,30782192.599105835
NATO,39.237998962402344,26136.666666666668,30,etf,1025550.4995473226
NAUG,32.91999816894531,48290.0,30,etf,1589706.7115783691
NBCE,39.15999984741211,886.6666666666666,30,etf,34721.86653137207
NBCM,31.040000915527344,53180.0,30,etf,1650707.2486877441
NBCR,34.58000183105469,30710.0,30,etf,1061951.8562316895
NBDS,40.900001525878906,35883.333333333336,30,etf,1467628.3880869548
NBET,42.332000732421875,3813.3333333333335,30,etf,161426.02945963544
NBFC,50.505001068115234,1230.0,30,etf,62121.15131378174
NBFR,26.670000076293945,6050.0,30,etf,161353.50046157837
NBGX,29.950000762939453,416.6666666666667,30,etf,12479.166984558105
NBIC,19.809999465942383,6356.666666666667,30,etf,125925.56327184042
NBIE,27.65999984741211,24640.0,30,etf,681542.3962402344
NBIG,17.3700008392334,2865243.3333333335,30,etf,49769279.1046079
NBIL,25.190000534057617,4683150.0,30,etf,117968551.00107193
NBIZ,6.050000190734863,12527910.0,30,etf,75793857.8895092
NBJP,36.375999450683594,12456.666666666666,30,etf,453123.69982401526
NBOS,28.600000381469727,100950.0,30,etf,2887170.038509369
NBSD,50.470001220703125,259280.0,30,etf,13085861.916503906
NBSM,28.95400047302246,14273.333333333334,30,etf,413270.1000849406
NBTR,48.974998474121094,1420.0,30,etf,69544.49783325195
NCIQ,20.06999969482422,56340.0,30,etf,1130743.7828063965
NCLO,25.110000610351562,22743.333333333332,30,etf,571085.113881429
NCPB,24.454999923706055,7736.666666666667,30,etf,189200.1827430725
NDAA,24.437000274658203,24023.333333333332,30,etf,587058.2032648722
NDEC,30.586000442504883,4436.666666666667,30,etf,135699.88862991333
NDIA,27.56999969482422,3143.3333333333335,30,etf,86661.6990407308
NDIV,35.459999084472656,11863.333333333334,30,etf,420673.78913879395
NDOW,29.18000030517578,15873.333333333334,30,etf,463183.8715108236
NEAR,50.33000183105469,642136.6666666666,30,etf,32318739.609120686
NEBX,25.81999969482422,3341156.6666666665,30,etf,86268664.11369324
NEHI,31.889999389648438,68946.66666666667,30,etf,2198709.1579182944
NEMG,24.16699981689453,8066.666666666667,30,etf,194947.13185628256
NERD,22.614999771118164,1546.6666666666667,30,etf,34977.866312662765
NETG,15.925000190734863,80820.0,30,etf,1287058.5154151917
NETL,26.200000762939453,10770.0,30,etf,282174.0082168579
NEWZ,30.54599952697754,660.0,30,etf,20160.359687805176
NFEB,30.87299919128418,2820.0,30,etf,87061.85771942139
NFLP,18.902999877929688,3086.6666666666665,30,etf,58347.25962320963
NFLT,22.780000686645508,111336.66666666667,30,etf,2536249.343115489
NFLU,18.860000610351562,206220.0,30,etf,3889309.325866699
NFLW,16.829999923706055,9916.666666666666,30,etf,166897.49924341837
NFLY,7.639999866485596,50723.333333333336,30,etf,387526.25989437103
NFRA,65.7300033569336,71906.66666666667,30,etf,4726425.441385905
NFRX,26.110000610351562,12713.333333333334,30,etf,331945.1410929362
NFTY,54.220001220703125,25436.666666666668,30,etf,1379176.0977172852
NFX,25.479999542236328,490.0,30,etf,12485.1997756958
NFXL,17.90999984741211,1012600.0,30,etf,18135665.845489502
NFXS,19.429000854492188,14113.333333333334,30,etf,274207.9653930664
NGHT,22.459999084472656,15356.666666666666,30,etf,344910.7192738851
NHYB,24.559999465942383,136166.66666666666,30,etf,3344253.2606124873
NHYM,24.25,14973.333333333334,30,etf,363103.3333333334
NIHI,53.1150016784668,45596.666666666664,30,etf,2421867.0265324907
NIKL,14.6899995803833,49616.666666666664,30,etf,728868.8125133514
NIOG,6.867000102996826,49223.333333333336,30,etf,338016.6350698471
NISM,25.479999542236328,120.0,30,etf,3057.5999450683594
NITE,40.37699890136719,3730.0,30,etf,150606.2059020996
NIXT,34.65700149536133,2210.0,30,etf,76591.97330474854
NJAN,60.03900146484375,5780.0,30,etf,347025.4284667969
NJNK,19.8799991607666,2180.0,30,etf,43338.39817047119
NJUL,77.30000305175781,17196.666666666668,30,etf,1329302.3858133953
NJUN,32.81999969482422,19126.666666666668,30,etf,627737.1941630046
NLR,119.94999694824219,349486.6666666667,30,etf,41920924.600118004
NLSI,58.380001068115234,2156.6666666666665,30,etf,125906.20230356851
NMAR,32.77000045776367,5610.0,30,etf,183839.7025680542
NMAY,29.885000228881836,15153.333333333334,30,etf,452857.37013498944
NMB,24.014999389648438,5230.0,30,etf,125598.44680786133
NMBL,21.37700080871582,2956.6666666666665,30,etf,63204.66572443644
NNOV,31.979999542236328,12626.666666666666,30,etf,403800.7942199707
NOBL,57.70000076293945,1047620.0,30,etf,60447674.79927063
NOCT,63.96500015258789,7456.666666666667,30,etf,476965.6844711304
NODE,40.930999755859375,12730.0,30,etf,521051.62689208984
NOEQ,29.719999313354492,100.0,30,etf,2971.999931335449
NORW,37.439998626708984,30600.0,30,etf,1145663.957977295
NOVM,34.189998626708984,650.0,30,etf,22223.49910736084
NOVP,33.50299835205078,3910.0,30,etf,130996.72355651855
NOVZ,47.917999267578125,3290.0,30,etf,157650.21759033203
NOWL,8.020000457763672,12318533.333333334,30,etf,98794642.9723104
NPFE,28.489999771118164,14353.333333333334,30,etf,408926.4633814494
NPFI,25.78499984741211,14456.666666666666,30,etf,372765.1477940877
NQLT,25.549999237060547,2270.0,30,etf,57998.49826812744
NRES,36.04100036621094,1160.0,30,etf,41807.56042480469
NRGD,14.065999984741211,37966.666666666664,30,etf,534039.1327540079
NRGU,56.02799987792969,61810.0,30,etf,3463090.672454834
NRSH,30.44700050354004,1300.0,30,etf,39581.10065460205
NSCI,25.100000381469727,74233.33333333333,30,etf,1863256.6949844358
NSEP,31.889999389648438,41410.0,30,etf,1320564.8747253418
NSI,38.78300094604492,683.3333333333334,30,etf,26501.7173131307
NSIG,25.1299991607666,2143.3333333333335,30,etf,53861.96486790975
NSIV,26.309999465942383,1693.3333333333333,30,etf,44551.59909566243
NTAL,30.59000015258789,4510.0,30,etf,137960.9006881714
NTRL,21.711000442504883,4403.333333333333,30,etf,95600.77194849649
NTSE,47.957000732421875,2570.0,30,etf,123249.49188232422
NTSI,48.45899963378906,14286.666666666666,30,etf,692317.5747680664
NTSX,60.20000076293945,36933.333333333336,30,etf,2223386.694844564
NUAG,20.545000076293945,22293.333333333332,30,etf,458016.5350341797
NUBD,21.700000762939453,87333.33333333333,30,etf,1895133.399963379
NUDM,41.34000015258789,40760.0,30,etf,1685018.4062194824
NUDV,34.073001861572266,10550.0,30,etf,359470.1696395874
NUEM,43.659000396728516,40800.0,30,etf,1781287.2161865234
NUG,11.12600040435791,9533.333333333334,30,etf,106067.87052154541
NUGO,43.46900177001953,64683.333333333336,30,etf,2811719.93115743
NUGT,191.85000610351562,728430.0,30,etf,139749299.9459839
NUGY,12.505000114440918,9530.0,30,etf,119172.65109062195
NUHY,21.1200008392334,16260.0,30,etf,343411.21364593506
NUKX,36.959999084472656,3533.3333333333335,30,etf,130591.99676513672
NUKZ,65.69999694824219,105896.66666666667,30,etf,6957410.6768290205
NULC,55.83100128173828,1576.6666666666667,30,etf,88026.8786875407
NULG,113.44000244140625,143476.66666666666,30,etf,16275993.416951496
NULV,53.90999984741211,240063.33333333334,30,etf,12941814.263369244
NUMG,46.54999923706055,11200.0,30,etf,521359.9914550781
NUMI,24.329999923706055,5780.0,30,etf,140627.399559021
NUMV,44.779998779296875,15260.0,30,etf,683342.7813720703
NURE,30.93899917602539,2826.6666666666665,30,etf,87454.23767089844
NUSA,22.915000915527344,8646.666666666666,30,etf,198138.37458292642
NUSB,25.184999465942383,746.6666666666666,30,etf,18804.799601236977
NUSC,51.31999969482422,39956.666666666664,30,etf,2050576.1211395261
NVBT,40.7599983215332,1070.0,30,etf,43613.19820404053
NVBU,31.41900062561035,3456.6666666666665,30,etf,108605.01216252644
NVBW,36.45500183105469,2106.6666666666665,30,etf,76798.5371907552
NVD,3.5999999046325684,80579556.66666667,30,etf,290086396.3153347
NVDD,29.010000228881836,189383.33333333334,30,etf,5494010.543346405
NVDG,21.45400047302246,242606.66666666666,30,etf,5204883.541425069
NVDL,37.689998626708984,15192936.666666666,30,etf,572621762.1023432
NVDQ,8.130000114440918,5301270.0,30,etf,43099325.706682205
NVDS,17.530000686645508,389526.6666666667,30,etf,6828402.734133403
NVDU,149.8699951171875,356326.6666666667,30,etf,53402675.79345703
NVDX,21.25,6385653.333333333,30,etf,135695133.3333333
NVDY,12.979999542236328,2032533.3333333333,30,etf,26382281.736246742
NVII,25.56999969482422,116233.33333333333,30,etf,2972086.297861735
NVIR,40.619998931884766,363.3333333333333,30,etf,14758.59961191813
NVIT,51.73099899291992,10056.666666666666,30,etf,520241.41320546466
NVOC,21.889999389648438,1173.3333333333333,30,etf,25684.265950520832
NVOH,25.260000228881836,1830.0,30,etf,46225.80041885376
NVOX,14.569999694824219,415773.3333333333,30,etf,6057817.339782715
NVTC,12.369999885559082,1236.6666666666667,30,etf,15297.5665251414
NVTX,16.8799991607666,416613.3333333333,30,etf,7032432.717030843
NVYY,11.869999885559082,35636.666666666664,30,etf,423007.22925504047
NXPG,7.25,9493.333333333334,30,etf,68826.66666666667
NXPX,10.979999542236328,1876.6666666666667,30,etf,20605.799140930176
NXTE,48.38399887084961,4013.3333333333335,30,etf,194181.1154683431
NXTG,154.6699981689453,7040.0,30,etf,1088876.787109375
NXTI,36.270999908447266,823.3333333333334,30,etf,29863.123257954918
NXUS,24.5,207266.66666666666,30,etf,5078033.333333333
NYF,52.06999969482422,200110.0,30,etf,10419727.638931274
NYM,24.600000381469727,80110.0,30,etf,1970706.0305595398
NYSX,127.26000213623047,5250.0,30,etf,668115.01121521
NYYY,46.22999954223633,1710.0,30,etf,79053.29921722412
NZAC,47.178001403808594,4426.666666666667,30,etf,208841.28621419272
OACP,22.315000534057617,46793.333333333336,30,etf,1044193.2583236694
OAEM,50.119998931884766,14306.666666666666,30,etf,717050.1180521647
OAIM,49.07500076293945,19230.0,30,etf,943712.2646713257
OAIW,24.200000762939453,8705.882352941177,17,etf,210682.3595832376
OAKG,27.691999435424805,683.3333333333334,30,etf,18922.86628087362
OAKI,27.23200035095215,4446.666666666667,30,etf,121091.6282272339
OAKM,31.760000228881836,179460.0,30,etf,5699649.641075134
OALC,41.76900100708008,20093.333333333332,30,etf,839278.4602355957
OARK,29.874000549316406,7300.0,30,etf,218080.20401000977
OASC,34.689998626708984,10393.333333333334,30,etf,360544.7190602621
OBIL,49.994998931884766,36163.333333333336,30,etf,1807985.8113733928
OBND,25.385000228881836,41543.333333333336,30,etf,1054577.5261751811
OBOR,28.600000381469727,816.6666666666666,30,etf,23356.666978200275
OBTC,25.61400032043457,5776.666666666667,30,etf,147963.5418510437
OCIO,38.12900161743164,5326.666666666667,30,etf,203100.48194885254
OCTB,27.96500015258789,5463.333333333333,30,etf,152782.11750030518
OCTH,24.190000534057617,1530.0,30,etf,37010.700817108154
OCTJ,24.1200008392334,1900.0,30,etf,45828.00159454346
OCTM,34.08399963378906,3480.0,30,etf,118612.31872558594
OCTP,33.23400115966797,3156.6666666666665,30,etf,104908.66366068521
OCTT,48.06999969482422,4770.0,30,etf,229293.89854431152
OCTU,31.065000534057617,3786.6666666666665,30,etf,117632.80202229817
OCTW,41.810001373291016,17696.666666666668,30,etf,739897.6576360067
OCTZ,46.69300079345703,2836.6666666666665,30,etf,132452.47891743976
ODDS,25.81100082397461,370.0,30,etf,9550.070304870605
ODHY,9.914999961853027,103.33333333333333,30,etf,1024.549996058146
ODTE,25.530000686645508,4336.666666666667,30,etf,110715.1029777527
OEF,382.19000244140625,213600.0,30,etf,81635784.52148438
OEFA,36.01599884033203,1626.6666666666667,30,etf,58586.02478027344
OEI,26.572999954223633,6743.333333333333,30,etf,179190.59635798135
OGIG,50.00899887084961,9366.666666666666,30,etf,468417.62275695795
OGSP,9.979999542236328,100.0,30,etf,997.9999542236328
OIH,427.5299987792969,248440.0,30,etf,106215552.89672852
OILD,27.610000610351562,64636.666666666664,30,etf,1784618.406117757
OILK,54.52000045776367,109963.33333333333,30,etf,5995200.983670552
OILT,32.354000091552734,3896.6666666666665,30,etf,126072.75369008382
OILU,54.630001068115234,113326.66666666667,30,etf,6191035.921045939
OKLC,13.65999984741211,4106.666666666667,30,etf,56097.06604003907
OKLL,2.509999990463257,12473683.333333334,30,etf,31308945.047708355
OKTG,39.7400016784668,26346.666666666668,30,etf,1047016.5775553386
OMAH,18.290000915527344,1243870.0,30,etf,22750383.438796997
OMFL,70.52999877929688,111170.0,30,etf,7840819.964294434
OMFS,52.6349983215332,7760.0,30,etf,408447.58697509766
OND,34.86899948120117,306.6666666666667,30,etf,10693.159840901693
ONDC,19.350000381469727,350.0,30,etf,6772.500133514404
ONDG,2.359999895095825,3506703.3333333335,30,etf,8275819.498798847
ONDL,5.889999866485596,1587680.0,30,etf,9351434.98802185
ONDU,3.7799999713897705,158343.33333333334,30,etf,598537.7954697609
ONEH,24.700000762939453,24060.0,30,etf,594282.0183563232
ONEO,155.56100463867188,493.3333333333333,30,etf,76743.42895507812
ONEQ,104.45999908447266,247760.0,30,etf,25881009.373168945
ONEV,149.09800720214844,6550.0,30,etf,976591.9471740723
ONEY,134.32000732421875,12723.333333333334,30,etf,1708998.22652181
ONEZ,28.200000762939453,32956.666666666664,30,etf,929378.0251439412
ONG,4.380000114440918,41560.0,30,etf,182032.80475616455
ONLN,57.560001373291016,4930.0,30,etf,283770.8067703247
ONOF,41.11899948120117,6656.666666666667,30,etf,273715.4732131958
ONX,6.940000057220459,20510.0,30,etf,142339.4011735916
OOSP,10.10099983215332,4636.666666666667,30,etf,46834.9692217509
OPEG,1.7580000162124634,105733.33333333333,30,etf,185879.20171419778
OPER,100.1050033569336,8423.333333333334,30,etf,843217.811609904
OPEX,6.940000057220459,88363.33333333333,30,etf,613241.5383895237
OPPE,60.38999938964844,15866.666666666666,30,etf,958187.9903157551
OPPJ,59.7400016784668,62740.0,30,etf,3748087.705307007
OPTZ,46.29899978637695,6666.666666666667,30,etf,308659.9985758464
ORAC,26.59000015258789,2996.6666666666665,30,etf,79681.36712392171
ORBX,42.2400016784668,24240.0,30,etf,1023897.6406860352
ORCS,26.90999984741211,48046.666666666664,30,etf,1292935.7926686604
ORCU,9.020000457763672,4925603.333333333,30,etf,44428944.32142893
ORCX,25.110000610351562,2522806.6666666665,30,etf,63347676.93979899
ORO,21.013999938964844,970.0,30,etf,20383.5799407959
ORR,39.18600082397461,63650.0,30,etf,2494188.952445984
OSCV,41.790000915527344,94400.0,30,etf,3944976.0864257812
OSCX,115.09500122070312,4853.333333333333,30,etf,558594.4059244791
OSEA,30.31999969482422,121483.33333333333,30,etf,3683374.6295928955
OTGL,11.071999549865723,4026.6666666666665,30,etf,44583.25152079264
OUNZ,42.619998931884766,622710.0,30,etf,26539899.534873962
OUSA,61.56999969482422,15663.333333333334,30,etf,964391.4285532634
OUSL,13.260000228881836,61056.666666666664,30,etf,809611.413974762
OUSM,49.220001220703125,68956.66666666667,30,etf,3394047.217508952
OVB,20.059999465942383,14010.0,30,etf,281040.5925178528
OVF,32.380001068115234,27893.333333333332,30,etf,903186.1631266276
OVL,57.33000183105469,180820.0,30,etf,10366410.931091309
OVLH,42.46699905395508,22713.333333333332,30,etf,964567.105178833
OVM,21.070999145507812,12450.0,30,etf,262333.93936157227
OVS,41.060001373291016,15630.0,30,etf,641767.8214645386
OVT,21.614999771118164,14896.666666666666,30,etf,321991.4465904236
OWN,25.209999084472656,1430.0,30,etf,36050.2986907959
OWNB,21.68199920654297,3116.6666666666665,30,etf,67575.56419372559
OWNS,17.065000534057617,10883.333333333334,30,etf,185724.0891456604
OZEM,33.36600112915039,16310.0,30,etf,544199.4784164429
PAAA,51.369998931884766,2082636.6666666667,30,etf,106985043.34217072
PAB,41.43600082397461,26193.333333333332,30,etf,1085346.9815826416
PABD,71.05699920654297,2146.6666666666665,30,etf,152535.69163004556
PABU,78.69000244140625,9630.0,30,etf,757784.7235107422
PALC,57.60100173950195,7036.666666666667,30,etf,405319.0489069621
PALD,11.399999618530273,99960.0,30,etf,1139543.9618682861
PALL,25.309999465942383,917536.6666666666,30,etf,23222852.543315887
PALU,45.310001373291016,126010.0,30,etf,5709513.273048401
PAMC,54.75,2533.3333333333335,30,etf,138700.0
PANG,27.832000732421875,45420.0,30,etf,1264129.4732666016
PAPI,27.84000015258789,90343.33333333333,30,etf,2515158.4137852984
PAPR,43.0880012512207,22653.333333333332,30,etf,976086.8550109863
PATN,36.095001220703125,136190.0,30,etf,4915778.216247559
PATX,13.539999961853027,44953.333333333336,30,etf,608668.1316184998
PAUG,46.81999969482422,200683.33333333334,30,etf,9395993.605422974
PAVE,55.15999984741211,1622296.6666666667,30,etf,89485883.88579051
PAWZ,51.63999938964844,1820.0,30,etf,93984.79888916016
PAYR,55.58000183105469,16113.333333333334,30,etf,895579.0961710613
PBAP,31.604999542236328,2710.0,30,etf,85649.54875946045
PBAU,32.13100051879883,19120.0,30,etf,614344.7299194336
PBD,17.709999084472656,195703.33333333334,30,etf,3465905.8541615806
PBDC,28.200000762939453,91073.33333333333,30,etf,2568268.069483439
PBDE,31.635000228881836,4573.333333333333,30,etf,144677.40104675293
PBE,97.63999938964844,46910.0,30,etf,4580292.371368408
PBEU,36.231998443603516,29523.333333333332,30,etf,1069689.367383321
PBFB,32.57400131225586,2736.6666666666665,30,etf,89144.18359120686
PBFR,31.239999771118164,39553.333333333336,30,etf,1235646.124280294
PBJ,47.869998931884766,29880.0,30,etf,1430355.5680847168
PBJA,32.95899963378906,3106.6666666666665,30,etf,102392.62552897134
PBJL,31.892000198364258,14456.666666666666,30,etf,461052.0162010193
PBJN,31.433000564575195,3786.6666666666665,30,etf,119026.2954711914
PBL,33.513999938964844,2236.6666666666665,30,etf,74959.64653015137
PBMR,32.73400115966797,3193.3333333333335,30,etf,104530.57703653972
PBMY,31.79400062561035,2616.6666666666665,30,etf,83194.30163701375
PBNV,31.714000701904297,3060.0,30,etf,97044.84214782715
PBOC,31.30900001525879,7123.333333333333,30,etf,223024.44344202676
PBOG,35.224998474121094,33440.0,30,etf,1177923.9489746094
PBOT,32.9739990234375,456.6666666666667,30,etf,15058.126220703125
PBP,23.3700008392334,63860.0,30,etf,1492408.2535934448
PBPH,29.007999420166016,86743.33333333333,30,etf,2516250.5630366006
PBQQ,31.972000122070312,21880.0,30,etf,699547.3626708984
PBRG,43.14500045776367,1706.6666666666667,30,etf,73634.13411458334
PBSE,31.415000915527344,18043.333333333332,30,etf,566831.3331858317
PBTP,25.735000610351562,191980.0,30,etf,4940605.417175293
PBUS,77.2699966430664,146553.33333333334,30,etf,11324175.57469686
PBW,31.790000915527344,721943.3333333334,30,etf,22950579.22762553
PCEF,20.25,99893.33333333333,30,etf,2022840.0
PCFI,22.459999084472656,2793.3333333333335,30,etf,62738.264109293625
PCHI,24.174999237060547,1986.6666666666667,30,etf,48027.66515096029
PCI,48.8129997253418,3856.6666666666665,30,etf,188255.46894073486
PCL,47.56399917602539,7000.0,30,etf,332947.99423217773
PCLG,23.165000915527344,14810.0,30,etf,343073.66355895996
PCLN,30.097000122070312,126.66666666666667,30,etf,3812.2866821289062
PCLO,24.934999465942383,3563.3333333333335,30,etf,88851.71476364136
PCMM,49.70500183105469,42173.333333333336,30,etf,2096225.6105550132
PCPI,50.0099983215332,18780.0,30,etf,939187.7684783936
PCR,19.10700035095215,850.0,30,etf,16240.950298309326
PCS,49.584999084472656,13093.333333333334,30,etf,649232.9213460287
PCY,21.040000915527344,415836.6666666667,30,etf,8749203.847376507
PDBA,38.650001525878906,133143.33333333334,30,etf,5145990.0364939375
PDBC,19.010000228881836,5962516.666666667,30,etf,113347443.1980451
PDDL,12.161999702453613,27476.666666666668,30,etf,334171.2118244171
PDEC,47.05400085449219,20180.0,30,etf,949549.7372436523
PDN,47.86000061035156,8333.333333333334,30,etf,398833.3384195964
PDP,136.14999389648438,27250.0,30,etf,3710087.333679199
PEJ,64.79000091552734,96013.33333333333,30,etf,6220703.954569498
PEMX,87.6760025024414,1496.6666666666667,30,etf,131221.7504119873
PEPS,33.077999114990234,383.3333333333333,30,etf,12679.899660746256
PEVC,31.819000244140625,173.33333333333334,30,etf,5515.293375651042
PEX,24.079999923706055,2773.3333333333335,30,etf,66781.86645507812
SXQG,33.40999984741211,4720.0,30,etf,157695.19927978516
SYFI,35.5099983215332,97350.0,30,etf,3456898.3366012573
SYLD,87.01499938964844,39340.0,30,etf,3423170.0759887695
SYSB,86.80999755859375,92050.0,30,etf,7990860.275268555
SYZ,30.264999389648438,4723.333333333333,30,etf,142951.68045043945
SZK,21.350000381469727,1420.0,30,etf,30317.00054168701
TABD,24.565000534057617,8780.0,30,etf,215680.70468902588
TACK,32.54199981689453,23700.0,30,etf,771245.3956604004
TACN,29.52199935913086,1893.3333333333333,30,etf,55894.98545328776
TACU,28.209999084472656,2853.3333333333335,30,etf,80492.53072102866
TAFI,24.959999084472656,481206.6666666667,30,etf,12010917.959442139
TAFL,24.375,19870.0,30,etf,484331.25
TAFM,24.770000457763672,262693.3333333333,30,etf,6506913.986918131
TAGG,41.709999084472656,311186.6666666667,30,etf,12979595.581766766
TAGS,28.1299991607666,20546.666666666668,30,etf,577977.7160898845
TAIL,10.210000038146973,159616.66666666666,30,etf,1629686.1727555592
TALV,29.104000091552734,12150.0,30,etf,353613.6011123657
TAN,48.040000915527344,1201800.0,30,etf,57734473.10028076
TAOZ,91.83000183105469,1280.0,30,etf,117542.40234375
TAPR,26.791000366210938,513.3333333333334,30,etf,13752.713521321615
TARK,52.3849983215332,16440.0,30,etf,861209.3724060059
TAX,31.17099952697754,560.0,30,etf,17455.759735107422
TAXE,49.869998931884766,29176.666666666668,30,etf,1455040.3355026245
TAXF,49.09000015258789,40673.333333333336,30,etf,1996653.9395395915
TAXI,50.19499969482422,20566.666666666668,30,etf,1032343.8270568849
TAXM,48.957000732421875,3073.3333333333335,30,etf,150461.18225097656
TAXS,50.03499984741211,15043.333333333334,30,etf,752693.1810379028
TAXT,50.279998779296875,5653.333333333333,30,etf,284249.5930989583
TAXX,50.369998931884766,19010.0,30,etf,957533.6796951294
TBF,25.420000076293945,138830.0,30,etf,3529058.6105918884
TBFC,29.540000915527344,1110.0,30,etf,32789.40101623535
TBFG,33.21699905395508,1080.0,30,etf,35874.358978271484
TBG,38.84000015258789,46643.333333333336,30,etf,1811627.0737838745
TBIL,49.90999984741211,1672316.6666666667,30,etf,83465324.57815807
TBJL,19.065000534057617,3513.3333333333335,30,etf,66981.70187632243
TBLL,105.70999908447266,313426.6666666667,30,etf,33132332.646382652
TBLU,50.709999084472656,1450.0,30,etf,73529.49867248535
TBT,38.18000030517578,271660.0,30,etf,10371978.882904053
TBUX,49.79999923706055,343700.0,30,etf,17116259.73777771
TBX,29.040000915527344,7106.666666666667,30,etf,206377.60650634766
TBXU,44.382999420166016,4520.0,30,etf,200611.1573791504
TCAF,42.83000183105469,565860.0,30,etf,24235784.836120605
TCAI,47.2400016784668,79750.0,30,etf,3767390.133857727
TCAL,22.770000457763672,110980.0,30,etf,2527014.6508026123
TCAN,17.979999542236328,10173.333333333334,30,etf,182916.52867635092
TCHI,22.975000381469727,8833.333333333334,30,etf,202945.8367029826
TCHP,50.849998474121094,196426.66666666666,30,etf,9988295.700276691
TCPB,49.76499938964844,25906.666666666668,30,etf,1289245.2508544922
TCV,33.481998443603516,14733.333333333334,30,etf,493301.4437357585
TDAQ,27.040000915527344,315620.0,30,etf,8534365.08895874
TDAX,23.690000534057617,56760.0,30,etf,1344644.4303131104
TDEC,27.354000091552734,1213.3333333333333,30,etf,33189.520111083984
TDI,47.59600067138672,58403.333333333336,30,etf,2779765.0925445557
TDIV,115.9800033569336,123470.0,30,etf,14320051.01448059
TDOG,17.035999298095703,7680.0,30,etf,130836.474609375
TDOT,10.520000457763672,2510.0,30,etf,26405.201148986816
TDSB,25.000999450683594,3563.3333333333335,30,etf,89086.89470926921
TDSC,28.670000076293945,5313.333333333333,30,etf,152333.2670720418
TDTF,23.270000457763672,147203.33333333334,30,etf,3425421.6340510054
TDTT,23.549999237060547,208096.66666666666,30,etf,4900676.341234842
TDV,101.78500366210938,5443.333333333333,30,etf,554049.7032674153
TDVG,49.83000183105469,54223.333333333336,30,etf,2701948.7992858887
TDVI,31.600000381469727,122656.66666666667,30,etf,3875950.713456472
TEC,33.12099838256836,416.6666666666667,30,etf,13800.415992736816
TECB,75.97000122070312,8450.0,30,etf,641946.5103149414
TECL,205.32000732421875,626043.3333333334,30,etf,128539221.78527834
TECS,60.380001068115234,358940.0,30,etf,21672797.583389282
TECY,21.190000534057617,3093.3333333333335,30,etf,65547.73498535156
TEK,38.81800079345703,4036.6666666666665,30,etf,156695.3298695882
TEKX,64.38200378417969,4366.666666666667,30,etf,281134.74985758465
TEKY,43.82899856567383,336.6666666666667,30,etf,14755.762850443523
TELG,13.270000457763672,510.0,30,etf,6767.700233459473
TEMC,23.579999923706055,866.6666666666666,30,etf,20435.99993387858
TEMD,24.899999618530273,123.33333333333333,30,etf,3070.999952952067
TEMT,25.75,240216.66666666666,30,etf,6185579.166666666
TEMX,38.124000549316406,223.33333333333334,30,etf,8514.360122680664
TEND,28.030000686645508,6356.666666666667,30,etf,178177.3710314433
TENJ,28.333999633789062,12796.666666666666,30,etf,362580.748647054
TENM,27.729999542236328,1160.0,30,etf,32166.79946899414
TEQI,52.67900085449219,15163.333333333334,30,etf,798789.2496236166
TERC,19.59000015258789,486.6666666666667,30,etf,9533.800074259441
TERG,36.290000915527344,34556.666666666664,30,etf,1254061.4649709065
TESL,13.586000442504883,5716.666666666667,30,etf,77666.63586298625
TETH,12.25,1113576.6666666667,30,etf,13641314.166666668
TEXN,33.665000915527344,2253.3333333333335,30,etf,75858.46872965495
TEXU,44.41999816894531,2173.3333333333335,30,etf,96539.46268717448
TEXX,30.67799949645996,810.0,30,etf,24849.17959213257
TFFI,20.65999984741211,11980.0,30,etf,247506.79817199707
TFGZ,35.66999816894531,330.0,30,etf,11771.099395751953
TFI,44.220001220703125,593403.3333333334,30,etf,26240296.124369305
TFJL,18.7549991607666,1443.3333333333333,30,etf,27069.715455373127
TFLO,50.52000045776367,1401906.6666666667,30,etf,70824325.44174194
TFLR,50.75,132853.33333333334,30,etf,6742306.666666667
TFNS,29.854999542236328,6926.666666666667,30,etf,206795.63016255698
TFPN,30.270000457763672,10613.333333333334,30,etf,321265.60485839844
TGLB,30.53499984741211,820.0,30,etf,25038.69987487793
TGLR,40.28900146484375,4416.666666666667,30,etf,177943.0898030599
TGRT,46.63100051879883,94486.66666666667,30,etf,4406007.802352905
TGRW,47.63199996948242,19803.333333333332,30,etf,943272.3727289835
THD,73.38999938964844,45733.333333333336,30,etf,3356369.305419922
THEQ,30.389999389648438,5630.0,30,etf,171095.6965637207
THIR,34.35200119018555,25613.333333333332,30,etf,879869.2571512858
THLV,32.53799819946289,6190.0,30,etf,201410.2088546753
THMR,25.719999313354492,7880.0,30,etf,202673.5945892334
THMZ,34.59000015258789,1256.6666666666667,30,etf,43468.10019175212
THNQ,90.25,24810.0,30,etf,2239102.5
THNR,27.006000518798828,1926.6666666666667,30,etf,52031.560999552414
THOR,26.510000228881836,23123.333333333332,30,etf,612999.5719591776
THRO,44.08000183105469,542896.6666666666,30,etf,23930886.06074015
THRV,23.940000534057617,2213.3333333333335,30,etf,52987.20118204753
THTA,15.75,51163.333333333336,30,etf,805822.5
THY,21.6299991607666,8220.0,30,etf,177798.59310150146
THYF,51.0989990234375,15720.0,30,etf,803276.2646484375
THYM,49.35499954223633,3836.6666666666665,30,etf,189358.6815770467
THYP,49.310001373291016,98116.66666666667,30,etf,4838132.968076071
TIER,33.22800064086914,12150.0,30,etf,403720.20778656006
TIIV,30.95400047302246,483.3333333333333,30,etf,14961.100228627522
TILL,20.59000015258789,45136.666666666664,30,etf,929363.9735539753
TILT,284.760009765625,3000.0,30,etf,854280.029296875
TIME,27.027999877929688,2603.3333333333335,30,etf,70362.89301554362
TINS,29.68199920654297,166.66666666666666,30,etf,4946.999867757161
TINT,39.86199951171875,713.3333333333334,30,etf,28434.892985026043
TINY,76.45800018310547,4183.333333333333,30,etf,319849.3007659912
TIP,106.97000122070312,1849750.0,30,etf,197867759.7579956
TIPA,98.81099700927734,2706.6666666666665,30,etf,267448.43190511066
TIPB,97.49700164794922,1093.3333333333333,30,etf,106596.7218017578
TIPC,96.10299682617188,1380.0,30,etf,132622.1356201172
TIPD,94.56099700927734,120.0,30,etf,11347.319641113281
TIPX,18.59000015258789,379756.6666666667,30,etf,7059676.491279602
TIPZ,51.040000915527344,8016.666666666667,30,etf,409170.6740061442
TJAN,28.56100082397461,3830.0,30,etf,109388.63315582275
TJUL,30.63800048828125,12740.0,30,etf,390328.1262207031
TJUN,23.45199966430664,6430.0,30,etf,150796.3578414917
TKNQ,25.649999618530273,1463.3333333333333,30,etf,37534.49944178263
TKNS,26.899999618530273,550.0,30,etf,14794.99979019165
TKNZ,31.020000457763672,5350.0,30,etf,165957.00244903564
TLA,24.420000076293945,3710.0,30,etf,90598.20028305054
TLCI,27.511999130249023,2070.0,30,etf,56949.83819961548
TLG,27.729999542236328,44043.333333333336,30,etf,1221321.6131718955
TLH,96.61000061035156,1215946.6666666667,30,etf,117472608.20882162
TLT,82.20999908447266,32446523.333333332,30,etf,2667428653.5276537
TLTD,105.41000366210938,4823.333333333333,30,etf,508427.58433024085
TLTE,79.02999877929688,4773.333333333333,30,etf,377236.5275065104
TLTI,43.632999420166016,10083.333333333334,30,etf,439966.077486674
TLTP,19.90999984741211,35663.333333333336,30,etf,710056.9612248739
TLTW,21.209999084472656,1134920.0,30,etf,24071652.160949707
TLTX,21.350000381469727,6593.333333333333,30,etf,140767.66918182373
TMAR,27.138999938964844,2543.3333333333335,30,etf,69023.52317810059
TMAT,28.25,32713.333333333332,30,etf,924151.6666666666
TMB,25.125,63860.0,30,etf,1604482.5
TMDV,52.792999267578125,116.66666666666667,30,etf,6159.183247884115
TMED,35.64799880981445,9700.0,30,etf,345785.5884552002
TMF,30.8799991607666,4680896.666666667,30,etf,144546085.13830185
TMFC,79.47000122070312,91643.33333333333,30,etf,7282895.811869303
TMFE,30.69300079345703,7573.333333333333,30,etf,232448.32600911456
TMFG,31.23699951171875,9033.333333333334,30,etf,282174.22892252606
TMFM,22.308000564575195,6043.333333333333,30,etf,134814.68341191608
TMFS,35.18000030517578,3390.0,30,etf,119260.2010345459
TMFX,24.409000396728516,6030.0,30,etf,147186.27239227295
TMH,51.35900115966797,356.6666666666667,30,etf,18318.043746948242
TMLP,30.700000762939453,2036.6666666666667,30,etf,62525.66822052002
TMNL,48.8650016784668,616.6666666666666,30,etf,30133.417701721188
TMNS,49.6150016784668,406.6666666666667,30,etf,20176.767349243164
TMSF,50.04999923706055,453.3333333333333,30,etf,22689.332987467445
TMSL,42.779998779296875,437876.6666666667,30,etf,18732363.265482586
TMV,42.400001525878906,1088930.0,30,etf,46170633.66157532
TMVE,17.9060001373291,7356.666666666667,30,etf,131728.47434361777
TMYY,22.459999084472656,2006.6666666666667,30,etf,45069.73149617513
TNA,69.88999938964844,3519360.0,30,etf,245968068.25195312
TNUK,24.208999633789062,786.6666666666666,30,etf,19044.413045247395
TNXT,28.700000762939453,876.6666666666666,30,etf,25160.334002176918
TOAK,29.065000534057617,18633.333333333332,30,etf,541577.8432846069
TOAO,27.3799991607666,116.66666666666667,30,etf,3194.3332354227705
TOCT,27.350000381469727,4680.0,30,etf,127998.00178527832
TOGA,30.91900062561035,1576.6666666666667,30,etf,48748.957653045654
TOK,155.27000427246094,6453.333333333333,30,etf,1002009.0942382812
TOLL,39.11000061035156,4410.0,30,etf,172475.1026916504
TOLZ,58.75,9706.666666666666,30,etf,570266.6666666666
TOPC,35.07400131225586,9713.333333333334,30,etf,340685.4660797119
TOPT,34.029998779296875,288390.0,30,etf,9813911.347961426
TOPW,33.650001525878906,65953.33333333333,30,etf,2219329.767303467
TOS,30.15999984741211,446.6666666666667,30,etf,13471.466598510742
TOT,24.264999389648438,676.6666666666666,30,etf,16419.31625366211
TOTL,38.5099983215332,505290.0,30,etf,19458717.051887512
TOTR,39.415000915527344,14386.666666666666,30,etf,567050.4798380533
TOUS,39.869998931884766,115600.0,30,etf,4608971.876525879
TOV,32.470001220703125,16403.333333333332,30,etf,532616.2533569336
TPFC,28.739999771118164,4513.333333333333,30,etf,129713.19896697997
TPFG,25.989999771118164,4893.333333333333,30,etf,127177.73221333821
TPFI,24.6299991607666,4360.0,30,etf,107386.79634094238
TPHD,43.310001373291016,28046.666666666668,30,etf,1214701.1718495688
TPIF,38.915000915527344,25403.333333333332,30,etf,988570.7399241129
TPLC,50.58000183105469,17620.0,30,etf,891219.6322631836
TPLS,24.674999237060547,1593.3333333333333,30,etf,39315.49878438313
TPOR,37.41999816894531,13480.0,30,etf,504421.5753173828
TPRY,18.969999313354492,5816.666666666667,30,etf,110342.16267267863
TPSC,47.849998474121094,26906.666666666668,30,etf,1287483.958943685
TPUT,25.200000762939453,8226.666666666666,30,etf,207312.00627644855
TPYP,43.31700134277344,43506.666666666664,30,etf,1884578.3384195962
TPZ,21.59000015258789,8140.0,30,etf,175742.60124206543
TQQQ,72.37000274658203,55780740.0,30,etf,4036852307.006378
TQQY,12.25,7820.0,30,etf,95795.0
TRBF,48.439998626708984,11176.666666666666,30,etf,541397.7179845173
TRFK,95.95999908447266,147263.33333333334,30,etf,14131389.33184306
TRFM,59.099998474121094,25546.666666666668,30,etf,1509807.9610188804
TRIO,66.197998046875,1303.3333333333333,30,etf,86278.05745442708
TRND,37.321998596191406,4043.3333333333335,30,etf,150905.2809906006
TROT,24.5,106.66666666666667,30,etf,2613.3333333333335
TRPA,38.94499969482422,13630.0,30,etf,530820.3458404541
TRSY,30.149999618530273,37306.666666666664,30,etf,1124795.985768636
TRTY,32.20000076293945,152533.33333333334,30,etf,4911573.449707031
TRUC,25.40999984741211,20000.0,30,etf,508199.9969482422
TRUD,25.72599983215332,39353.333333333336,30,etf,1012403.8467280071
TRUF,30.290000915527344,343.3333333333333,30,etf,10399.56698099772
TRUH,29.889999389648438,883.3333333333334,30,etf,26402.832794189453
TRUI,25.06999969482422,393.3333333333333,30,etf,9860.86654663086
TRUO,25.34000015258789,570.0,30,etf,14443.800086975098
TRUT,32.31100082397461,247946.66666666666,30,etf,8011404.950968424
TSCM,20.229999542236328,1443.3333333333333,30,etf,29198.632672627766
TSCV,31.32200050354004,2676.6666666666665,30,etf,83838.55468114217
TSDD,8.289999961853027,6119316.666666667,30,etf,50729134.93323326
TSEC,25.510000228881836,30600.0,30,etf,780606.0070037842
TSEG,7.0,87600.0,30,etf,613200.0
TSEL,29.201000213623047,9266.666666666666,30,etf,270595.93531290686
TSEP,26.844999313354492,1323.3333333333333,30,etf,35524.88242467244
TSES,31.459999084472656,980.0,30,etf,30830.799102783203
TSEU,15.010000228881836,4480.0,30,etf,67244.80102539062
TSIC,25.038999557495117,326.6666666666667,30,etf,8179.406522115072
TSII,13.09000015258789,59096.666666666664,30,etf,773575.3756841023
TSL,13.220000267028809,509506.6666666667,30,etf,6735678.2693862915
TSLG,4.550000190734863,39366166.666666664,30,etf,179116065.84183374
TSLL,9.149999618530273,102315850.0,30,etf,936189988.4696007
TSLP,14.430000305175781,10876.666666666666,30,etf,156950.30331929523
TSLQ,19.709999084472656,5150870.0,30,etf,101523642.98423767
TSLR,15.777999877929688,1374553.3333333333,30,etf,21687702.325541176
TSLS,57.869998931884766,291920.0,30,etf,16893410.0881958
TSLT,12.739999771118164,2680986.6666666665,30,etf,34155769.51970418
TSLW,17.59000015258789,76560.0,30,etf,1346690.411682129
TSLY,22.09000015258789,469926.6666666667,30,etf,10380680.138371786
TSLZ,12.494999885559082,1806146.6666666667,30,etf,22567802.393302917
TSME,47.88999938964844,93890.0,30,etf,4496392.042694092
TSMG,38.904998779296875,58986.666666666664,30,etf,2294876.194661458
TSMU,69.79199981689453,49403.333333333336,30,etf,3447957.4309539795
TSMX,80.49800109863281,522100.0,30,etf,42028006.37359619
TSMY,15.229999542236328,132680.0,30,etf,2020716.339263916
TSMZ,7.724999904632568,85283.33333333333,30,etf,658813.7418667475
TSNF,30.961000442504883,1213.3333333333333,30,etf,37566.01387023926
TSOL,9.895000457763672,14446.666666666666,30,etf,142949.77327982584
TSPA,48.61000061035156,360060.0,30,etf,17502516.819763184
TSPX,30.591999053955078,180.0,30,etf,5506.559829711914
TSPY,25.469999313354492,231583.33333333334,30,etf,5898427.3409843445
TSRS,26.694000244140625,543.3333333333334,30,etf,14503.74013264974
TSSD,29.06999969482422,1380.0,30,etf,40116.59957885742
TSUI,15.210000038146973,11400.0,30,etf,173394.0004348755
TSXD,5.269999980926514,41350.0,30,etf,217914.49921131134
TSXU,56.72999954223633,226226.66666666666,30,etf,12833838.69644165
TSYW,41.11000061035156,1646.6666666666667,30,etf,67694.46767171225
TSYX,23.375,18000.0,30,etf,420750.0
TSYY,20.09000015258789,26390.0,30,etf,530175.1040267944
TTDU,14.40999984741211,242568.66666666666,30,etf,3495414.4496536255
TTEQ,42.04199981689453,99056.66666666667,30,etf,4164540.3618621826
TTMX,9.289999961853027,46960.0,30,etf,436258.39820861816
TTOP,18.882999420166016,550.0,30,etf,10385.649681091309
TTT,75.44000244140625,6390.0,30,etf,482061.61560058594
TTXD,12.510000228881836,14616.666666666666,30,etf,182854.5033454895
TTXU,35.36199951171875,7813.333333333333,30,etf,276295.0895182291
TUA,20.079999923706055,303633.3333333333,30,etf,6096957.310167948
TUG,46.5890007019043,2060.0,30,etf,95973.34144592285
TUR,39.22999954223633,124253.33333333333,30,etf,4874458.209788004
TURF,35.98500061035156,32246.666666666668,30,etf,1160396.3196818035
TUSB,50.38999938964844,16386.666666666668,30,etf,825724.1233317058
TUSI,25.309999465942383,293980.0,30,etf,7440633.642997742
TVAL,43.21500015258789,82240.0,30,etf,3554001.612548828
TWM,21.479999542236328,549786.6666666666,30,etf,11809417.348327637
TWOX,30.23900032043457,1120.0,30,etf,33867.68035888672
TXBC,17.111000061035156,1326.6666666666667,30,etf,22700.59341430664
TXNU,38.040000915527344,11000.0,30,etf,418440.0100708008
TXS,42.380001068115234,3246.6666666666665,30,etf,137593.73680114746
TXUE,36.15999984741211,36070.0,30,etf,1304291.1944961548
TXUG,27.496000289916992,1356.6666666666667,30,etf,37302.90705998739
TXXD,4.052999973297119,77356.66666666667,30,etf,313526.5679343542
TXXH,69.68000030517578,19620.0,30,etf,1367121.6059875488
TXXI,49.41899871826172,6863.333333333333,30,etf,339179.06120300293
TXXS,22.922000885009766,8790.0,30,etf,201484.38777923584
TYA,12.048999786376953,69766.66666666667,30,etf,840618.5517628988
TYD,22.31999969482422,18953.333333333332,30,etf,423038.3942159017
TYLD,25.450000762939453,21406.666666666668,30,etf,544799.6829986572
TYLG,42.06800079345703,4143.333333333333,30,etf,174301.74995422363
TYO,14.960000038146973,43903.333333333336,30,etf,656793.8683414459
TYYY,37.119998931884766,116.66666666666667,30,etf,4330.666542053223
TZA,39.900001525878906,4085486.6666666665,30,etf,163010924.23395792
UAE,19.469999313354492,197623.33333333334,30,etf,3847726.164302826
UAPR,35.834999084472656,7976.666666666667,30,etf,285843.84269714355
UAUG,43.07099914550781,77670.0,30,etf,3345324.503631592
UBEW,27.030000686645508,5120.0,30,etf,138393.603515625
UBND,21.360000610351562,227240.0,30,etf,4853846.538696289
UBOT,22.709999084472656,14633.333333333334,30,etf,332322.9866027832
UBR,34.54999923706055,2570.0,30,etf,88793.4980392456
UBRL,15.84000015258789,201570.0,30,etf,3192868.830757141
UBT,14.970000267028809,67090.0,30,etf,1004337.3179149628
UCC,45.22999954223633,3226.6666666666665,30,etf,145942.13185628253
UCIB,37.98099899291992,6236.666666666667,30,etf,236874.83038584393
UCO,47.29999923706055,2690823.3333333335,30,etf,127275941.61373138
UCON,24.540000915527344,562723.3333333334,30,etf,13809231.1151886
UCOP,42.619998931884766,630.0,30,etf,26850.599327087402
UCRD,21.075000762939453,903.3333333333334,30,etf,19037.75068918864
UCYB,81.8219985961914,9066.666666666666,30,etf,741852.7872721354
UDEC,42.724998474121094,7393.333333333333,30,etf,315880.15538533527
UDI,37.474998474121094,496.6666666666667,30,etf,18612.582575480144
UDIV,61.9640007019043,9453.333333333334,30,etf,585766.353302002
UDN,18.280000686645508,97040.0,30,etf,1773891.26663208
UDOW,73.25,1518693.3333333333,30,etf,111244286.66666666
UECG,4.300000190734863,90990.0,30,etf,391257.0173549652
UEVM,61.19900131225586,3583.3333333333335,30,etf,219296.42136891684
UFEB,39.49800109863281,16963.333333333332,30,etf,670017.7586364746
UFIV,47.57500076293945,8013.333333333333,30,etf,381234.3394470215
UFO,43.70000076293945,325463.3333333333,30,etf,14222747.914975483
UFOD,23.639999389648438,1090.0,30,etf,25767.599334716797
DBEM,39.7599983215332,7573.333333333333,30,etf,301115.72062174475
DBEU,54.689998626708984,38120.0,30,etf,2084782.7476501465
DBEZ,63.018001556396484,6743.333333333333,30,etf,424951.3904953003
DBJP,116.5199966430664,15793.333333333334,30,etf,1840239.1469828289
DBMF,31.440000534057617,2000306.6666666667,30,etf,62889642.668279015
DBND,44.68000030517578,93330.0,30,etf,4169984.4284820557
DBO,23.110000610351562,396843.3333333333,30,etf,9171049.675547281
DBP,102.5,9746.666666666666,30,etf,999033.3333333333
DCMT,36.56100082397461,4716.666666666667,30,etf,172446.05388641357
DCOR,84.83000183105469,136883.33333333334,30,etf,11611813.417307537
DCRE,51.29999923706055,30700.0,30,etf,1574909.9765777588
DDEC,48.5,10083.333333333334,30,etf,489041.6666666667
DDFA,20.540000915527344,10033.333333333334,30,etf,206084.6758524577
DDFD,20.329999923706055,7943.333333333333,30,etf,161487.96606063843
DDFF,20.290000915527344,5733.333333333333,30,etf,116329.33858235677
DDFJ,20.09000015258789,11920.0,30,etf,239472.80181884766
DDFL,21.625,29346.666666666668,30,etf,634621.6666666667
DDFM,20.100000381469727,4393.333333333333,30,etf,88306.00167592366
DDFN,20.459999084472656,13603.333333333334,30,etf,278324.18754577637
DDFO,22.864999771118164,9196.666666666666,30,etf,210281.78122838336
DDFS,22.329999923706055,91990.0,30,etf,2054136.69298172
DDFY,20.459999084472656,11350.0,30,etf,232220.98960876465
DDFZ,19.739999771118164,23266.666666666668,30,etf,459283.9946746826
DDIV,46.32899856567383,10753.333333333334,30,etf,498191.1645762126
DDLS,46.60499954223633,12850.0,30,etf,598874.2441177368
DDM,67.7699966430664,170110.0,30,etf,11528354.128952026
DDNQ,20.875,10450.0,30,etf,218143.75
DDSQ,21.549999237060547,15210.0,30,etf,327775.4883956909
DDTA,20.90999984741211,930.0,30,etf,19446.29985809326
DDTD,20.815000534057617,1830.0,30,etf,38091.45097732544
DDTF,20.719999313354492,2086.6666666666665,30,etf,43235.731900533036
DDTJ,20.559999465942383,3050.0,30,etf,62707.99837112427
DDTL,22.524999618530273,16883.333333333332,30,etf,380297.0768928528
DDTM,20.510000228881836,546.6666666666666,30,etf,11212.133458455402
DDTN,20.930999755859375,21866.666666666668,30,etf,457691.1946614584
DDTO,23.53499984741211,7016.666666666667,30,etf,165137.24892934164
DDTS,23.040000915527344,15170.0,30,etf,349516.8138885498
DDTY,20.700000762939453,7750.0,30,etf,160425.00591278076
DDTZ,19.84000015258789,73500.0,30,etf,1458240.01121521
DDV,25.47100067138672,4293.333333333333,30,etf,109355.4962158203
DDWM,47.599998474121094,86630.0,30,etf,4123587.8678131104
DDX,25.441999435424805,6876.666666666667,30,etf,174956.14945093793
DDXX,28.902999877929688,2930.0,30,etf,84685.78964233398
DECM,34.20000076293945,1023.3333333333334,30,etf,34998.00078074138
DECO,74.80799865722656,793.3333333333334,30,etf,59347.67893473308
DECP,33.40299987792969,3490.0,30,etf,116576.46957397461
DECT,40.3849983215332,8173.333333333333,30,etf,330080.05294799805
DECU,29.774999618530273,3843.3333333333335,30,etf,114435.24853388469
DECW,36.441001892089844,10420.0,30,etf,379715.2397155762
DECZ,44.17100143432617,2640.0,30,etf,116611.4437866211
DEED,21.030000686645508,21426.666666666668,30,etf,450602.8147125244
DEEF,40.83000183105469,440.0,30,etf,17965.200805664062
DEEP,44.06999969482422,1110.0,30,etf,48917.69966125488
DEFR,26.611000061035156,18236.666666666668,30,etf,485295.9377797445
DEHP,42.16999816894531,35393.333333333336,30,etf,1492536.8018595378
DEM,57.099998474121094,280790.0,30,etf,16033108.571548462
DEMZ,47.768001556396484,2480.0,30,etf,118464.64385986328
DEPW,24.260000228881836,4794.117647058823,17,etf,116305.2952149335
DES,40.40999984741211,115006.66666666667,30,etf,4647419.382451376
DESK,40.39099884033203,31590.0,30,etf,1275951.6533660889
DEUS,67.14700317382812,6596.666666666667,30,etf,442946.3976033529
DEW,72.70999908447266,10036.666666666666,30,etf,729766.0241444905
DEXC,81.33000183105469,23856.666666666668,30,etf,1940262.7436828613
DFAC,45.720001220703125,1968333.3333333333,30,etf,89992202.40275064
DFAE,40.56999969482422,1051936.6666666667,30,etf,42677070.245641075
DFAI,43.40999984741211,1880380.0,30,etf,81627295.51307678
DFAL,51.880001068115234,57076.666666666664,30,etf,2961137.5276311236
DFAR,25.850000381469727,2788920.0,30,etf,72093583.06388855
DFAS,82.19999694824219,425010.0,30,etf,34935820.70297241
DFAT,71.81999969482422,281343.3333333333,30,etf,20206078.114140827
DFAU,53.279998779296875,506876.6666666667,30,etf,27006388.18125407
DFAW,85.63999938964844,83873.33333333333,30,etf,7182912.215474446
DFAX,38.61000061035156,689256.6666666666,30,etf,26612200.32068888
DFCA,49.02000045776367,82056.66666666667,30,etf,4022417.8375625615
DFCF,41.40999984741211,1641336.6666666667,30,etf,67967751.11621857
DFE,78.19000244140625,5273.333333333333,30,etf,412321.94620768225
DFEB,51.60900115966797,23070.0,30,etf,1190619.65675354
DFEM,41.0,916563.3333333334,30,etf,37579096.66666667
DFEN,61.45000076293945,188630.0,30,etf,11591313.643913269
DFEV,43.7400016784668,234370.0,30,etf,10251344.193382263
DFGP,53.185001373291016,263336.6666666667,30,etf,14005560.978304546
DFGR,28.84000015258789,400756.6666666667,30,etf,11557822.327817282
DFGX,51.87099838256836,153956.66666666666,30,etf,7985886.007652282
DFIC,39.474998474121094,1801770.0,30,etf,71124868.00071716
DFII,13.729999542236328,7150.0,30,etf,98169.49672698975
DFIP,40.20000076293945,102603.33333333333,30,etf,4124654.078280131
DFIS,37.66999816894531,566203.3333333334,30,etf,21328878.5299174
DFIV,58.939998626708984,1182093.3333333333,30,etf,69672579.4433085
DFJ,115.33999633789062,29626.666666666668,30,etf,3417139.6248372397
DFLV,42.04999923706055,610963.3333333334,30,etf,25691007.700538635
DFMC,60.36000061035156,27940.0,30,etf,1686458.4170532227
DFNL,52.374000549316406,18000.0,30,etf,942732.0098876953
DFNM,47.25,234986.66666666666,30,etf,11103120.0
DFSB,50.630001068115234,48916.666666666664,30,etf,2476650.88558197
DFSD,47.20000076293945,515743.3333333333,30,etf,24343085.72681427
DFSE,50.03799819946289,28386.666666666668,30,etf,1420411.97555542
DFSI,47.41999816894531,50343.333333333336,30,etf,2387280.7744852705
DFSU,48.41999816894531,94910.0,30,etf,4595542.0262146
DFSV,40.439998626708984,744580.0,30,etf,30110814.177474976
DFTT,30.15399932861328,2493.3333333333335,30,etf,75183.97165934245
DFUS,84.08999633789062,540166.6666666666,30,etf,45422613.021850586
DFUV,57.56999969482422,423043.3333333333,30,etf,24354604.57089742
DFVE,37.233001708984375,4186.666666666667,30,etf,155882.16715494794
DFVX,85.68000030517578,8226.666666666666,30,etf,704860.8025105793
DGAP,31.1200008392334,2673.3333333333335,30,etf,83194.13557688396
DGCB,53.064998626708984,98340.0,30,etf,5218411.9649505615
DGIN,37.84000015258789,1906.6666666666667,30,etf,72148.26695760092
DGJA,32.154998779296875,526.6666666666666,30,etf,16934.96602376302
DGJL,30.3799991607666,1553.3333333333333,30,etf,47190.26536305745
DGLO,23.854000091552734,1073.3333333333333,30,etf,25603.293431599934
DGOC,32.89500045776367,346.6666666666667,30,etf,11403.600158691406
DGP,162.97000122070312,159163.33333333334,30,etf,25938848.62762451
DGRE,41.683998107910156,6646.666666666667,30,etf,277059.64075724286
DGRO,79.12999725341797,1264310.0,30,etf,100044846.82746887
DGRS,59.689998626708984,29540.0,30,etf,1763242.5594329834
DGRW,99.7699966430664,525423.3333333334,30,etf,52421484.20285543
DGS,65.23999786376953,35423.333333333336,30,etf,2311018.1909942627
DGT,192.5500030517578,9813.333333333334,30,etf,1889557.3632812502
DGZ,5.179999828338623,2236.6666666666665,30,etf,11585.932949384052
DHDG,37.69499969482422,6206.666666666667,30,etf,233960.29810587567
DHLX,13.680000305175781,21863.333333333332,30,etf,299090.4066721598
DHS,118.4800033569336,32460.0,30,etf,3845860.9089660645
DHSB,27.645000457763672,2130.0,30,etf,58883.85097503662
DIA,534.0800170898438,3445686.6666666665,30,etf,1840272393.81958
DIAL,17.825000762939453,55040.0,30,etf,981088.0419921875
DIEM,44.020999908447266,23473.333333333332,30,etf,1033319.6045176188
DIG,70.0199966430664,30256.666666666668,30,etf,2118571.6984303794
DIHP,35.290000915527344,544280.0,30,etf,19207641.698303223
DIM,90.4000015258789,2283.3333333333335,30,etf,206413.33681742352
DIME,8.74899959564209,2410.0,30,etf,21085.089025497437
DINE,25.1200008392334,303.3333333333333,30,etf,7619.733587900797
DINT,30.160999298095703,9240.0,30,etf,278687.6335144043
DIPS,32.25899887084961,6710.0,30,etf,216457.88242340088
DISK,39.22999954223633,339803.3333333333,30,etf,13330484.611117044
DISV,44.97999954223633,323473.3333333333,30,etf,14549830.385258991
DIV,19.770000457763672,208763.33333333334,30,etf,4127251.19556427
DIVB,69.0,301690.0,30,etf,20816610.0
DIVD,44.93000030517578,8280.0,30,etf,372020.40252685547
DIVE,28.25200080871582,2073.3333333333335,30,etf,58575.81501007081
DIVG,38.09600067138672,1240.0,30,etf,47239.04083251953
DIVI,44.66999816894531,175273.33333333334,30,etf,7829459.479064941
DIVL,25.5,2220.0,30,etf,56610.0
DIVN,30.440000534057617,174163.33333333334,30,etf,5301531.959679922
DIVO,48.38999938964844,774363.3333333334,30,etf,37471441.227366135
DIVP,27.60099983215332,5806.666666666667,30,etf,160269.80569203696
DIVS,34.39500045776367,1366.6666666666667,30,etf,47006.50062561035
DIVY,31.09000015258789,1943.3333333333333,30,etf,60418.233629862465
DIVZ,38.18600082397461,25773.333333333332,30,etf,984180.5279032389
DJAN,46.60499954223633,8330.0,30,etf,388219.6461868286
DJD,66.16000366210938,46676.666666666664,30,etf,3088128.437601725
DJIA,22.969999313354492,56723.333333333336,30,etf,1302934.9277178447
DJP,51.66999816894531,33363.333333333336,30,etf,1723883.3722432456
DJTU,11.420000076293945,39633.333333333336,30,etf,452612.6696904501
DJUL,51.310001373291016,31893.333333333332,30,etf,1636446.9771321614
DJUN,50.20500183105469,23550.0,30,etf,1182327.793121338
DLAG,33.77399826049805,5980.0,30,etf,201968.50959777832
DLCU,49.91999816894531,2830.4347826086955,23,etf,141295.2991651452
DLFE,32.439998626708984,3406.6666666666665,30,etf,110512.26198832193
DLLL,31.979999542236328,1905186.6666666667,30,etf,60927868.727874756
DLN,100.83000183105469,106530.0,30,etf,10741420.095062256
DLNV,33.665000915527344,566.6666666666666,30,etf,19076.83385213216
DLS,90.05999755859375,16843.333333333332,30,etf,1516910.5588785806
DLUX,50.18000030517578,2563.3333333333335,30,etf,128628.06744893393
DMAR,45.619998931884766,7710.0,30,etf,351730.19176483154
DMAY,48.058998107910156,11053.333333333334,30,etf,531212.125752767
DMBS,47.92100143432617,80430.0,30,etf,3854286.145362854
DMX,49.84000015258789,11543.333333333334,30,etf,575319.7350947063
DMXF,87.51000213623047,22840.0,30,etf,1998728.448791504
DNL,46.290000915527344,17000.0,30,etf,786930.0155639648
DNOV,52.529998779296875,11623.333333333334,30,etf,610573.6858113607
DOCT,47.810001373291016,7120.0,30,etf,340407.20977783203
DOG,21.34000015258789,2347996.6666666665,30,etf,50106249.22494252
DOGG,22.329999923706055,31033.333333333332,30,etf,692974.3309656779
DOJE,7.822000026702881,19393.333333333332,30,etf,151694.6538511912
DOL,77.68000030517578,15756.666666666666,30,etf,1223977.8714752197
DON,57.77000045776367,118980.0,30,etf,6873474.654464722
DPRE,25.770000457763672,946.6666666666666,30,etf,24395.60043334961
DPST,139.2100067138672,224106.66666666666,30,etf,31197890.571289062
DRAI,33.231998443603516,1133.3333333333333,30,etf,37662.93156941731
DRAM,59.689998626708984,52021700.0,30,etf,3105175201.559067
DRAY,14.116999626159668,7906.666666666667,30,etf,111618.41037750244
DRES,30.222000122070312,1826.6666666666667,30,etf,55205.52022298177
DRGN,34.6349983215332,8990.0,30,etf,311368.6349105835
DRIP,33.93000030517578,610743.3333333334,30,etf,20722521.486384075
DRIV,34.7599983215332,42243.333333333336,30,etf,1468378.1957626343
DRKY,21.586999893188477,8296.666666666666,30,etf,179100.14244715372
DRLL,41.349998474121094,12833.333333333334,30,etf,530658.3137512207
DRMP,21.559999465942383,10950.0,30,etf,236081.9941520691
DRMY,49.95000076293945,10536.666666666666,30,etf,526306.5080388386
DRN,10.15999984741211,999880.0,30,etf,10158780.64743042
DRNZ,20.940000534057617,122666.66666666667,30,etf,2568640.065511068
DRSK,28.270000457763672,179880.0,30,etf,5085207.682342529
DRUP,68.84700012207031,1450.0,30,etf,99828.15017700195
DRV,19.3799991607666,130013.33333333333,30,etf,2519658.2908884683
DRVR,25.549999237060547,1326.6666666666667,30,etf,33896.33232116699
DSCO,24.729999542236328,56923.333333333336,30,etf,1407714.0072758994
DSEP,48.599998474121094,8366.666666666666,30,etf,406619.9872334798
DSI,147.39999389648438,109136.66666666667,30,etf,16086744.000549316
DSMC,44.44499969482422,7833.333333333333,30,etf,348152.49760945636
DSPY,67.0999984741211,14373.333333333334,30,etf,964450.6447347006
DSTL,69.33999633789062,114010.0,30,etf,7905452.98248291
DSTX,36.24100112915039,10600.0,30,etf,384154.61196899414
DTAN,34.20399856567383,813.3333333333334,30,etf,27819.252166748047
DTCR,28.18000030517578,775366.6666666666,30,etf,21849832.903289795
DTD,97.19999694824219,24340.0,30,etf,2365847.925720215
DTEC,52.12099838256836,3476.6666666666665,30,etf,181207.33771006265
DTH,58.880001068115234,23426.666666666668,30,etf,1379362.158355713
DTRE,42.29999923706055,343.3333333333333,30,etf,14522.999738057453
DUBS,43.2130012512207,18523.333333333332,30,etf,800448.8265101115
DUG,14.550000190734863,127766.66666666667,30,etf,1859005.0243695579
DUHP,42.4900016784668,682450.0,30,etf,28997301.645469666
DUKH,23.80500030517578,5136.666666666667,30,etf,122278.35156758627
DUKQ,31.899999618530273,1313.3333333333333,30,etf,41895.332832336426
DUKX,29.451000213623047,406.6666666666667,30,etf,11976.740086873373
DUKZ,25.170000076293945,8950.0,30,etf,225271.5006828308
DULL,53.9900016784668,6773.333333333333,30,etf,365692.27803548175
DUNK,28.31599998474121,14373.333333333334,30,etf,406995.30644734704
DUOG,62.96900177001953,9583.333333333334,30,etf,603452.9336293539
DURA,39.61000061035156,2716.6666666666665,30,etf,107607.1683247884
DUSA,57.20000076293945,43610.0,30,etf,2494492.0332717896
DUSB,50.7599983215332,255243.33333333334,30,etf,12956151.17158254
DUSG,52.09000015258789,4283.333333333333,30,etf,223118.83398691812
DUSL,85.79299926757812,10723.333333333334,30,etf,919986.9288126628
DUST,32.25,1478623.3333333333,30,etf,47685602.5
DUTY,26.170000076293945,2206.6666666666665,30,etf,57748.466835021965
DVAL,16.665000915527344,6770.0,30,etf,112822.05619812012
DVDN,15.446999549865723,1576.6666666666667,30,etf,24354.76929028829
DVGR,27.024999618530273,4076.6666666666665,30,etf,110171.91511154175
DVLU,41.34000015258789,6543.333333333333,30,etf,270501.4009984334
DVND,39.630001068115234,446.6666666666667,30,etf,17701.400477091473
DVOL,36.619998931884766,5666.666666666667,30,etf,207513.32728068036
DVQQ,31.719999313354492,2100.0,30,etf,66611.99855804443
DVSP,30.031999588012695,1180.0,30,etf,35437.75951385498
DVVY,27.549999237060547,160.0,30,etf,4407.9998779296875
DVY,164.25,324520.0,30,etf,53302410.0
DVYA,52.54999923706055,3756.6666666666665,30,etf,197412.83046722412
DVYE,36.18000030517578,114060.0,30,etf,4126690.8348083496
DWAS,110.2699966430664,15843.333333333334,30,etf,1747044.313481649
DWAW,51.1510009765625,1816.6666666666667,30,etf,92924.31844075522
DWLD,47.38999938964844,13103.333333333334,30,etf,620966.9586690267
DWM,76.56999969482422,11663.333333333334,30,etf,893061.4297739665
DWMF,34.439998626708984,1036.6666666666667,30,etf,35702.79857635498
DWSH,5.460000038146973,17000.0,30,etf,92820.00064849854
DWUS,59.57400131225586,1103.3333333333333,30,etf,65729.98144785562
DWX,48.189998626708984,13243.333333333334,30,etf,638196.2151463827
DXD,16.600000381469727,1160440.0,30,etf,19263304.44267273
DXIV,75.5199966430664,16023.333333333334,30,etf,1210082.0795440674
DXJ,179.97000122070312,288333.3333333333,30,etf,51891350.3519694
DXUV,69.91000366210938,40456.666666666664,30,etf,2828325.714823405
DYFI,22.584999084472656,11053.333333333334,30,etf,249639.52321370444
DYLD,22.219999313354492,6963.333333333333,30,etf,154725.2618853251
DYLG,28.79599952697754,2126.6666666666665,30,etf,61239.49232737223
DYNB,38.650001525878906,5180.0,30,etf,200207.00790405273
DYNF,70.05000305175781,2156790.0,30,etf,151083146.08200073
DYTA,31.80699920654297,10740.0,30,etf,341607.1714782715
DZZ,1.690000057220459,2893.3333333333335,30,etf,4889.733498891195
EAFG,25.959999084472656,396.6666666666667,30,etf,10297.466303507488
EAGG,46.439998626708984,409910.0,30,etf,19036219.83707428
EAGL,35.90999984741211,190910.0,30,etf,6855578.070869446
EALT,36.770999908447266,18210.0,30,etf,669599.9083328247
EAPR,34.11800003051758,3890.0,30,etf,132719.02011871338
EART,30.56599998474121,13623.333333333334,30,etf,416410.80645879114
EASG,39.345001220703125,4286.666666666667,30,etf,168658.9052327474
EASY,27.270999908447266,5296.666666666667,30,etf,144445.39618174237
EBI,67.94200134277344,10520.0,30,etf,714749.8541259766
EBIT,40.25,726.6666666666666,30,etf,29248.333333333332
EBIZ,29.482999801635742,3630.0,30,etf,107023.28927993774
EBND,21.149999618530273,188013.33333333334,30,etf,3976481.9282786055
EBUF,32.345001220703125,12930.0,30,etf,418220.8657836914
ECH,40.84000015258789,425100.0,30,etf,17361084.064865112
ECHX,8.043000221252441,137490.0,30,etf,1105832.1004199982
ECML,42.005001068115234,5390.0,30,etf,226406.9557571411
ECNS,29.190000534057617,9070.0,30,etf,264753.3048439026
ECON,36.2400016784668,47253.333333333336,30,etf,1712460.8793131511
ECOW,27.38800048828125,25093.333333333332,30,etf,687256.2255859375
EDC,85.12000274658203,90106.66666666667,30,etf,7669879.714152019
EDEN,118.87999725341797,13146.666666666666,30,etf,1562875.6972249348
EDGE,52.18000030517578,2096.6666666666665,30,etf,109404.06730651854
EDGF,24.659000396728516,120106.66666666667,30,etf,2961710.340983073
EDGH,34.939998626708984,58910.0,30,etf,2058315.3190994263
EDGI,32.439998626708984,21420.0,30,etf,694864.7705841064
EDGQ,27.549999237060547,9823.333333333334,30,etf,270632.8258387248
EDGU,32.08000183105469,26096.666666666668,30,etf,837181.1144510906
EDGX,27.040000915527344,5476.666666666667,30,etf,148089.07168070477
EDIV,42.2400016784668,92283.33333333333,30,etf,3898048.1548945107
EDOG,25.3799991607666,1943.3333333333333,30,etf,49321.79836908976
EDOW,46.34000015258789,15526.666666666666,30,etf,719505.7357025146
EDV,60.290000915527344,1399943.3333333333,30,etf,84402584.84835306
EDZ,13.630000114440918,240896.66666666666,30,etf,3283421.594235102
EEE,22.649999618530273,1726.6666666666667,30,etf,39108.99934132894
IAUG,30.969999313354492,60746.666666666664,30,etf,1881324.2249552407
IAUI,51.61000061035156,244843.33333333334,30,etf,12636364.582773846
IAUM,44.20000076293945,3043106.6666666665,30,etf,134505316.9883728
IBAT,41.27799987792969,26043.333333333332,30,etf,1075016.7101542153
IBB,211.9199981689453,1509153.3333333333,30,etf,319819771.6366577
IBBQ,36.04999923706055,29560.0,30,etf,1065637.9774475098
IBCA,24.850000381469727,131493.33333333334,30,etf,3267609.3834940596
IBCB,24.389999389648438,97700.0,30,etf,2382902.9403686523
IBD,23.5049991607666,80836.66666666667,30,etf,1900065.7821591697
IBDR,24.170000076293945,600473.3333333334,30,etf,14513440.512479147
IBDS,24.1299991607666,477410.0,30,etf,11519902.899341583
IBDT,25.09000015258789,552630.0,30,etf,13865486.784324646
IBDU,22.940000534057617,750316.6666666666,30,etf,17212264.734045662
IBDV,21.469999313354492,641376.6666666666,30,etf,13770356.592934925
IBDW,20.459999084472656,531580.0,30,etf,10876126.313323975
IBDX,24.6299991607666,232046.66666666666,30,etf,5715309.205258687
IBDY,25.149999618530273,347390.0,30,etf,8736858.367481232
IBDZ,25.3700008392334,104150.0,30,etf,2642285.5874061584
IBFR,51.529998779296875,1203.3333333333333,30,etf,62007.7651977539
IBGA,23.474000930786133,17153.333333333332,30,etf,402657.36263275146
IBGB,23.398000717163086,1726.6666666666667,30,etf,40400.54790496826
IBGC,23.989999771118164,32243.333333333332,30,etf,773517.5592867533
IBGK,22.224000930786133,620.0,30,etf,13778.880577087402
IBGL,22.83300018310547,930.0,30,etf,21234.690170288086
IBGM,23.739999771118164,54736.666666666664,30,etf,1299448.4541384378
IBHF,22.440000534057617,200203.33333333334,30,etf,4492562.906920115
IBHG,21.8700008392334,131306.66666666666,30,etf,2871676.91019694
IBHK,25.34000015258789,14133.333333333334,30,etf,358138.6688232422
IBHL,25.219999313354492,8366.666666666666,30,etf,211007.32758839923
IBIC,25.690000534057617,14243.333333333334,30,etf,365911.240940094
IBID,25.834999084472656,52453.333333333336,30,etf,1355131.8186442058
IBIE,25.78499984741211,145003.33333333334,30,etf,3738910.9278742475
IBIF,25.725000381469727,38623.333333333336,30,etf,993585.2647336324
IBIG,25.6200008392334,33710.0,30,etf,863650.2282905579
IBIH,25.579999923706055,27093.333333333332,30,etf,693047.4645996094
IBII,25.21500015258789,17893.333333333332,30,etf,451180.40273030597
IBIJ,25.19499969482422,20640.0,30,etf,520024.7937011719
IBIK,24.985000610351562,16396.666666666668,30,etf,409670.7266743978
IBIL,24.735000610351562,18870.0,30,etf,466749.461517334
IBIM,24.59000015258789,17360.0,30,etf,426882.4026489258
IBIT,45.22999954223633,51517660.0,30,etf,2330143738.217087
IBLC,48.222999572753906,12103.333333333334,30,etf,583659.0381622314
IBMO,25.610000610351562,79953.33333333333,30,etf,2047604.9154663084
IBMP,25.329999923706055,77396.66666666667,30,etf,1960457.5607617698
IBMQ,25.440000534057617,73573.33333333333,30,etf,1871705.639292399
IBMR,25.174999237060547,63920.0,30,etf,1609185.9512329102
IBMS,25.600000381469727,68323.33333333333,30,etf,1749077.3593966165
IBMT,25.364999771118164,54586.666666666664,30,etf,1384590.7875061035
IBMU,24.829999923706055,15113.333333333334,30,etf,375264.06551361084
IBMV,24.670000076293945,11083.333333333334,30,etf,273425.83417892456
IBMW,24.420000076293945,10430.0,30,etf,254700.60079574585
IBMX,24.110000610351562,3803.3333333333335,30,etf,91698.36898803711
IBND,31.040000915527344,66330.0,30,etf,2058883.2607269287
IBOT,65.08999633789062,15513.333333333334,30,etf,1009762.8098551433
IBRN,39.060001373291016,3133.3333333333335,30,etf,122388.00430297852
IBTG,22.834999084472656,596973.3333333334,30,etf,13631885.520121258
IBTH,22.315000534057617,511886.6666666667,30,etf,11422751.24004364
IBTI,22.014999389648438,474043.3333333333,30,etf,10436063.694000244
IBTJ,21.459999084472656,285660.0,30,etf,6130263.338470459
IBTK,19.290000915527344,278516.6666666667,30,etf,5372586.754989624
IBTL,19.854999542236328,294123.3333333333,30,etf,5839818.648694356
IBTM,22.256999969482422,132836.66666666666,30,etf,2956545.6859461465
IBTO,23.604999542236328,153640.0,30,etf,3626672.1296691895
IBTP,24.795000076293945,73256.66666666667,30,etf,1816399.0555890403
IBTQ,24.434999465942383,75676.66666666667,30,etf,1849159.3095842998
IBTR,24.260000228881836,10756.666666666666,30,etf,260956.73579533893
IBUF,32.24100112915039,15226.666666666666,30,etf,490922.9771931966
IBUY,71.6729965209961,16046.666666666666,30,etf,1150112.684173584
IBX,17.809999465942383,406103.3333333333,30,etf,7232700.149784088
ICAP,28.68600082397461,23446.666666666668,30,etf,672591.099319458
ICF,66.94000244140625,142536.66666666666,30,etf,9541404.814656574
ICLN,17.770000457763672,7351740.0,30,etf,130640423.1653595
ICLO,25.625,120093.33333333333,30,etf,3077391.6666666665
ICOP,57.310001373291016,125036.66666666667,30,etf,7165851.538378398
ICOW,44.58000183105469,128280.0,30,etf,5718722.634887695
ICPI,50.224998474121094,11633.333333333334,30,etf,584284.1489156088
ICPY,13.404999732971191,27996.666666666668,30,etf,375295.3091907501
ICSH,50.41999816894531,1671523.3333333333,30,etf,84278203.40601602
ICVT,114.77999877929688,535086.6666666666,30,etf,61417246.94681803
IDEC,35.513999938964844,1656.6666666666667,30,etf,58834.85989888509
IDEF,32.2599983215332,416376.6666666667,30,etf,13432310.567792257
IDEQ,36.29999923706055,274473.3333333333,30,etf,9963381.790593464
IDEV,93.41000366210938,1544070.0,30,etf,144231584.35455322
IDGT,113.91999816894531,22213.333333333332,30,etf,2530542.892659505
IDHQ,45.41999816894531,138923.33333333334,30,etf,6309897.545623779
IDLV,36.2400016784668,44160.0,30,etf,1600358.4741210938
IDMO,63.459999084472656,317693.3333333333,30,etf,20160818.6424764
IDNA,39.77000045776367,84893.33333333333,30,etf,3376207.9055277505
IDOG,44.45000076293945,39780.0,30,etf,1768221.0303497314
IDRV,36.90599822998047,53056.666666666664,30,etf,1958109.2460886636
IDU,109.61000061035156,146203.33333333334,30,etf,16025347.455902101
IDUB,28.60700035095215,29430.0,30,etf,841904.0203285217
IDV,45.2400016784668,628343.3333333334,30,etf,28426253.454653423
IDVO,43.150001525878906,252540.0,30,etf,10897101.385345459
IDVY,27.360000610351562,816.6666666666666,30,etf,22344.000498453774
IDVZ,34.54999923706055,19783.333333333332,30,etf,683514.1515731812
IDX,11.84000015258789,27296.666666666668,30,etf,323192.5374984741
IDYN,31.304000854492188,10586.666666666666,30,etf,331405.02237955725
IEF,92.25,7707073.333333333,30,etf,710977515.0
IEFA,101.08000183105469,7264956.666666667,30,etf,734341833.1691997
IEI,115.66000366210938,1263490.0,30,etf,146135258.02703857
IEMG,83.6500015258789,9404146.666666666,30,etf,786656883.0162556
IEO,138.66000366210938,117860.0,30,etf,16342468.031616211
IETC,110.0250015258789,22973.333333333332,30,etf,2527641.0350545244
IEUR,77.58000183105469,1035220.0,30,etf,80312369.49554443
IEUS,73.9000015258789,4946.666666666667,30,etf,365558.674214681
IEV,75.01000213623047,103790.0,30,etf,7785288.12171936
IEZ,30.549999237060547,150733.33333333334,30,etf,4604903.218332927
IFEB,32.23899841308594,8430.0,30,etf,271774.75662231445
IFED,50.08700180053711,1373.3333333333333,30,etf,68786.1491394043
IFGL,22.420000076293945,9050.0,30,etf,202901.0006904602
IFLN,18.149999618530273,25826.666666666668,30,etf,468753.99014790857
IFLO,37.400001525878906,94070.0,30,etf,3518218.1435394287
IFLR,54.5359992980957,13430.0,30,etf,732418.4705734253
IFRA,59.2599983215332,499990.0,30,etf,29629406.560783386
IFV,26.389999389648438,43646.666666666664,30,etf,1151835.506693522
IG,20.09000015258789,26906.666666666668,30,etf,540554.9374389648
IGBH,24.5,133993.33333333334,30,etf,3282836.666666667
IGCB,44.637001037597656,263.3333333333333,30,etf,11754.410273234049
IGE,66.0199966430664,171660.0,30,etf,11332992.62374878
IGEB,43.92499923706055,326680.0,30,etf,14349418.75076294
IGF,65.08000183105469,910566.6666666666,30,etf,59259680.33396403
IGGY,29.56800079345703,143.33333333333334,30,etf,4238.080113728842
IGHG,77.58000183105469,22650.0,30,etf,1757187.0414733887
IGIB,51.83000183105469,2244880.0,30,etf,116352134.51049805
IGLB,47.7400016784668,2157203.3333333335,30,etf,102984890.7541275
IGLD,21.469999313354492,363460.0,30,etf,7803485.950431824
IGM,161.74000549316406,312506.6666666667,30,etf,50544829.98331706
IGOV,41.380001068115234,161966.66666666666,30,etf,6702180.8396657305
IGPT,95.20999908447266,154863.33333333334,30,etf,14744537.824885052
IGRO,93.5199966430664,34840.0,30,etf,3258236.6830444336
IGSB,51.86000061035156,2779436.6666666665,30,etf,144141587.22976685
IGV,104.56999969482422,12835706.666666666,30,etf,1342229842.2161865
IHAK,63.040000915527344,168383.33333333334,30,etf,10614885.48749288
IHDG,53.209999084472656,113743.33333333333,30,etf,6052282.662531534
IHE,104.68000030517578,231323.33333333334,30,etf,24214926.603927612
IHF,57.41999816894531,564913.3333333334,30,etf,32437322.565612797
IHI,53.630001068115234,2470246.6666666665,30,etf,132479331.37184142
IHY,21.579999923706055,6440.0,30,etf,138975.199508667
IIGD,24.239999771118164,2963.3333333333335,30,etf,71831.19932174683
IINC,26.149999618530273,14826.666666666666,30,etf,387717.3276774088
IJAN,39.22200012207031,28376.666666666668,30,etf,1112989.6234639487
IJH,75.8499984741211,5834480.0,30,etf,442545299.09729004
IJJ,148.11000061035156,142620.0,30,etf,21123448.28704834
IJK,113.44999694824219,196460.0,30,etf,22288386.40045166
IJR,145.33999633789062,2621206.6666666665,30,etf,380966167.3341878
IJS,137.5399932861328,180090.0,30,etf,24769577.39089966
IJT,170.30999755859375,197353.33333333334,30,etf,33611245.71818034
IJUL,37.04499816894531,29823.333333333332,30,etf,1104805.328725179
IJUN,32.06999969482422,23006.666666666668,30,etf,737823.7929789226
ILCB,106.75,12580.0,30,etf,1342915.0
ILCG,115.66999816894531,60916.666666666664,30,etf,7046230.721791585
ILCV,108.55999755859375,19476.666666666668,30,etf,2114386.885782878
ILDR,39.060001373291016,50060.0,30,etf,1955343.6687469482
ILF,36.06999969482422,2841496.6666666665,30,etf,102492783.8995107
ILIT,14.949999809265137,8200.0,30,etf,122589.99843597412
ILOW,47.4900016784668,50750.0,30,etf,2410117.58518219
ILS,20.270000457763672,45980.0,30,etf,932014.6210479736
ILTB,47.06999969482422,46840.0,30,etf,2204758.7857055664
IMAR,31.34000015258789,6676.666666666667,30,etf,209246.73435211182
IMAY,32.63999938964844,6093.333333333333,30,etf,198886.39628092447
IMCB,98.80000305175781,28663.333333333332,30,etf,2831937.4208068848
IMCG,96.44999694824219,150910.0,30,etf,14555269.039459229
IMCV,97.55000305175781,21070.0,30,etf,2055378.564300537
IMF,53.01599884033203,10170.0,30,etf,539172.7082061768
IMFL,35.099998474121094,76213.33333333333,30,etf,2675087.883707682
IMOM,41.529998779296875,13803.333333333334,30,etf,573252.4164835613
IMTB,42.71500015258789,24403.333333333332,30,etf,1042388.3870569865
IMTG,48.20000076293945,416.6666666666667,30,etf,20083.333651224773
IMTM,54.2599983215332,311403.3333333333,30,etf,16896744.34398651
IMVP,20.040000915527344,27690.0,30,etf,554907.6253509521
INCE,68.77999877929688,80493.33333333333,30,etf,5536331.368408203
INCM,29.450000762939453,391850.0,30,etf,11539982.798957825
INCO,61.18000030517578,14663.333333333334,30,etf,897102.7378082275
IND,23.125,443.3333333333333,30,etf,10252.083333333332
INDA,49.90999984741211,4713083.333333333,30,etf,235229988.4475072
INDE,30.22800064086914,1076.6666666666667,30,etf,32545.480690002445
INDH,38.92499923706055,1060.0,30,etf,41260.49919128418
INDL,45.45000076293945,9730.0,30,etf,442228.5074234009
INDQ,26.1299991607666,733.3333333333334,30,etf,19161.999384562176
INDS,39.29890060424805,9273.0,30,etf,364418.70530319214
INDY,43.7400016784668,102820.0,30,etf,4497346.972579956
INDZ,25.700000762939453,3640.0,30,etf,93548.00277709961
INEQ,42.4739990234375,7266.666666666667,30,etf,308644.3929036459
INFL,55.43000030517578,132893.33333333334,30,etf,7366277.507222494
INFO,28.29199981689453,40993.333333333336,30,etf,1159783.3791605632
INKM,34.650001525878906,12823.333333333334,30,etf,444328.5195668539
INMU,23.459999084472656,205770.0,30,etf,4827364.0116119385
INOV,38.124000549316406,1853.3333333333333,30,etf,70656.4810180664
INQQ,14.039999961853027,13340.0,30,etf,187293.59949111938
INRO,36.94900131225586,2086.6666666666665,30,etf,77100.24940490723
INT,16.530000686645508,30176.666666666668,30,etf,498820.3207206726
INTF,43.40999984741211,214906.66666666666,30,etf,9329098.367207844
INTM,50.82500076293945,353.3333333333333,30,etf,17958.166936238606
INTW,20.924999237060547,4245516.666666667,30,etf,88837433.01092784
INVG,24.82699966430664,1900.0,30,etf,47171.29936218262
INVN,26.844999313354492,4686.666666666667,30,etf,125813.56344858806
INYY,36.29999923706055,42406.666666666664,30,etf,1539361.9676462808
IOCT,38.27899932861328,4480.0,30,etf,171489.9169921875
ION,52.44200134277344,1253.3333333333333,30,etf,65727.30834960938
IONC,11.619999885559082,1100.0,30,etf,12781.99987411499
IONL,12.729999542236328,636570.0,30,etf,8103535.808601379
IONX,23.110000610351562,951830.0,30,etf,21996791.880950928
IONZ,2.759999990463257,8727980.0,30,etf,24089224.716763496
IOO,145.0399932861328,320970.0,30,etf,46553486.64505005
IOPP,26.930999755859375,2356.6666666666665,30,etf,63467.38942464192
IOSX,31.200000762939453,576.6666666666666,30,etf,17992.00043996175
IOYY,6.070000171661377,21606.666666666668,30,etf,131152.47037569684
IPAC,87.13999938964844,104236.66666666667,30,etf,9083183.069712322
IPAV,32.483001708984375,1496.6666666666667,30,etf,48616.22589111328
IPAY,51.40999984741211,51450.0,30,etf,2645044.492149353
IPKW,62.02199935913086,51156.666666666664,30,etf,3172838.747215271
IPO,54.41999816894531,19510.0,30,etf,1061734.164276123
IPOS,23.215999603271484,2563.3333333333335,30,etf,59510.34564971924
IQDF,36.279998779296875,35953.333333333336,30,etf,1304386.889444987
IQDG,44.50899887084961,32180.0,30,etf,1432299.5836639404
IQDY,44.220001220703125,3786.6666666666665,30,etf,167446.4046223958
IQHI,25.834999084472656,2870.0,30,etf,74146.44737243652
IQLT,51.59000015258789,1300800.0,30,etf,67108272.19848633
IQM,106.375,11816.666666666666,30,etf,1256997.9166666665
IQMM,100.12999725341797,1985150.0,30,etf,198773064.04762268
IQQQ,48.29399871826172,43500.0,30,etf,2100788.9442443848
IQSI,39.3849983215332,3126.6666666666665,30,etf,123143.76141866048
IQSM,40.33000183105469,6223.333333333333,30,etf,250987.044728597
IQSU,62.62300109863281,6360.0,30,etf,398282.2869873047
IQSZ,32.7140007019043,170.0,30,etf,5561.3801193237305
IRE,11.329999923706055,8445466.666666666,30,etf,95687136.68899536
IREC,25.010000228881836,3343.3333333333335,30,etf,83616.76743189494
IREG,9.270000457763672,997703.3333333334,30,etf,9248710.356712341
IREX,16.469999313354492,1577446.6666666667,30,etf,25980545.516853333
IREZ,8.680000305175781,1710306.6666666667,30,etf,14845462.38861084
IROC,49.689998626708984,22863.333333333332,30,etf,1136079.001935323
IRTR,32.029998779296875,11866.666666666666,30,etf,380089.31884765625
IRVH,18.959999084472656,493.3333333333333,30,etf,9353.599548339844
ISBG,16.780000686645508,9150.0,30,etf,153537.0062828064
ISCB,75.47000122070312,4076.6666666666665,30,etf,307666.03830973303
ISCF,46.18000030517578,31533.333333333332,30,etf,1456209.342956543
ISCG,63.709999084472656,20030.0,30,etf,1276111.2816619873
ISCV,80.66000366210938,10113.333333333334,30,etf,815741.5037027996
ISEP,35.744998931884766,38780.0,30,etf,1386191.0585784912
ISHG,76.02999877929688,59566.666666666664,30,etf,4528853.59395345
ISHP,36.1510009765625,143.33333333333334,30,etf,5181.643473307292
ISMD,49.060001373291016,33606.666666666664,30,etf,1648743.1128184
ISMF,28.54199981689453,9966.666666666666,30,etf,284468.5981750488
ISPY,48.45000076293945,71010.0,30,etf,3440434.5541763306
ISRA,67.41999816894531,3166.6666666666665,30,etf,213496.6608683268
ISSB,22.81100082397461,1496.6666666666667,30,etf,34140.46456654867
ISTB,47.79999923706055,380316.6666666667,30,etf,18179136.37650808
ISTM,31.295000076293945,5873.333333333333,30,etf,183805.96711476642
ISUL,13.432999610900879,58593.333333333336,30,etf,787084.2238680522
ISVL,55.31999969482422,12896.666666666666,30,etf,713443.5960642496
ISWN,22.474000930786133,1683.3333333333333,30,etf,37831.234900156654
ITA,225.61000061035156,621806.6666666666,30,etf,140285802.44618732
ITAN,44.909000396728516,7723.333333333333,30,etf,346847.1797307332
ITB,93.91000366210938,1754176.6666666667,30,etf,164734737.1906535
ITDB,35.470001220703125,16533.333333333332,30,etf,586437.353515625
ITDC,37.310001373291016,20713.333333333332,30,etf,772814.4951121012
ITDD,39.29999923706055,23730.0,30,etf,932588.9818954468
ITDE,40.941001892089844,18026.666666666668,30,etf,738029.794108073
ITDF,42.63999938964844,14046.666666666666,30,etf,598949.8580932617
ITDG,43.47999954223633,11243.333333333334,30,etf,488860.1281865438
ITDH,43.459999084472656,7186.666666666667,30,etf,312332.5267537435
ITDI,43.45000076293945,3773.3333333333335,30,etf,163951.3362121582
ITDJ,33.744998931884766,3390.0,30,etf,114395.54637908936
ITEQ,62.27199935913086,2743.3333333333335,30,etf,170832.85157521567
ITM,45.33000183105469,347190.0,30,etf,15738123.335723877
ITOT,168.63999938964844,1579733.3333333333,30,etf,266406228.36914062
ITWO,45.61000061035156,28926.666666666668,30,etf,1319345.284322103
IUS,70.13999938964844,60373.333333333336,30,etf,4234585.563151042
IUSB,45.25,3325110.0,30,etf,150461227.5
IUSG,191.91000366210938,474746.6666666667,30,etf,91108634.53857422
IUSV,114.68000030517578,514653.3333333333,30,etf,59020444.423726395
IVAL,37.33700180053711,15790.0,30,etf,589551.258430481
IVE,236.8000030517578,562536.6666666666,30,etf,133208684.38339232
IVEP,26.200000762939453,11820.0,30,etf,309684.00901794434
IVES,39.63999938964844,276806.6666666667,30,etf,10972616.097717285
IVLU,44.959999084472656,736046.6666666666,30,etf,33092657.459462482
IVOG,141.39999389648438,22686.666666666668,30,etf,3207894.528198242
IVOL,17.059999465942383,226206.66666666666,30,etf,3859085.61252594
IVOO,128.38999938964844,70850.0,30,etf,9096431.456756592
IVOV,114.51000213623047,12880.0,30,etf,1474888.8275146484
IVSI,30.058000564575195,493.3333333333333,30,etf,14828.613611857096
IVSS,30.476999282836914,2073.3333333333335,30,etf,63188.97851308187
IVSX,26.239999771118164,293.3333333333333,30,etf,7697.066599527994
IVV,773.9199829101562,5243743.333333333,30,etf,4058237750.9185786
IVVB,35.513999938964844,14893.333333333334,30,etf,528921.8390909832
IVVM,37.874000549316406,19126.666666666668,30,etf,724403.3838399252
IVVW,45.54999923706055,44333.333333333336,30,etf,2019383.2995096843
IVW,140.5500030517578,1285916.6666666667,30,etf,180735591.42430624
IWB,421.5,491563.3333333333,30,etf,207193945.0
IWC,196.6199951171875,52733.333333333336,30,etf,10368427.742513021
IWD,257.6300048828125,1487346.6666666667,30,etf,383185128.99576825
IWF,123.41000366210938,3378776.6666666665,30,etf,416974840.806783
IWFG,54.6870002746582,413.3333333333333,30,etf,22603.96011352539
IWL,191.14999389648438,46853.333333333336,30,etf,8956014.380696615
PEXL,71.33999633789062,2323.3333333333335,30,etf,165746.59149169922
PEY,24.729999542236328,293673.3333333333,30,etf,7262541.39890035
PEZ,96.66999816894531,566.6666666666666,30,etf,54779.66562906901
PFDE,28.577999114990234,15823.333333333334,30,etf,452199.2059961955
PFEB,44.04999923706055,23710.0,30,etf,1044425.4819107056
PFF,30.360000610351562,2462843.3333333335,30,etf,74771925.10320029
PFFA,20.959999084472656,670870.0,30,etf,14061434.58580017
PFFD,18.260000228881836,721546.6666666666,30,etf,13175442.298482258
PFFL,7.28000020980835,1950.0,30,etf,14196.000409126282
PFFR,17.40999984741211,30626.666666666668,30,etf,533210.2619934082
PFFV,21.93000030517578,94093.33333333333,30,etf,2063466.8287150064
PFI,62.83000183105469,6706.666666666667,30,etf,421379.8789469401
PFIG,23.579999923706055,46820.0,30,etf,1104015.5964279175
PFIX,51.02000045776367,205330.0,30,etf,10475936.693992615
PFLD,19.493999481201172,53583.333333333336,30,etf,1044553.4722010295
PFM,57.09000015258789,17546.666666666668,30,etf,1001739.2026774089
PFOE,23.066999435424805,19340.0,30,etf,446115.7690811157
PFRL,49.845001220703125,17530.0,30,etf,873782.8713989258
PFXF,17.90999984741211,680290.0,30,etf,12183993.796195984
PGF,13.300000190734863,181056.66666666666,30,etf,2408053.701200485
PGHY,19.6299991607666,34070.0,30,etf,668794.0714073181
PGJ,23.389999389648438,19516.666666666668,30,etf,456494.82142130536
PGRI,26.725000381469727,173.33333333333334,30,etf,4632.333399454753
PGRO,47.040000915527344,9826.666666666666,30,etf,462246.40899658203
PGX,10.489999771118164,3673420.0,30,etf,38534174.959220886
PHDG,41.400001525878906,4033.3333333333335,30,etf,166980.00615437826
PHEQ,35.41999816894531,21190.0,30,etf,750549.7611999512
PHO,70.55000305175781,77056.66666666667,30,etf,5436348.068491618
PHYL,34.52000045776367,147733.33333333334,30,etf,5099754.73429362
PHYS,33.599998474121094,4449580.0,30,etf,149505881.21047974
PICB,23.139999389648438,78766.66666666667,30,etf,1822660.6185913086
PICK,65.05999755859375,728043.3333333334,30,etf,47366497.489217125
PID,22.90999984741211,55920.0,30,etf,1281127.1914672852
PIE,34.189998626708984,71443.33333333333,30,etf,2442647.4685541787
PIEL,29.533000946044922,100.0,30,etf,2953.300094604492
PIEQ,37.32099914550781,30783.333333333332,30,etf,1148864.7570292153
PIFI,92.87000274658203,823.3333333333334,30,etf,76462.96892801921
PILL,20.989999771118164,54316.666666666664,30,etf,1140106.8209012349
PINK,39.72200012207031,67020.0,30,etf,2662168.4481811523
PIO,44.25,6243.333333333333,30,etf,276267.5
PIT,80.30000305175781,54433.333333333336,30,etf,4370996.832784018
PIZ,54.22999954223633,96200.0,30,etf,5216925.955963135
PJAN,50.65999984741211,50980.0,30,etf,2582646.7922210693
PJFG,117.92500305175781,1743.3333333333333,30,etf,205582.58865356445
PJFM,66.39199829101562,553.3333333333334,30,etf,36736.90572102865
PJFV,100.60700225830078,17563.333333333332,30,etf,1766994.3163299558
PJIO,63.11899948120117,26000.0,30,etf,1641093.9865112305
PJP,129.14999389648438,36126.666666666664,30,etf,4665758.779500325
PJUL,49.84000015258789,52563.333333333336,30,etf,2619756.541353862
PJUN,44.13999938964844,92910.0,30,etf,4101047.3432922363
PJUS,52.88999938964844,280.0,30,etf,14809.199829101562
PKB,97.41000366210938,51160.0,30,etf,4983495.787353516
PKW,153.52999877929688,35853.333333333336,30,etf,5504562.222900391
PLA,25.989999771118164,3140.0,30,etf,81608.59928131104
PLTD,5.179999828338623,31162186.666666668,30,etf,161420121.58398947
PLTG,17.56100082397461,278883.3333333333,30,etf,4897470.446459452
PLTM,17.459999084472656,150523.33333333334,30,etf,2628137.2621917725
PLTU,49.630001068115234,2158973.3333333335,30,etf,107149848.83936565
PLTW,23.850000381469727,182880.0,30,etf,4361688.069763184
PLTY,35.61000061035156,251116.66666666666,30,etf,8942264.65326945
PLTZ,9.289999961853027,4719910.0,30,etf,43847963.71994972
PLU,5.815000057220459,158540.0,30,etf,921910.1090717316
PLUL,7.816999912261963,51633.333333333336,30,etf,403617.76213645935
PLYY,8.149999618530273,7890.0,30,etf,64303.49699020386
PMAP,27.575000762939453,333.3333333333333,30,etf,9191.666920979816
PMAR,48.880001068115234,31220.0,30,etf,1526033.6333465576
PMAU,26.96500015258789,5003.333333333333,30,etf,134914.8840967814
PMAY,42.255001068115234,25356.666666666668,30,etf,1071445.977083842
PMBS,48.30500030517578,87350.0,30,etf,4219441.7766571045
PMDE,26.18000030517578,716.6666666666666,30,etf,18762.33355204264
PMFB,27.628000259399414,186.66666666666666,30,etf,5157.226715087891
PMIO,49.95500183105469,3473.3333333333335,30,etf,173510.37302652997
PMJA,27.780000686645508,253.33333333333334,30,etf,7037.600173950195
PMJL,26.926000595092773,1410.0,30,etf,37965.66083908081
PMJN,26.985000610351562,1250.0,30,etf,33731.25076293945
PMMF,100.30999755859375,152946.66666666666,30,etf,15342079.759928385
PMMR,27.400999069213867,100.0,30,etf,2740.0999069213867
PMMY,27.094999313354492,130.0,30,etf,3522.349910736084
PMNV,26.334999084472656,220.0,30,etf,5793.699798583984
PMOC,26.434999465942383,273.3333333333333,30,etf,7225.566520690917
PMSE,26.68000030517578,3173.3333333333335,30,etf,84664.53430175781
PNOV,45.55500030517578,28380.0,30,etf,1292850.9086608887
PNQI,52.13999938964844,36460.0,30,etf,1901024.377746582
POCT,47.529998779296875,49370.0,30,etf,2346556.0397338867
PONX,16.413000106811523,7183.333333333333,30,etf,117900.05076726277
POW,26.010000228881836,32043.333333333332,30,etf,833447.107334137
POWA,90.20999908447266,3403.3333333333335,30,etf,307014.6968841553
POWR,25.760000228881836,223526.66666666666,30,etf,5758046.984494527
PPA,165.17999267578125,182373.33333333334,30,etf,30124425.864257812
PPH,114.20999908447266,272463.3333333333,30,etf,31118037.050552364
PPI,21.347999572753906,24676.666666666668,30,etf,526797.4694569906
PPLT,16.5,2701833.3333333335,30,etf,44580250.0
PPTY,33.18899917602539,2403.3333333333335,30,etf,79764.22801971436
PQAP,32.67499923706055,3720.0,30,etf,121550.99716186523
PQDI,19.149999618530273,14183.333333333334,30,etf,271610.82792282104
PQJA,32.31999969482422,3790.0,30,etf,122492.79884338379
PQJL,31.07699966430664,5133.333333333333,30,etf,159528.59827677408
PQNT,23.75,440.0,30,etf,10450.0
PQOC,32.05500030517578,3900.0,30,etf,125014.50119018555
PQUS,28.59000015258789,86683.33333333333,30,etf,2478276.5132268267
PQV,25.709999084472656,373.3333333333333,30,etf,9598.399658203125
PQX,25.559999465942383,706.6666666666666,30,etf,18062.39962259928
PQXV,25.479999542236328,143.33333333333334,30,etf,3652.1332677205405
PQXX,25.40999984741211,673.3333333333334,30,etf,17109.39989725749
PRAB,24.81999969482422,233.33333333333334,30,etf,5791.333262125651
PRAE,41.52299880981445,403.3333333333333,30,etf,16747.609519958496
PRAY,35.650001525878906,11263.333333333334,30,etf,401537.8505198161
PRCS,29.170000076293945,18830.0,30,etf,549271.101436615
PREF,18.780000686645508,218560.0,30,etf,4104556.950073242
PRF,56.33000183105469,264206.6666666667,30,etf,14882762.01711019
PRFD,50.36000061035156,13180.0,30,etf,663744.8080444336
PRFZ,54.81999969482422,76423.33333333333,30,etf,4189527.1100107827
PRIV,24.68600082397461,55303.333333333336,30,etf,1365218.1322352092
PRIZ,25.18000030517578,6130.0,30,etf,154353.40187072754
PRMR,28.746000289916992,25746.666666666668,30,etf,740113.6874643962
PRN,200.35000610351562,51660.0,30,etf,10350081.315307617
PRNT,25.049999237060547,5906.666666666667,30,etf,147961.99549357098
PRVS,33.323001861572266,7870.0,30,etf,262252.02465057373
PRXG,40.02000045776367,5733.333333333333,30,etf,229448.00262451172
PRXI,26.020000457763672,2083.3333333333335,30,etf,54208.33428700765
PRXV,36.38999938964844,18013.333333333332,30,etf,655505.1890055338
PSC,69.16200256347656,136983.33333333334,30,etf,9474041.651153564
PSCC,35.970001220703125,16190.0,30,etf,582354.3197631836
PSCD,116.91999816894531,776.6666666666666,30,etf,90807.86524454752
PSCE,63.33000183105469,18393.333333333332,30,etf,1164849.8336791992
PSCF,66.66999816894531,3596.6666666666665,30,etf,239789.7600809733
PSCH,54.36000061035156,28990.0,30,etf,1575896.4176940918
PSCI,171.8800048828125,5603.333333333333,30,etf,963100.9606933594
PSCJ,32.29999923706055,733.3333333333334,30,etf,23686.666107177734
PSCM,100.58000183105469,1520.0,30,etf,152881.60278320312
PSCQ,32.03499984741211,713.3333333333334,30,etf,22851.633224487305
PSCT,78.30000305175781,35616.666666666664,30,etf,2788785.1086934404
PSCU,64.54000091552734,1773.3333333333333,30,etf,114450.93495686848
PSCW,30.610000610351562,856.6666666666666,30,etf,26222.567189534504
PSCX,33.44499969482422,1536.6666666666667,30,etf,51393.81619771322
PSDM,50.70000076293945,34200.0,30,etf,1733940.0260925293
PSEP,47.0,237033.33333333334,30,etf,11140566.666666668
PSET,79.44400024414062,1633.3333333333333,30,etf,129758.53373209634
PSFD,40.8650016784668,1143.3333333333333,30,etf,46722.3185857137
PSFF,35.09000015258789,50573.333333333336,30,etf,1774618.274383545
PSFJ,36.0099983215332,12930.0,30,etf,465609.2782974243
PSFM,35.65999984741211,230.0,30,etf,8201.799964904785
PSFO,35.64899826049805,1956.6666666666667,30,etf,69753.20659637451
PSH,49.689998626708984,23406.666666666668,30,etf,1163077.2345225017
PSI,136.0,441223.3333333333,30,etf,60006373.33333333
PSIL,24.860000610351562,36310.0,30,etf,902666.6221618652
PSK,29.350000381469727,122733.33333333333,30,etf,3602223.3801523843
PSL,113.87000274658203,1413.3333333333333,30,etf,160936.2705485026
PSLV,21.700000762939453,7433730.0,30,etf,161311946.6714859
PSMD,35.11899948120117,1570.0,30,etf,55136.82918548584
PSMJ,34.55400085449219,8576.666666666666,30,etf,296358.14732869464
PSMO,33.35300064086914,1310.0,30,etf,43692.430839538574
PSMR,32.845001220703125,1600.0,30,etf,52552.001953125
PSP,62.4900016784668,21530.0,30,etf,1345409.7361373901
PSQ,25.770000457763672,8303380.0,30,etf,213978106.40098572
PSQA,20.69499969482422,149876.66666666666,30,etf,3101697.5709279375
PSQO,20.844999313354492,61293.333333333336,30,etf,1277659.4912465415
PSR,102.0999984741211,1200.0,30,etf,122519.99816894531
PST,23.799999237060547,5143.333333333333,30,etf,122411.3294092814
PSTP,37.54999923706055,5886.666666666667,30,etf,221044.3288421631
PSTR,32.12900161743164,4900.0,30,etf,157432.10792541504
PSWD,44.45899963378906,1996.6666666666667,30,etf,88769.80260213217
PTBD,18.93000030517578,11320.0,30,etf,214287.60345458984
PTEU,34.029998779296875,1240.0,30,etf,42197.198486328125
PTF,100.16000366210938,149860.0,30,etf,15009978.148803711
PTH,61.130001068115234,47893.333333333336,30,etf,2927719.5178222656
PTIN,38.018001556396484,8220.0,30,etf,312507.9727935791
PTIR,18.489999771118164,4681180.0,30,etf,86555017.12856293
PTL,280.8420104980469,13556.666666666666,30,etf,3807281.522318522
PTLC,60.02000045776367,103716.66666666667,30,etf,6225074.380811056
PTMC,41.095001220703125,16900.0,30,etf,694505.5206298828
PTNQ,86.6500015258789,40383.333333333336,30,etf,3499215.89495341
PTRB,40.709999084472656,171996.66666666666,30,etf,7001984.142532349
PUI,44.38999938964844,3656.6666666666665,30,etf,162319.4311014811
PUL,36.810001373291016,1866.6666666666667,30,etf,68712.00256347656
PULS,49.560001373291016,2691296.6666666665,30,etf,133380666.49593352
PUSH,50.29999923706055,35003.333333333336,30,etf,1760667.639961243
PVAL,54.13999938964844,1500526.6666666667,30,etf,81238512.81748454
PVI,24.809999465942383,6836.666666666667,30,etf,169617.6963488261
PWB,156.08999633789062,105886.66666666667,30,etf,16527849.412231445
PWER,46.279998779296875,1290.0,30,etf,59701.19842529297
PWRD,107.5199966430664,83720.0,30,etf,9001574.11895752
PWRZ,30.302000045776367,390.0,30,etf,11817.780017852783
PWS,33.040000915527344,920.0,30,etf,30396.800842285156
PWV,82.58000183105469,151466.66666666666,30,etf,12508117.610677082
PWZ,23.469999313354492,485476.6666666667,30,etf,11394137.033316296
PXE,41.68000030517578,14726.666666666666,30,etf,613807.4711608887
PXF,80.44000244140625,105730.0,30,etf,8504921.458129883
PXH,30.299999237060547,173553.33333333334,30,etf,5258665.867589315
PXI,64.97000122070312,10386.666666666666,30,etf,674821.7460123698
PXJ,47.38999938964844,70143.33333333333,30,etf,3324092.5238545733
PY,57.90999984741211,12246.666666666666,30,etf,709204.4647979736
PYLD,26.030000686645508,3409403.3333333335,30,etf,88746771.10771815
PYPG,7.644999980926514,391926.6666666667,30,etf,2996279.359191259
PYPU,33.5,5416.666666666667,30,etf,181458.33333333334
PYPY,26.959999084472656,27680.0,30,etf,746252.7746582031
PYZ,125.16000366210938,2196.6666666666665,30,etf,274934.8080444336
PZA,22.420000076293945,1596756.6666666667,30,etf,35799284.58848953
PZIV,30.75,1943.3333333333333,30,etf,59757.5
PZLV,31.8700008392334,1670.0,30,etf,53222.901401519775
PZT,21.450000762939453,30603.333333333332,30,etf,656441.5233484904
QABA,68.62000274658203,12523.333333333334,30,etf,859351.1677296957
QAI,36.54999923706055,54606.666666666664,30,etf,1995873.6250050862
QALT,26.492000579833984,18446.666666666668,30,etf,488689.1040293376
QARP,68.23999786376953,1270.0,30,etf,86664.7972869873
QAT,17.229999542236328,18280.0,30,etf,314964.3916320801
QB,48.80500030517578,4506.666666666667,30,etf,219947.86804199222
QBER,23.844999313354492,15250.0,30,etf,363636.239528656
QBF,18.125,3253.3333333333335,30,etf,58966.66666666667
QBIF,26.600000381469727,3526.6666666666665,30,etf,93809.3346786499
QBIG,41.625999450683594,3656.6666666666665,30,etf,152212.40465799966
QBIV,27.549999237060547,323.3333333333333,30,etf,8907.833086649576
QBKF,26.149999618530273,2516.6666666666665,30,etf,65810.83237330118
QBKV,27.489999771118164,2936.6666666666665,30,etf,80728.965994517
QBQF,25.979999542236328,5016.666666666667,30,etf,130332.99770355226
QBQV,26.8700008392334,2763.3333333333335,30,etf,74250.76898574829
QBSF,27.434999465942383,13363.333333333334,30,etf,366623.0428632101
QBSV,27.350000381469727,2796.6666666666665,30,etf,76488.834400177
QBTX,5.880000114440918,2202873.3333333335,30,etf,12952895.452098846
QBTZ,4.019999980926514,3898053.3333333335,30,etf,15670174.325650534
QBUF,30.764999389648438,21146.666666666668,30,etf,650577.187093099
QBUL,24.114999771118164,29500.0,30,etf,711392.4932479858
QBY,5.804999828338623,12776.666666666666,30,etf,74168.5478067398
QCAP,25.2549991607666,10373.333333333334,30,etf,261978.52462768558
QCJA,23.739999771118164,3016.6666666666665,30,etf,71615.66597620645
QCJL,25.75200080871582,47620.0,30,etf,1226310.2785110474
QCLN,49.43000030517578,186373.33333333334,30,etf,9212433.923543295
QCLR,27.809999465942383,893.3333333333334,30,etf,24843.59952290853
QCMD,17.634000778198242,19140.0,30,etf,337514.77489471436
QCML,15.8100004196167,409766.6666666667,30,etf,6478411.171944937
QCMU,19.658000946044922,109146.66666666667,30,etf,2145605.2765909834
QCOC,24.385000228881836,7386.666666666667,30,etf,180123.8683573405
QDEC,36.29600143432617,25950.0,30,etf,941881.2372207642
QDEF,91.4800033569336,5940.0,30,etf,543391.2199401855
QDF,92.56999969482422,24546.666666666668,30,etf,2272284.925842285
QDIV,40.487998962402344,1660.0,30,etf,67210.07827758789
QDPL,46.439998626708984,125563.33333333333,30,etf,5831161.027565002
QDTE,28.84000015258789,493850.0,30,etf,14242634.07535553
QDTY,39.02299880981445,15960.0,30,etf,622807.0610046387
QDVO,29.75,213096.66666666666,30,etf,6339625.833333333
QEFA,101.87999725341797,28783.333333333332,30,etf,2932445.920944214
QEMM,83.13999938964844,4310.0,30,etf,358333.39736938477
QETH,24.450000762939453,43253.333333333336,30,etf,1057544.0329996746
QEW,29.959999084472656,18760.0,30,etf,562049.582824707
QFF,24.889999389648438,6673.333333333333,30,etf,166099.26259358722
QFHD,27.841999053955078,300.0,30,etf,8352.599716186523
QFLR,35.38100051879883,71973.33333333333,30,etf,2546488.5440063477
QGRD,29.46299934387207,84600.0,30,etf,2492569.744491577
QGRO,118.48999786376953,72376.66666666667,30,etf,8575911.078720093
QGRW,67.62999725341797,210076.66666666666,30,etf,14207484.389673868
QHY,45.58300018310547,17820.0,30,etf,812289.0632629395
QID,14.149999618530273,24447466.666666668,30,etf,345931644.0073649
QIDX,11.675000190734863,4773.333333333333,30,etf,55728.66757710774
QIG,43.3849983215332,1220.0,30,etf,52929.69795227051
QINT,73.0999984741211,82720.0,30,etf,6046831.873779297
QIS,11.222999572753906,600.0,30,etf,6733.799743652344
QJUN,33.577999114990234,66763.33333333333,30,etf,2241779.1475804644
QLC,93.23600006103516,31716.666666666668,30,etf,2957135.135269165
QLD,90.68000030517578,4094490.0,30,etf,371288354.4495392
QLDY,40.83599853515625,34546.666666666664,30,etf,1410747.6293945312
QLTA,46.22999954223633,144553.33333333334,30,etf,6682700.533828735
QLTI,27.559999465942383,22383.333333333332,30,etf,616884.654712677
QLTY,43.040000915527344,384660.0,30,etf,16555766.752166748
QLV,79.88400268554688,6850.0,30,etf,547205.4183959961
QLVD,34.86000061035156,1400.0,30,etf,48804.00085449219
QLVE,34.643001556396484,250.0,30,etf,8660.750389099121
QMAG,25.905000686645508,60733.333333333336,30,etf,1573297.0417022705
QMAR,37.97999954223633,8520.0,30,etf,323589.5960998535
QMFE,24.729000091552734,8546.666666666666,30,etf,211350.52078247067
QMID,30.375999450683594,260.0,30,etf,7897.759857177734
QMMY,26.597000122070312,23840.0,30,etf,634072.4829101562
QMNV,25.604999542236328,18076.666666666668,30,etf,462853.04172515875
QMOM,73.43000030517578,15710.0,30,etf,1153585.3047943115
QNTU,7.480000019073486,39780.0,30,etf,297554.4007587433
QNXT,31.469999313354492,2976.6666666666665,30,etf,93675.6979560852
QOWZ,37.28200149536133,3116.6666666666665,30,etf,116195.57132720947
QPUX,13.5600004196167,216906.66666666666,30,etf,2941254.491017659
QPX,48.766998291015625,1203.3333333333333,30,etf,58682.9546101888
QQA,56.3129997253418,110960.0,30,etf,6248490.449523926
QQDN,20.47800064086914,1720.0,30,etf,35222.16110229492
QQEW,161.36000061035156,45896.666666666664,30,etf,7405886.161346436
QQH,84.41999816894531,43920.0,30,etf,3707726.319580078
QQHG,66.41500091552734,2226.6666666666665,30,etf,147884.06870524088
QQLV,25.200000762939453,1080.0,30,etf,27216.00082397461
QQMG,50.090999603271484,14483.333333333334,30,etf,725484.6442540487
QQQ,718.9600219726562,36224956.666666664,30,etf,26044295641.025185
QQQA,68.16400146484375,31283.333333333332,30,etf,2132397.1791585283
QQQD,12.274999618530273,58400.0,30,etf,716859.977722168
QQQE,120.75,154963.33333333334,30,etf,18711822.5
QQQG,30.847999572753906,43630.0,30,etf,1345898.221359253
QQQH,54.707000732421875,28396.666666666668,30,etf,1553496.4641316733
QQQI,54.75,4586990.0,30,etf,251137702.5
QQQJ,45.2599983215332,142530.0,30,etf,6450907.560768127
QQQM,296.07000732421875,3027950.0,30,etf,896485178.6773682
QQQP,219.38900756835938,2720.0,30,etf,596738.1005859375
QQQS,44.74599838256836,4653.333333333333,30,etf,208218.04580688477
QQQT,17.760000228881836,38433.333333333336,30,etf,682576.0087966919
QQQU,58.566001892089844,30536.666666666668,30,etf,1788410.477778117
QQQY,22.344999313354492,89410.0,30,etf,1997866.3886070251
QQUP,63.64799880981445,2610.0,30,etf,166121.27689361572
QQWZ,29.416000366210938,14873.333333333334,30,etf,437513.9787801107
QQXL,54.77799987792969,1666.6666666666667,30,etf,91296.66646321616
QQXT,101.52999877929688,3026.6666666666665,30,etf,307297.4629720052
QRMI,15.241000175476074,7240.0,30,etf,110344.84127044678
QSIG,48.02000045776367,4486.666666666667,30,etf,215449.73538716635
QSIX,42.29999923706055,2113.3333333333335,30,etf,89393.99838765463
QSML,34.650001525878906,1920.0,30,etf,66528.0029296875
QSOL,10.260000228881836,15840.0,30,etf,162518.40362548828
UFOX,81.37999725341797,25563.333333333332,30,etf,2080343.9964548745
UGA,133.22000122070312,46236.666666666664,30,etf,6159648.789774576
UGE,19.030000686645508,36170.0,30,etf,688315.124835968
UGL,52.40999984741211,3032576.6666666665,30,etf,158937342.6372655
UITB,46.005001068115234,162630.0,30,etf,7481793.323707581
UIVM,79.04000091552734,4416.666666666667,30,etf,349093.3373769125
UJAN,46.36000061035156,20940.0,30,etf,970778.4127807617
UJB,78.58999633789062,8063.333333333333,30,etf,633697.337137858
UJUL,41.474998474121094,15246.666666666666,30,etf,632355.4767354329
UJUN,39.209999084472656,16360.0,30,etf,641475.5850219727
ULE,12.739999771118164,4190.0,30,etf,53380.59904098511
ULST,40.290000915527344,70800.0,30,etf,2852532.064819336
ULTI,6.820000171661377,74193.33333333333,30,etf,505998.5460694631
ULTY,26.260000228881836,446086.6666666667,30,etf,11714235.968767803
ULVM,108.80799865722656,3276.6666666666665,30,etf,356527.5422668457
UMAR,43.18000030517578,44400.0,30,etf,1917192.0135498047
UMAY,38.79999923706055,6386.666666666667,30,etf,247802.6617940267
UMDD,34.849998474121094,5586.666666666667,30,etf,194695.32480875653
UMI,61.34000015258789,18886.666666666668,30,etf,1158508.13621521
UMMA,37.63999938964844,48290.0,30,etf,1817635.570526123
UN,21.8799991607666,106.66666666666667,30,etf,2333.8665771484375
UNG,10.5600004196167,10698333.333333334,30,etf,112974404.48919933
UNHG,20.010000228881836,465943.3333333333,30,etf,9323526.206645966
UNHU,48.88999938964844,2190.0,30,etf,107069.09866333008
UNHW,47.680999755859375,5750.0,30,etf,274165.7485961914
UNIY,47.486000061035156,9863.333333333334,30,etf,468370.24726867676
UNL,5.860000133514404,46260.0,30,etf,271083.60617637634
UNOV,41.22999954223633,4256.666666666667,30,etf,175502.36471811932
UNX,92.04100036621094,7616.666666666667,30,etf,701045.6194559734
UOCT,42.09000015258789,7903.333333333333,30,etf,332651.30120595294
UPAL,27.450000762939453,806.6666666666666,30,etf,22143.000615437824
UPAR,16.368999481201172,15416.666666666666,30,etf,252355.40866851807
UPGD,82.51000213623047,713.3333333333334,30,etf,58857.134857177734
UPGR,23.618999481201172,460.0,30,etf,10864.739761352539
UPLT,26.479999542236328,2213.3333333333335,30,etf,58609.06565348308
UPRO,151.8800048828125,1971086.6666666667,30,etf,299368652.55777997
UPSC,16.799999237060547,256.6666666666667,30,etf,4311.999804178874
UPSD,30.464000701904297,10390.0,30,etf,316520.96729278564
UPSX,13.279999732971191,58916.666666666664,30,etf,782413.317600886
UPV,104.56999969482422,453.3333333333333,30,etf,47405.06652832031
UPW,21.18000030517578,23956.666666666668,30,etf,507402.2073109945
URA,46.060001373291016,3384493.3333333335,30,etf,155889767.58122763
URAA,26.670000076293945,71406.66666666667,30,etf,1904415.8054478965
URAN,40.12300109863281,5453.333333333333,30,etf,218804.09932454425
URE,67.38999938964844,4903.333333333333,30,etf,330435.6303405762
URNJ,25.959999084472656,325793.3333333333,30,etf,8457594.635060627
URNM,57.06999969482422,611280.0,30,etf,34885749.41345215
URTH,209.82000732421875,446100.0,30,etf,93600705.26733398
URTY,81.22000122070312,348393.3333333333,30,etf,28296506.958618164
USAF,28.2549991607666,3783.3333333333335,30,etf,106898.08015823364
USAI,47.81999969482422,21503.333333333332,30,etf,1028289.3934377034
USAX,10.979999542236328,129056.66666666667,30,etf,1417042.1409225464
USCA,45.6870002746582,22246.666666666668,30,etf,1016383.4661102295
USCI,107.41999816894531,14280.0,30,etf,1533957.573852539
USCL,86.79199981689453,3516.6666666666665,30,etf,305218.5326894124
USD,88.80000305175781,705553.3333333334,30,etf,62653138.1531779
USDU,26.229999542236328,505430.0,30,etf,13257428.668632507
USDX,25.5,44450.0,30,etf,1133475.0
USE,34.62300109863281,1753.3333333333333,30,etf,60705.66192626953
USEP,42.16999816894531,36063.333333333336,30,etf,1520790.7006327312
USEW,56.80699920654297,1383.3333333333333,30,etf,78583.0155690511
USFE,37.9900016784668,1296.6666666666667,30,etf,49260.36884307861
USFI,24.2450008392334,100.0,30,etf,2424.50008392334
USFR,50.38999938964844,5822603.333333333,30,etf,293400978.4128316
USG,33.875,2186.6666666666665,30,etf,74073.33333333333
USGG,6.559999942779541,418430.0,30,etf,2744900.7760572433
USGX,23.350000381469727,120.0,30,etf,2802.000045776367
USHY,36.61000061035156,9470720.0,30,etf,346723064.98046875
USIG,50.0,2062870.0,30,etf,103143500.0
USIN,48.53499984741211,450.0,30,etf,21840.74993133545
USL,53.47999954223633,9033.333333333334,30,etf,483102.66253153485
USLN,50.52000045776367,346.6666666666667,30,etf,17513.600158691406
USLX,25.1299991607666,1253.3333333333333,30,etf,31496.265614827473
USMC,76.75,86826.66666666667,30,etf,6663946.666666667
USMD,31.079999923706055,263.3333333333333,30,etf,8184.399979909261
USMF,53.0620002746582,17463.333333333332,30,etf,926639.398129781
USMV,100.80000305175781,1869860.0,30,etf,188481893.70635986
USMX,25.920000076293945,100.0,30,etf,2592.0000076293945
USNG,35.369998931884766,6166.666666666667,30,etf,218114.9934132894
USNZ,48.9630012512207,503.3333333333333,30,etf,24644.710629781086
USO,141.9600067138672,5144016.666666667,30,etf,730244640.5362448
USOI,46.09000015258789,173350.0,30,etf,7989701.526451111
USOY,7.34499979019165,309690.0,30,etf,2274672.985024452
USPX,67.35399627685547,65520.0,30,etf,4413033.83605957
USRT,65.33999633789062,448420.0,30,etf,29299761.157836914
USSE,40.619998931884766,29306.666666666668,30,etf,1190436.768697103
USSG,72.2239990234375,12723.333333333334,30,etf,918930.0142415365
USSH,50.11000061035156,870.0,30,etf,43595.70053100586
USSX,24.889999389648438,103.33333333333333,30,etf,2571.966603597005
UST,40.790000915527344,7783.333333333333,30,etf,317482.1737925211
USTB,50.45000076293945,452120.0,30,etf,22809454.344940186
USVM,109.44999694824219,37930.0,30,etf,4151438.384246826
USVN,46.7130012512207,436.6666666666667,30,etf,20398.010546366375
USX,25.139999389648438,233.33333333333334,30,etf,5865.999857584636
USXF,68.37999725341797,54183.333333333336,30,etf,3705056.1845143638
UTEN,42.117000579833984,82596.66666666667,30,etf,3478723.8578923545
UTES,76.16999816894531,176983.33333333334,30,etf,13480820.175933838
UTHY,38.777000427246094,118166.66666666667,30,etf,4582148.88381958
UTRE,48.71500015258789,7036.666666666667,30,etf,342791.21774037683
UTSL,37.959999084472656,172046.66666666666,30,etf,6530891.309153238
UTWO,47.779998779296875,75050.0,30,etf,3585888.9083862305
UTWY,41.08599853515625,2340.0,30,etf,96141.23657226562
UUP,28.079999923706055,1588770.0,30,etf,44612661.47878647
UUPP,25.18000030517578,246.66666666666666,30,etf,6211.066741943359
UUUC,25.979999542236328,1933.3333333333333,30,etf,50227.999114990234
UUUG,4.630000114440918,335563.3333333333,30,etf,1553658.2717355092
UVIX,37.81999969482422,1767860.0,30,etf,66860464.66049194
UVXY,17.530000686645508,6605210.0,30,etf,115789335.83543777
UWM,64.44999694824219,223306.66666666666,30,etf,14392113.9851888
UX,29.649999618530273,2766.6666666666665,30,etf,82031.66561126709
UXAP,44.150001525878906,1993.3333333333333,30,etf,88005.66970825195
UXI,55.970001220703125,4286.666666666667,30,etf,239924.73856608075
UXJA,39.119998931884766,990.0,30,etf,38728.79894256592
UXJL,37.362998962402344,403.3333333333333,30,etf,15069.742914835611
UXOC,40.34299850463867,1010.0,30,etf,40746.42848968506
UXRP,16.18000030517578,162906.66666666666,30,etf,2635829.916381836
UYG,98.9800033569336,20090.0,30,etf,1988508.267440796
UYLD,50.994998931884766,175506.66666666666,30,etf,8949962.279205322
UYM,31.139999389648438,15733.333333333334,30,etf,489935.99039713544
VABS,24.1200008392334,1303.3333333333333,30,etf,31436.40109380086
VAIE,24.670000076293945,72536.66666666667,30,etf,1789479.5722007754
VALG,18.73900032043457,3526.6666666666665,30,etf,66086.20779673257
VALQ,72.55000305175781,5143.333333333333,30,etf,373148.849029541
VAMO,37.090999603271484,32413.333333333332,30,etf,1202242.933807373
VAVX,15.390999794006348,4716.666666666667,30,etf,72594.21569506328
VAW,235.4600067138672,39776.666666666664,30,etf,9365814.20038859
VB,300.010009765625,436636.6666666667,30,etf,130995370.63069662
VBCA,75.4800033569336,11810.0,30,etf,891418.8396453857
VBCB,75.31999969482422,29110.0,30,etf,2192565.191116333
VBCC,74.87000274658203,13236.666666666666,30,etf,991029.2696889241
VBCD,74.5,12493.333333333334,30,etf,930753.3333333334
VBCE,74.27999877929688,11143.333333333334,30,etf,827726.7863972982
VBCF,74.12000274658203,8433.333333333334,30,etf,625078.6898295085
VBCG,73.75,2970.0,30,etf,219037.5
VBCH,73.7699966430664,3113.3333333333335,30,etf,229670.58954874676
VBCI,73.4800033569336,1840.0,30,etf,135203.2061767578
VBCJ,73.27999877929688,6150.0,30,etf,450671.9924926758
VBIL,75.54000091552734,2639823.3333333335,30,etf,199412257.01683044
VBK,349.44000244140625,182256.66666666666,30,etf,63687770.04496256
VBNB,27.959999084472656,2946.6666666666665,30,etf,82388.7973022461
VBND,42.849998474121094,18370.0,30,etf,787154.4719696045
VBR,247.11000061035156,266256.6666666667,30,etf,65794685.06251018
VCEB,61.125,94746.66666666667,30,etf,5791390.0
VCIT,80.52999877929688,8799353.333333334,30,etf,708611913.1919353
VCLN,27.93600082397461,570.0,30,etf,15923.520469665527
VCLT,71.62000274658203,3885596.6666666665,30,etf,278286443.9387766
VCOB,48.65999984741211,2343.3333333333335,30,etf,114026.59964243571
VCR,387.3399963378906,45666.666666666664,30,etf,17688526.499430336
VCRB,75.5999984741211,622280.0,30,etf,47044367.050476074
VCRM,74.0,252940.0,30,etf,18717560.0
VCSH,78.18000030517578,4229906.666666667,30,etf,330694104.4908651
VDC,228.33999633789062,139563.33333333334,30,etf,31867891.022237144
VDE,180.5800018310547,449393.3333333333,30,etf,81151448.9561971
VDG,82.47000122070312,7043.333333333333,30,etf,580863.708597819
VDI,37.32899856567383,1313.3333333333333,30,etf,49025.418116251625
VDIG,63.29100036621094,9450.0,30,etf,598099.9534606934
VDV,80.26000213623047,8366.666666666666,30,etf,671508.6845397949
VEA,73.76000213623047,9380753.333333334,30,etf,691924385.9061178
VEFA,84.83000183105469,133.33333333333334,30,etf,11310.666910807293
VEGA,53.349998474121094,6056.666666666667,30,etf,323123.15742492676
VEGI,49.02000045776367,45850.0,30,etf,2247567.0209884644
VEGN,77.75499725341797,4423.333333333333,30,etf,343936.27118428546
VEM,28.65999984741211,793.3333333333334,30,etf,22736.933212280273
VEMY,28.545000076293945,20780.0,30,etf,593165.1015853882
VERS,70.64199829101562,406.6666666666667,30,etf,28727.745971679688
VETZ,19.309999465942383,5083.333333333333,30,etf,98159.16395187378
VEU,86.41000366210938,2467436.6666666665,30,etf,213211211.4026896
VFH,142.0500030517578,444120.0,30,etf,63087247.35534668
VFLO,55.290000915527344,2103776.6666666665,30,etf,116317813.82606505
VFMF,187.572998046875,51383.333333333336,30,etf,9638125.882975262
VFMO,229.8000030517578,62126.666666666664,30,etf,14276708.18959554
VFMV,144.8800048828125,13266.666666666666,30,etf,1922074.7314453125
VFQY,176.91799926757812,6386.666666666667,30,etf,1129916.288655599
VFVA,163.34100341796875,20820.0,30,etf,3400759.6911621094
VGHY,74.18000030517578,35926.666666666664,30,etf,2665040.1442972817
VGIT,57.93000030517578,5392476.666666667,30,etf,312386174.9456533
VGK,91.73999786376953,1896583.3333333333,30,etf,173992550.94846088
VGLT,52.779998779296875,2135810.0,30,etf,112728049.19281006
VGMS,50.689998626708984,42866.666666666664,30,etf,2172911.274464925
VGRO,25.33300018310547,666.6666666666666,30,etf,16888.666788736977
VGSH,57.91999816894531,5526250.0,30,etf,320080389.88113403
VGSR,11.248000144958496,166766.66666666666,30,etf,1875791.4908409119
VGT,121.2699966430664,3817106.6666666665,30,etf,462900512.65289307
VGUS,75.50499725341797,162430.0,30,etf,12264276.70387268
VGVT,73.8499984741211,2573.3333333333335,30,etf,190040.66274007162
VHT,321.6600036621094,209106.66666666666,30,etf,67261251.16577148
VIDI,41.59000015258789,10946.666666666666,30,etf,455271.8683369954
VIG,242.02000427246094,924856.6666666666,30,etf,223833814.41808063
VIGI,99.43199920654297,237893.33333333334,30,etf,23654209.731241863
VIOG,146.3800048828125,29386.666666666668,30,etf,4301620.41015625
VIOO,134.77999877929688,83410.0,30,etf,11241999.698181152
VIOV,118.12999725341797,36896.666666666664,30,etf,4358603.131993611
VIS,336.7099914550781,87316.66666666667,30,etf,29400394.08721924
VIXM,13.199999809265137,534466.6666666666,30,etf,7054959.898058573
VIXY,17.0,2370380.0,30,etf,40296460.0
VLU,249.24000549316406,8086.666666666667,30,etf,2015520.8444213867
VLUE,205.50999450683594,563950.0,30,etf,115897361.40213013
VMAX,65.65799713134766,476.6666666666667,30,etf,31296.97863260905
VMBS,45.91999816894531,1351320.0,30,etf,62052611.92565918
VMSB,49.10499954223633,11723.333333333334,30,etf,575674.2779668173
VNAM,25.479999542236328,9613.333333333334,30,etf,244947.72893269858
VNIE,25.094999313354492,180.0,30,etf,4517.099876403809
VNLA,48.79999923706055,411763.3333333333,30,etf,20094050.352516174
VNM,18.15999984741211,633196.6666666666,30,etf,11498851.370048523
VNQ,96.0199966430664,2904156.6666666665,30,etf,278857113.3842722
VNQI,45.27000045776367,260080.0,30,etf,11773821.719055176
VNSE,41.645999908447266,176.66666666666666,30,etf,7357.459983825684
VO,82.27999877929688,2373653.3333333335,30,etf,195304193.36914062
VOE,208.38999938964844,271970.0,30,etf,56675828.134002686
VOLT,36.13999938964844,266540.0,30,etf,9632755.437316895
VONE,348.69000244140625,75236.66666666667,30,etf,26234273.48368327
VONG,127.05000305175781,1034950.0,30,etf,131490400.65841675
VONV,113.01000213623047,607103.3333333334,30,etf,68608748.99691264
VOO,708.010009765625,6423563.333333333,30,etf,4547947138.363443
VOOG,84.5,1143350.0,30,etf,96613075.0
VOOV,228.6999969482422,68143.33333333333,30,etf,15584380.125376383
VOT,300.17999267578125,164890.0,30,etf,49496678.99230957
VOTE,90.80799865722656,23653.333333333332,30,etf,2147911.8615722656
VOX,188.92999267578125,248990.0,30,etf,47041678.87634277
VOXP,40.16400146484375,5623.333333333333,30,etf,225855.5682373047
VPC,15.725000381469727,10160.0,30,etf,159766.00387573242
VPL,118.41999816894531,359050.0,30,etf,42518700.342559814
VPLS,76.03500366210938,240173.33333333334,30,etf,18261580.279541016
VPU,186.35000610351562,265240.0,30,etf,49427475.618896484
VPX,31.34000015258789,15993.333333333334,30,etf,501231.06910705566
VRAI,28.780000686645508,1133.3333333333333,30,etf,32617.334111531574
VRC,19.1200008392334,793.3333333333334,30,etf,15168.533999125164
VRIG,25.075000762939453,422570.0,30,etf,10595943.072395325
VRP,24.170000076293945,539730.0,30,etf,13045274.141178131
VRTL,32.08000183105469,162906.66666666666,30,etf,5226046.164957682
VSDA,59.45199966430664,24556.666666666668,30,etf,1459942.9384231567
VSDB,75.61699676513672,79703.33333333333,30,etf,6026926.69883728
VSDM,75.83499908447266,158240.0,30,etf,12000130.255126953
VSGX,84.43000030517578,146926.66666666666,30,etf,12405018.511505127
VSHY,21.68000030517578,1116.6666666666667,30,etf,24209.333674112957
VSLU,49.06999969482422,18930.0,30,etf,928895.0942230225
VSMV,61.36899948120117,3736.6666666666665,30,etf,229315.49472808838
VSOL,13.65999984741211,39806.666666666664,30,etf,543759.0605926514
VSS,161.33999633789062,206083.33333333334,30,etf,33249484.245300293
VSTL,23.610000610351562,98590.0,30,etf,2327709.9601745605
VT,161.72999572753906,2452110.0,30,etf,396579739.8234558
VTC,74.7699966430664,63923.333333333336,30,etf,4779547.418746948
VTEB,48.880001068115234,8466970.0,30,etf,413865502.64369965
VTEC,97.27999877929688,414746.6666666667,30,etf,40346555.22705078
VTEI,97.99299621582031,112903.33333333333,30,etf,11063735.916086832
VTES,100.3499984741211,293456.6666666667,30,etf,29448376.052220665
VTG,73.875,45066.666666666664,30,etf,3329300.0
VTHR,340.1400146484375,20046.666666666668,30,etf,6818673.493652344
VTI,379.7300109863281,3036423.3333333335,30,etf,1153021065.7258098
VTIP,49.72999954223633,2487083.3333333335,30,etf,123682653.02817027
VTV,226.4600067138672,2611186.6666666665,30,etf,591329350.0644938
VTWG,275.6700134277344,20820.0,30,etf,5739449.67956543
VTWO,119.62000274658203,1203666.6666666667,30,etf,143982609.97263592
VTWV,198.17999267578125,32713.333333333332,30,etf,6483128.160400391
VUG,88.44999694824219,5662866.666666667,30,etf,500880539.3849691
VUS,30.552000045776367,1150.0,30,etf,35134.80005264282
VUSB,49.599998474121094,2325566.6666666665,30,etf,115348103.11813353
VUSE,73.13899993896484,10000.0,30,etf,731389.9993896484
VUSG,65.95999908447266,49110.0,30,etf,3239295.555038452
VUSI,50.130001068115234,220.0,30,etf,11028.600234985352
VUSV,71.81900024414062,16493.333333333332,30,etf,1184534.7106933594
VV,354.9700012207031,236293.33333333334,30,etf,83877044.82177734
VWO,61.439998626708984,6376990.0,30,etf,391802256.8425369
VWOB,65.66999816894531,463793.3333333333,30,etf,30457307.350769043
VXF,242.66000366210938,362563.3333333333,30,etf,87979619.79441324
VXUS,88.41000366210938,4896110.0,30,etf,432865103.03009033
VXX,17.719999313354492,7688600.0,30,etf,136241986.72065735
VXZ,46.61000061035156,22333.333333333332,30,etf,1040956.6802978516
VYLD,31.02400016784668,860.0,30,etf,26680.640144348145
VYM,164.22999572753906,1109620.0,30,etf,182232887.8591919
VYMI,107.02999877929688,805850.0,30,etf,86250124.51629639
WABF,24.385000228881836,4303.333333333333,30,etf,104936.78431828816
WAGN,16.239999771118164,112423.33333333333,30,etf,1825754.9076016743
WAMA,27.049999237060547,8710.0,30,etf,235605.49335479736
WANT,38.7400016784668,27470.0,30,etf,1064187.846107483
WAR,30.805999755859375,16276.666666666666,30,etf,501418.9893595377
WARP,20.290000915527344,38866.666666666664,30,etf,788604.7022501627
WBIF,36.95000076293945,2076.6666666666665,30,etf,76732.83491770425
WBIG,26.929000854492188,4746.666666666667,30,etf,127822.99072265626
WBIL,40.53799819946289,2073.3333333333335,30,etf,84048.78293355307
WBIY,38.558998107910156,6603.333333333333,30,etf,254617.91750590006
WCAP,9.3149995803833,7886.666666666667,30,etf,73464.29669062297
WCBR,39.893001556396484,71943.33333333333,30,etf,2870035.5086390176
WCEO,38.90999984741211,4636.666666666667,30,etf,180412.69929250082
WCLD,40.720001220703125,725713.3333333334,30,etf,29551047.819213867
WCME,19.367000579833984,7830.0,30,etf,151643.6145401001
WCMG,21.739999771118164,1836.6666666666667,30,etf,39929.1329129537
WCMI,19.940000534057617,914370.0,30,etf,18232538.288326263
WCPB,25.030000686645508,39943.333333333336,30,etf,999781.6607602438
WDAF,31.135000228881836,13563.333333333334,30,etf,422294.386437734
WDCC,14.069999694824219,21560.0,30,etf,303349.19342041016
WDCX,18.770000457763672,1952063.3333333333,30,etf,36640229.66025034
WDGF,31.155000686645508,653.3333333333334,30,etf,20354.6004486084
WDIV,85.61000061035156,7030.0,30,etf,601838.3042907715
WDTE,29.260000228881836,17806.666666666668,30,etf,521023.07074228924
WEAT,26.489999771118164,681540.0,30,etf,18053994.444007874
WEBL,29.360000610351562,143236.66666666666,30,etf,4205428.620758057
WEBS,14.220000267028809,60740.0,30,etf,863722.8162193298
WEBX,20.139999389648438,380.0,30,etf,7653.199768066406
WEED,22.672000885009766,16406.666666666668,30,etf,371971.9611867269
WEEI,25.035999298095703,43700.0,30,etf,1094073.1693267822
WEEK,100.06500244140625,40086.666666666664,30,etf,4011272.3978678384
WEEL,20.829999923706055,21240.0,30,etf,442429.1983795166
WELD,54.779998779296875,30763.333333333332,30,etf,1685215.3624471028
WEPN,43.40999984741211,2430.0,30,etf,105486.29962921143
WGMI,47.47999954223633,679840.0,30,etf,32278802.888793945
WIMA,44.15999984741211,1706.6666666666667,30,etf,75366.39973958334
WINN,33.630001068115234,97943.33333333333,30,etf,3293834.404614766
